Year,CNTY,Crop_Code,CSBACRES,Source_Window,Crop_Name
2008,Albany,12,63.28232156426526,2008-2015,Other (12)
2008,Allegany,12,185.06196402579528,2008-2015,Other (12)
2008,Cattaraugus,12,115.64605839397024,2008-2015,Other (12)
2008,Cayuga,12,4870.58502034086,2008-2015,Other (12)
2008,Chautauqua,12,9.829703019649532,2008-2015,Other (12)
2008,Clinton,12,9.604906417488769,2008-2015,Other (12)
2008,Columbia,12,29.247455194197748,2008-2015,Other (12)
2008,Cortland,12,45.483802138191926,2008-2015,Other (12)
2008,Dutchess,12,61.015231285003956,2008-2015,Other (12)
2008,Erie,12,243.77742547218088,2008-2015,Other (12)
2008,Essex,12,29.65217771277883,2008-2015,Other (12)
2008,Genesee,12,4437.60339954983,2008-2015,Other (12)
2008,Greene,12,93.58024955323336,2008-2015,Other (12)
2008,Herkimer,12,4.445617201251577,2008-2015,Other (12)
2008,Livingston,12,2889.264834885312,2008-2015,Other (12)
2008,Madison,12,7.999411428745236,2008-2015,Other (12)
2008,Monroe,12,3378.319292141332,2008-2015,Other (12)
2008,Niagara,12,163.78204019643587,2008-2015,Other (12)
2008,Oneida,12,12.469642143895674,2008-2015,Other (12)
2008,Onondaga,12,43.05925454015385,2008-2015,Other (12)
2008,Ontario,12,446.06102642701046,2008-2015,Other (12)
2008,Orange,12,96.20466389826119,2008-2015,Other (12)
2008,Orleans,12,3624.68523378163,2008-2015,Other (12)
2008,Oswego,12,6.724976071180314,2008-2015,Other (12)
2008,Rensselaer,12,11.298779831802086,2008-2015,Other (12)
2008,Saratoga,12,138.58309332456403,2008-2015,Other (12)
2008,Schenectady,12,12.04874622661423,2008-2015,Other (12)
2008,Schoharie,12,24.054444167162693,2008-2015,Other (12)
2008,Schuyler,12,2.8792797731863295,2008-2015,Other (12)
2008,Seneca,12,101.83817424717856,2008-2015,Other (12)
2008,Steuben,12,62.96539375875483,2008-2015,Other (12)
2008,Suffolk,12,15.432143894785238,2008-2015,Other (12)
2008,Tompkins,12,323.91468323979797,2008-2015,Other (12)
2008,Ulster,12,1600.2274152412651,2008-2015,Other (12)
2008,Warren,12,64.83609982568106,2008-2015,Other (12)
2008,Washington,12,48.86583755249364,2008-2015,Other (12)
2008,Wayne,12,41.77862903127392,2008-2015,Other (12)
2008,Wyoming,12,1237.3633133092253,2008-2015,Other (12)
2008,Yates,12,1897.9643319306902,2008-2015,Other (12)
2009,Albany,12,35.653919142738246,2008-2015,Other (12)
2009,Cayuga,12,4574.089388581408,2008-2015,Other (12)
2009,Chautauqua,12,27.333421000966958,2008-2015,Other (12)
2009,Chemung,12,63.02777356679125,2008-2015,Other (12)
2009,Columbia,12,62.85022800591074,2008-2015,Other (12)
2009,Cortland,12,13.288547205347127,2008-2015,Other (12)
2009,Dutchess,12,185.62991694225295,2008-2015,Other (12)
2009,Erie,12,291.33571910194564,2008-2015,Other (12)
2009,Genesee,12,3137.2879731774146,2008-2015,Other (12)
2009,Greene,12,78.2408683409088,2008-2015,Other (12)
2009,Lewis,12,2.9915950539993217,2008-2015,Other (12)
2009,Livingston,12,2350.5636498125814,2008-2015,Other (12)
2009,Madison,12,33.855101326710944,2008-2015,Other (12)
2009,Monroe,12,3266.377694851915,2008-2015,Other (12)
2009,Niagara,12,344.8734852629108,2008-2015,Other (12)
2009,Onondaga,12,122.53720137309038,2008-2015,Other (12)
2009,Ontario,12,742.9015197197259,2008-2015,Other (12)
2009,Orange,12,16.31446200302707,2008-2015,Other (12)
2009,Orleans,12,3639.3211353896545,2008-2015,Other (12)
2009,Oswego,12,3.194742804295309,2008-2015,Other (12)
2009,Rensselaer,12,22.201199536567287,2008-2015,Other (12)
2009,Saratoga,12,12.232352220500651,2008-2015,Other (12)
2009,Seneca,12,57.46324553385674,2008-2015,Other (12)
2009,Suffolk,12,180.83041547840674,2008-2015,Other (12)
2009,Tioga,12,20.99343545153514,2008-2015,Other (12)
2009,Tompkins,12,206.70664094143606,2008-2015,Other (12)
2009,Ulster,12,2333.3585967345352,2008-2015,Other (12)
2009,Washington,12,4.31186404445716,2008-2015,Other (12)
2009,Wayne,12,28.95040594294022,2008-2015,Other (12)
2009,Wyoming,12,219.2092482749263,2008-2015,Other (12)
2009,Yates,12,1391.0074155932389,2008-2015,Other (12)
2010,Albany,12,61.13513861762707,2008-2015,Other (12)
2010,Allegany,12,131.20695716556546,2008-2015,Other (12)
2010,Cattaraugus,12,38.102535750772056,2008-2015,Other (12)
2010,Cayuga,12,3554.55133556435,2008-2015,Other (12)
2010,Chautauqua,12,7.612353039281961,2008-2015,Other (12)
2010,Chemung,12,8.398828825939813,2008-2015,Other (12)
2010,Chenango,12,4.447973765785383,2008-2015,Other (12)
2010,Clinton,12,15.103604004084556,2008-2015,Other (12)
2010,Columbia,12,16.20537169810602,2008-2015,Other (12)
2010,Cortland,12,38.44877735425856,2008-2015,Other (12)
2010,Dutchess,12,35.19981064947395,2008-2015,Other (12)
2010,Erie,12,66.99075747313907,2008-2015,Other (12)
2010,Essex,12,168.16742354172507,2008-2015,Other (12)
2010,Genesee,12,1956.8078038714953,2008-2015,Other (12)
2010,Greene,12,90.70144158018901,2008-2015,Other (12)
2010,Jefferson,12,10.573983143097681,2008-2015,Other (12)
2010,Livingston,12,957.7910328387926,2008-2015,Other (12)
2010,Madison,12,12.266368590689769,2008-2015,Other (12)
2010,Monroe,12,2374.1203626926613,2008-2015,Other (12)
2010,Niagara,12,4.310833958552477,2008-2015,Other (12)
2010,Oneida,12,3.147469064476939,2008-2015,Other (12)
2010,Onondaga,12,161.27744410630027,2008-2015,Other (12)
2010,Ontario,12,556.1366217894569,2008-2015,Other (12)
2010,Orange,12,46.11904449188835,2008-2015,Other (12)
2010,Orleans,12,1649.9073951143148,2008-2015,Other (12)
2010,Oswego,12,26.23622645181124,2008-2015,Other (12)
2010,Otsego,12,3.0349918410745715,2008-2015,Other (12)
2010,Rensselaer,12,85.96476622247022,2008-2015,Other (12)
2010,Saratoga,12,43.38739423343889,2008-2015,Other (12)
2010,Schenectady,12,28.66356078236508,2008-2015,Other (12)
2010,Seneca,12,38.24428730613478,2008-2015,Other (12)
2010,Steuben,12,24.336099153519278,2008-2015,Other (12)
2010,Suffolk,12,408.66093258471386,2008-2015,Other (12)
2010,Tioga,12,14.995473749412088,2008-2015,Other (12)
2010,Tompkins,12,400.28114994619153,2008-2015,Other (12)
2010,Ulster,12,2362.0281448587275,2008-2015,Other (12)
2010,Warren,12,3.6970597150727658,2008-2015,Other (12)
2010,Washington,12,37.22011990532195,2008-2015,Other (12)
2010,Wayne,12,23.065481710855174,2008-2015,Other (12)
2010,Wyoming,12,348.3971925161486,2008-2015,Other (12)
2010,Yates,12,836.6798395791747,2008-2015,Other (12)
2011,Albany,12,18.088460103802806,2008-2015,Other (12)
2011,Cayuga,12,2937.9788248344694,2008-2015,Other (12)
2011,Chemung,12,19.920263361456065,2008-2015,Other (12)
2011,Chenango,12,16.810481571762928,2008-2015,Other (12)
2011,Clinton,12,9.562416714448242,2008-2015,Other (12)
2011,Columbia,12,64.7829338623469,2008-2015,Other (12)
2011,Cortland,12,12.753777004679971,2008-2015,Other (12)
2011,Dutchess,12,164.74963067144222,2008-2015,Other (12)
2011,Erie,12,47.77865165483628,2008-2015,Other (12)
2011,Genesee,12,1151.4728514218803,2008-2015,Other (12)
2011,Greene,12,282.0555451186072,2008-2015,Other (12)
2011,Livingston,12,314.1629654713458,2008-2015,Other (12)
2011,Monroe,12,1462.567877034103,2008-2015,Other (12)
2011,Montgomery,12,3.6994111179406075,2008-2015,Other (12)
2011,Oneida,12,37.90948515610672,2008-2015,Other (12)
2011,Ontario,12,280.46722118521154,2008-2015,Other (12)
2011,Orleans,12,872.2331705851145,2008-2015,Other (12)
2011,Rensselaer,12,50.973047530629216,2008-2015,Other (12)
2011,Saratoga,12,20.196456393479803,2008-2015,Other (12)
2011,Schuyler,12,6.087288036938631,2008-2015,Other (12)
2011,Seneca,12,140.89843468441492,2008-2015,Other (12)
2011,Suffolk,12,123.20843777865505,2008-2015,Other (12)
2011,Tioga,12,6.023398203722217,2008-2015,Other (12)
2011,Tompkins,12,248.6992365381275,2008-2015,Other (12)
2011,Ulster,12,2488.809735944072,2008-2015,Other (12)
2011,Washington,12,29.87798852793148,2008-2015,Other (12)
2011,Yates,12,358.48570494463536,2008-2015,Other (12)
2012,Albany,12,11.085280370074749,2008-2015,Other (12)
2012,Allegany,12,23.09968541064168,2008-2015,Other (12)
2012,Cattaraugus,12,3.489762947459988,2008-2015,Other (12)
2012,Cayuga,12,2807.4113547255765,2008-2015,Other (12)
2012,Clinton,12,3.9428987616755196,2008-2015,Other (12)
2012,Columbia,12,31.4558861672436,2008-2015,Other (12)
2012,Cortland,12,12.554625375278516,2008-2015,Other (12)
2012,Dutchess,12,148.3069923916508,2008-2015,Other (12)
2012,Erie,12,12.812049363511214,2008-2015,Other (12)
2012,Fulton,12,3.628277168895482,2008-2015,Other (12)
2012,Genesee,12,1962.6869775656885,2008-2015,Other (12)
2012,Greene,12,22.510334986354444,2008-2015,Other (12)
2012,Jefferson,12,3.749352087143166,2008-2015,Other (12)
2012,Lewis,12,3.4013258018172583,2008-2015,Other (12)
2012,Livingston,12,253.79522192150958,2008-2015,Other (12)
2012,Madison,12,32.44762017067047,2008-2015,Other (12)
2012,Monroe,12,1789.1936753083196,2008-2015,Other (12)
2012,Montgomery,12,13.221601576704483,2008-2015,Other (12)
2012,Onondaga,12,139.52144881852504,2008-2015,Other (12)
2012,Ontario,12,83.96695610599886,2008-2015,Other (12)
2012,Orange,12,43.43775382277814,2008-2015,Other (12)
2012,Orleans,12,954.2001620196907,2008-2015,Other (12)
2012,Oswego,12,15.64001464214328,2008-2015,Other (12)
2012,Putnam,12,5.087416313916385,2008-2015,Other (12)
2012,Rensselaer,12,10.282189858252577,2008-2015,Other (12)
2012,Saratoga,12,37.22399407635702,2008-2015,Other (12)
2012,Schoharie,12,23.722557476086592,2008-2015,Other (12)
2012,Schuyler,12,3.13517091603693,2008-2015,Other (12)
2012,Seneca,12,62.280154818435896,2008-2015,Other (12)
2012,Suffolk,12,288.456991107407,2008-2015,Other (12)
2012,Tioga,12,2.3888233542773007,2008-2015,Other (12)
2012,Tompkins,12,221.79606607400413,2008-2015,Other (12)
2012,Ulster,12,2143.2960275073965,2008-2015,Other (12)
2012,Washington,12,51.186983466362356,2008-2015,Other (12)
2012,Wayne,12,110.38419486250153,2008-2015,Other (12)
2012,Wyoming,12,226.3585334244177,2008-2015,Other (12)
2012,Yates,12,420.61276527419983,2008-2015,Other (12)
2013,Albany,12,4.787631333541583,2008-2015,Other (12)
2013,Allegany,12,102.67857347915613,2008-2015,Other (12)
2013,Cattaraugus,12,27.39366020909164,2008-2015,Other (12)
2013,Cayuga,12,1572.5091115942241,2008-2015,Other (12)
2013,Chautauqua,12,2.3810200556149783,2008-2015,Other (12)
2013,Columbia,12,2.377978093676366,2008-2015,Other (12)
2013,Cortland,12,9.015429973450885,2008-2015,Other (12)
2013,Dutchess,12,87.54614792771554,2008-2015,Other (12)
2013,Erie,12,116.62851212880669,2008-2015,Other (12)
2013,Genesee,12,2436.9757097525226,2008-2015,Other (12)
2013,Livingston,12,330.61118309249696,2008-2015,Other (12)
2013,Monroe,12,1995.8767916540176,2008-2015,Other (12)
2013,Montgomery,12,3.68490647575395,2008-2015,Other (12)
2013,Niagara,12,8.26281427721126,2008-2015,Other (12)
2013,Oneida,12,4.021930312866555,2008-2015,Other (12)
2013,Onondaga,12,110.09136161217747,2008-2015,Other (12)
2013,Ontario,12,137.25518166567463,2008-2015,Other (12)
2013,Orange,12,262.97264611536417,2008-2015,Other (12)
2013,Orleans,12,590.0462903928252,2008-2015,Other (12)
2013,Oswego,12,10.934203354602074,2008-2015,Other (12)
2013,Rensselaer,12,6.0771328987537725,2008-2015,Other (12)
2013,Saratoga,12,2.733797479233706,2008-2015,Other (12)
2013,Seneca,12,2.5431724353633864,2008-2015,Other (12)
2013,Steuben,12,3.4487723727935142,2008-2015,Other (12)
2013,Suffolk,12,803.085459822752,2008-2015,Other (12)
2013,Tompkins,12,113.31637052213686,2008-2015,Other (12)
2013,Ulster,12,1569.3598672999487,2008-2015,Other (12)
2013,Washington,12,22.14544251742182,2008-2015,Other (12)
2013,Wayne,12,35.94564629736086,2008-2015,Other (12)
2013,Wyoming,12,97.34766622734041,2008-2015,Other (12)
2013,Yates,12,742.4655469386288,2008-2015,Other (12)
2014,Albany,12,3.585154181916464,2008-2015,Other (12)
2014,Allegany,12,224.11313972698352,2008-2015,Other (12)
2014,Cayuga,12,1545.0944367399798,2008-2015,Other (12)
2014,Columbia,12,142.94820442092515,2008-2015,Other (12)
2014,Cortland,12,29.97045511552578,2008-2015,Other (12)
2014,Delaware,12,32.40492097861319,2008-2015,Other (12)
2014,Dutchess,12,142.67186046974285,2008-2015,Other (12)
2014,Erie,12,132.26631037421612,2008-2015,Other (12)
2014,Genesee,12,2358.010713484965,2008-2015,Other (12)
2014,Livingston,12,95.8747579224493,2008-2015,Other (12)
2014,Monroe,12,1520.377198612908,2008-2015,Other (12)
2014,Niagara,12,4.310833958552477,2008-2015,Other (12)
2014,Oneida,12,34.63577371377711,2008-2015,Other (12)
2014,Onondaga,12,185.07227906889352,2008-2015,Other (12)
2014,Ontario,12,147.03021725402226,2008-2015,Other (12)
2014,Orange,12,78.31911949390353,2008-2015,Other (12)
2014,Orleans,12,123.25136956737987,2008-2015,Other (12)
2014,Oswego,12,3.610571691442219,2008-2015,Other (12)
2014,Otsego,12,6.690722722831694,2008-2015,Other (12)
2014,Rensselaer,12,11.347782698872692,2008-2015,Other (12)
2014,Saratoga,12,9.9935629924062,2008-2015,Other (12)
2014,Schenectady,12,4.028088980586088,2008-2015,Other (12)
2014,Schoharie,12,74.04560812207382,2008-2015,Other (12)
2014,Seneca,12,16.55415802084182,2008-2015,Other (12)
2014,Suffolk,12,72.5996222136585,2008-2015,Other (12)
2014,Tompkins,12,200.2240871645588,2008-2015,Other (12)
2014,Ulster,12,92.77973443365521,2008-2015,Other (12)
2014,Washington,12,64.23990579957069,2008-2015,Other (12)
2014,Wyoming,12,300.1043086914604,2008-2015,Other (12)
2014,Yates,12,629.15618461513,2008-2015,Other (12)
2015,Allegany,12,69.23922600316186,2008-2015,Other (12)
2015,Cattaraugus,12,11.584730200654674,2008-2015,Other (12)
2015,Cayuga,12,1548.2624842247455,2008-2015,Other (12)
2015,Chautauqua,12,2.970024779873152,2008-2015,Other (12)
2015,Chemung,12,13.922782719554307,2008-2015,Other (12)
2015,Columbia,12,117.9126134660739,2008-2015,Other (12)
2015,Cortland,12,13.79297156146755,2008-2015,Other (12)
2015,Dutchess,12,77.42411448188673,2008-2015,Other (12)
2015,Erie,12,43.48347226130103,2008-2015,Other (12)
2015,Genesee,12,2388.5089800146784,2008-2015,Other (12)
2015,Greene,12,18.115127815206595,2008-2015,Other (12)
2015,Herkimer,12,4.28903449049702,2008-2015,Other (12)
2015,Livingston,12,230.42996979626045,2008-2015,Other (12)
2015,Monroe,12,2226.534987515611,2008-2015,Other (12)
2015,Montgomery,12,4.014072633353884,2008-2015,Other (12)
2015,Niagara,12,72.65581088231735,2008-2015,Other (12)
2015,Oneida,12,30.654069449432072,2008-2015,Other (12)
2015,Onondaga,12,36.73930768584536,2008-2015,Other (12)
2015,Ontario,12,75.89958096914738,2008-2015,Other (12)
2015,Orange,12,3.595439421033838,2008-2015,Other (12)
2015,Orleans,12,1142.0734079122515,2008-2015,Other (12)
2015,Rensselaer,12,3.966114947917945,2008-2015,Other (12)
2015,Schoharie,12,9.519241202930694,2008-2015,Other (12)
2015,Schuyler,12,3.4525385843421024,2008-2015,Other (12)
2015,Seneca,12,3.188830926018237,2008-2015,Other (12)
2015,Steuben,12,4.105428545618583,2008-2015,Other (12)
2015,Suffolk,12,14.920548563186747,2008-2015,Other (12)
2015,Tioga,12,12.323747896031698,2008-2015,Other (12)
2015,Tompkins,12,108.9625365927724,2008-2015,Other (12)
2015,Ulster,12,135.71746361746415,2008-2015,Other (12)
2015,Wyoming,12,291.75749143811225,2008-2015,Other (12)
2015,Yates,12,421.25341606879266,2008-2015,Other (12)
2016,Albany,12,2.546930917101069,2016-Bridge,Other (12)
2016,Allegany,12,75.98687197715205,2016-Bridge,Other (12)
2016,Cattaraugus,12,6.6244667560766635,2016-Bridge,Other (12)
2016,Cayuga,12,1872.1106621332249,2016-Bridge,Other (12)
2016,Chemung,12,14.603548995174025,2016-Bridge,Other (12)
2016,Chenango,12,6.915877849111426,2016-Bridge,Other (12)
2016,Clinton,12,23.590474434723603,2016-Bridge,Other (12)
2016,Columbia,12,89.81309015676797,2016-Bridge,Other (12)
2016,Cortland,12,13.42844842435313,2016-Bridge,Other (12)
2016,Dutchess,12,15.793329702665707,2016-Bridge,Other (12)
2016,Erie,12,133.2703193767016,2016-Bridge,Other (12)
2016,Essex,12,8.768931488421316,2016-Bridge,Other (12)
2016,Fulton,12,8.413391130179715,2016-Bridge,Other (12)
2016,Genesee,12,2389.2139067895873,2016-Bridge,Other (12)
2016,Greene,12,2.7743494830355693,2016-Bridge,Other (12)
2016,Herkimer,12,4.832307700504927,2016-Bridge,Other (12)
2016,Livingston,12,488.9514804172529,2016-Bridge,Other (12)
2016,Monroe,12,2407.0590060017144,2016-Bridge,Other (12)
2016,Montgomery,12,9.386154787846982,2016-Bridge,Other (12)
2016,Niagara,12,147.13582538472886,2016-Bridge,Other (12)
2016,Onondaga,12,51.7405653493111,2016-Bridge,Other (12)
2016,Ontario,12,151.52041072845395,2016-Bridge,Other (12)
2016,Orange,12,146.2744990748333,2016-Bridge,Other (12)
2016,Orleans,12,733.2251263451619,2016-Bridge,Other (12)
2016,Rensselaer,12,48.85012272459711,2016-Bridge,Other (12)
2016,Schoharie,12,24.821663315512836,2016-Bridge,Other (12)
2016,Schuyler,12,31.506830812339338,2016-Bridge,Other (12)
2016,Seneca,12,15.02446366058094,2016-Bridge,Other (12)
2016,St. Lawrence,12,14.770236752552439,2016-Bridge,Other (12)
2016,Steuben,12,30.30661446468502,2016-Bridge,Other (12)
2016,Suffolk,12,123.38662272073967,2016-Bridge,Other (12)
2016,Tompkins,12,53.324451187232675,2016-Bridge,Other (12)
2016,Ulster,12,23.958093206161738,2016-Bridge,Other (12)
2016,Wayne,12,25.524724272410513,2016-Bridge,Other (12)
2016,Wyoming,12,429.31061970088797,2016-Bridge,Other (12)
2016,Yates,12,607.596901684341,2016-Bridge,Other (12)
2019,Albany,12,3.24384362635968,2017-2024,Other (12)
2019,Cayuga,12,1555.6437790732994,2017-2024,Other (12)
2019,Chemung,12,19.828040295024067,2017-2024,Other (12)
2019,Clinton,12,2.82570263793936,2017-2024,Other (12)
2019,Columbia,12,66.27265091773894,2017-2024,Other (12)
2019,Delaware,12,15.133378970289389,2017-2024,Other (12)
2019,Dutchess,12,107.65901799533344,2017-2024,Other (12)
2019,Erie,12,115.54048757561105,2017-2024,Other (12)
2019,Genesee,12,2865.2165098170144,2017-2024,Other (12)
2019,Greene,12,104.04175988421764,2017-2024,Other (12)
2019,Jefferson,12,3.39601742391985,2017-2024,Other (12)
2019,Livingston,12,483.8650536433843,2017-2024,Other (12)
2019,Madison,12,3.11941029941988,2017-2024,Other (12)
2019,Monroe,12,2118.99910719376,2017-2024,Other (12)
2019,Niagara,12,75.93666114312944,2017-2024,Other (12)
2019,Onondaga,12,27.21662386210584,2017-2024,Other (12)
2019,Ontario,12,107.15503125043777,2017-2024,Other (12)
2019,Orange,12,37.36867045987889,2017-2024,Other (12)
2019,Orleans,12,921.3279673601648,2017-2024,Other (12)
2019,Oswego,12,13.83861690300383,2017-2024,Other (12)
2019,Rensselaer,12,131.9648670531357,2017-2024,Other (12)
2019,Suffolk,12,52.029535805595515,2017-2024,Other (12)
2019,Sullivan,12,2.74912353546997,2017-2024,Other (12)
2019,Tioga,12,35.272323911526534,2017-2024,Other (12)
2019,Tompkins,12,26.155402371233052,2017-2024,Other (12)
2019,Ulster,12,50.19165073664843,2017-2024,Other (12)
2019,Washington,12,68.6060905660494,2017-2024,Other (12)
2019,Wayne,12,15.37455395457975,2017-2024,Other (12)
2019,Wyoming,12,764.6730942949225,2017-2024,Other (12)
2019,Yates,12,550.0929413064082,2017-2024,Other (12)
2020,Cayuga,12,1637.7893474855798,2017-2024,Other (12)
2020,Chemung,12,16.830426003552798,2017-2024,Other (12)
2020,Columbia,12,7.49262391539325,2017-2024,Other (12)
2020,Erie,12,30.874428038646162,2017-2024,Other (12)
2020,Genesee,12,2802.345410326492,2017-2024,Other (12)
2020,Herkimer,12,26.3494030049435,2017-2024,Other (12)
2020,Livingston,12,624.4607636591153,2017-2024,Other (12)
2020,Madison,12,6.39474471444788,2017-2024,Other (12)
2020,Monroe,12,2118.5533626072033,2017-2024,Other (12)
2020,Niagara,12,111.09704147614362,2017-2024,Other (12)
2020,Onondaga,12,40.58274256225561,2017-2024,Other (12)
2020,Ontario,12,248.61643404310422,2017-2024,Other (12)
2020,Orange,12,56.71954408978217,2017-2024,Other (12)
2020,Orleans,12,925.3221359118156,2017-2024,Other (12)
2020,Oswego,12,2.77129497463773,2017-2024,Other (12)
2020,Rensselaer,12,126.00394246329125,2017-2024,Other (12)
2020,Schuyler,12,3.34270449161764,2017-2024,Other (12)
2020,Suffolk,12,897.9023543279576,2017-2024,Other (12)
2020,Sullivan,12,3.36358247702235,2017-2024,Other (12)
2020,Tioga,12,31.340277500427252,2017-2024,Other (12)
2020,Tompkins,12,212.28561330369004,2017-2024,Other (12)
2020,Ulster,12,18.6171735339698,2017-2024,Other (12)
2020,Washington,12,25.65275258020295,2017-2024,Other (12)
2020,Wyoming,12,617.1991671322033,2017-2024,Other (12)
2020,Yates,12,509.1918307466178,2017-2024,Other (12)
2021,Cayuga,12,1782.8797398917345,2017-2024,Other (12)
2021,Chemung,12,9.029431289746999,2017-2024,Other (12)
2021,Chenango,12,3.65804620662479,2017-2024,Other (12)
2021,Delaware,12,3.95191603412079,2017-2024,Other (12)
2021,Dutchess,12,14.730335838691278,2017-2024,Other (12)
2021,Erie,12,42.921738795801744,2017-2024,Other (12)
2021,Genesee,12,2898.4223048372783,2017-2024,Other (12)
2021,Herkimer,12,5.1038749012864,2017-2024,Other (12)
2021,Livingston,12,494.1747457766021,2017-2024,Other (12)
2021,Monroe,12,2184.5322373946215,2017-2024,Other (12)
2021,Niagara,12,249.9219852729858,2017-2024,Other (12)
2021,Onondaga,12,21.976102145429522,2017-2024,Other (12)
2021,Ontario,12,114.05130308630494,2017-2024,Other (12)
2021,Orange,12,24.00695854957909,2017-2024,Other (12)
2021,Orleans,12,1149.3731591457463,2017-2024,Other (12)
2021,Oswego,12,2.77129497463773,2017-2024,Other (12)
2021,Rensselaer,12,67.76341876521934,2017-2024,Other (12)
2021,Schuyler,12,3.34270449161764,2017-2024,Other (12)
2021,Seneca,12,5.9536318415175,2017-2024,Other (12)
2021,Suffolk,12,29.95371958679711,2017-2024,Other (12)
2021,Tioga,12,7.56488987614731,2017-2024,Other (12)
2021,Tompkins,12,131.11201037546786,2017-2024,Other (12)
2021,Ulster,12,651.7757726337549,2017-2024,Other (12)
2021,Washington,12,51.035514253758,2017-2024,Other (12)
2021,Wayne,12,35.82135884019305,2017-2024,Other (12)
2021,Wyoming,12,610.3366933067618,2017-2024,Other (12)
2021,Yates,12,358.8625426862318,2017-2024,Other (12)
2022,Cayuga,12,1886.7097515667967,2017-2024,Other (12)
2022,Chemung,12,9.029431289746999,2017-2024,Other (12)
2022,Dutchess,12,14.730335838691278,2017-2024,Other (12)
2022,Erie,12,26.6868378774355,2017-2024,Other (12)
2022,Fulton,12,6.89548883724113,2017-2024,Other (12)
2022,Genesee,12,2589.0722683115855,2017-2024,Other (12)
2022,Greene,12,3.83379056316684,2017-2024,Other (12)
2022,Livingston,12,430.2883622183607,2017-2024,Other (12)
2022,Monroe,12,1963.8939014426205,2017-2024,Other (12)
2022,Niagara,12,132.6782572115773,2017-2024,Other (12)
2022,Onondaga,12,53.689333858540984,2017-2024,Other (12)
2022,Ontario,12,97.44370742099173,2017-2024,Other (12)
2022,Orange,12,17.50111521267279,2017-2024,Other (12)
2022,Orleans,12,1184.1693948088612,2017-2024,Other (12)
2022,Oswego,12,2.77129497463773,2017-2024,Other (12)
2022,Rensselaer,12,29.21453329995663,2017-2024,Other (12)
2022,Schuyler,12,6.88804264087065,2017-2024,Other (12)
2022,Steuben,12,18.7235175414481,2017-2024,Other (12)
2022,Suffolk,12,85.34243746550187,2017-2024,Other (12)
2022,Tompkins,12,9.43651452340735,2017-2024,Other (12)
2022,Ulster,12,263.4309026472108,2017-2024,Other (12)
2022,Washington,12,21.9358097527709,2017-2024,Other (12)
2022,Wayne,12,6.772359826885809,2017-2024,Other (12)
2022,Wyoming,12,691.933379422125,2017-2024,Other (12)
2022,Yates,12,750.3869170422407,2017-2024,Other (12)
2023,Cattaraugus,12,4.28160603945214,2017-2024,Other (12)
2023,Cayuga,12,1408.541234855974,2017-2024,Other (12)
2023,Chemung,12,6.05014373840616,2017-2024,Other (12)
2023,Cortland,12,14.8982038749666,2017-2024,Other (12)
2023,Dutchess,12,47.744904956038184,2017-2024,Other (12)
2023,Erie,12,199.23818107501043,2017-2024,Other (12)
2023,Genesee,12,2592.1924358347596,2017-2024,Other (12)
2023,Livingston,12,730.2783992790445,2017-2024,Other (12)
2023,Monroe,12,1786.6133430385437,2017-2024,Other (12)
2023,Niagara,12,319.15837888042705,2017-2024,Other (12)
2023,Oneida,12,8.71191869062436,2017-2024,Other (12)
2023,Onondaga,12,16.90909743437415,2017-2024,Other (12)
2023,Ontario,12,132.12713339643744,2017-2024,Other (12)
2023,Orange,12,15.23942682582151,2017-2024,Other (12)
2023,Orleans,12,1743.075303597311,2017-2024,Other (12)
2023,Putnam,12,2.55027793403564,2017-2024,Other (12)
2023,Rensselaer,12,57.93962904883681,2017-2024,Other (12)
2023,Steuben,12,3.16935754349739,2017-2024,Other (12)
2023,Suffolk,12,38.84269149358517,2017-2024,Other (12)
2023,Tioga,12,7.60850152890875,2017-2024,Other (12)
2023,Tompkins,12,48.698324673263755,2017-2024,Other (12)
2023,Ulster,12,15.637442933064879,2017-2024,Other (12)
2023,Wayne,12,3.511917427293,2017-2024,Other (12)
2023,Wyoming,12,680.1132338783051,2017-2024,Other (12)
2023,Yates,12,503.50178757111223,2017-2024,Other (12)
2024,Albany,12,37.87724427418597,2017-2024,Other (12)
2024,Cayuga,12,1678.4737626731562,2017-2024,Other (12)
2024,Chautauqua,12,7.823878005790199,2017-2024,Other (12)
2024,Chenango,12,3.49595953877606,2017-2024,Other (12)
2024,Clinton,12,9.94457751858722,2017-2024,Other (12)
2024,Cortland,12,35.46149173065535,2017-2024,Other (12)
2024,Dutchess,12,73.33362787180334,2017-2024,Other (12)
2024,Erie,12,10.72520566335557,2017-2024,Other (12)
2024,Franklin,12,37.70564778401661,2017-2024,Other (12)
2024,Fulton,12,20.66044051466745,2017-2024,Other (12)
2024,Genesee,12,1839.714621073467,2017-2024,Other (12)
2024,Greene,12,35.8974833772999,2017-2024,Other (12)
2024,Herkimer,12,9.931781097434332,2017-2024,Other (12)
2024,Jefferson,12,4.34055703907029,2017-2024,Other (12)
2024,Livingston,12,485.8340802470464,2017-2024,Other (12)
2024,Madison,12,77.60362195299668,2017-2024,Other (12)
2024,Monroe,12,1864.1960018136012,2017-2024,Other (12)
2024,Montgomery,12,114.03762705307832,2017-2024,Other (12)
2024,Niagara,12,782.5043233823695,2017-2024,Other (12)
2024,Oneida,12,135.07727857005372,2017-2024,Other (12)
2024,Onondaga,12,81.81705664797587,2017-2024,Other (12)
2024,Ontario,12,184.88700500263369,2017-2024,Other (12)
2024,Orange,12,162.297014908186,2017-2024,Other (12)
2024,Orleans,12,1012.6532181537283,2017-2024,Other (12)
2024,Oswego,12,39.45290230452108,2017-2024,Other (12)
2024,Otsego,12,13.2511001828779,2017-2024,Other (12)
2024,Rensselaer,12,166.8730723367801,2017-2024,Other (12)
2024,Saratoga,12,25.8534963382316,2017-2024,Other (12)
2024,Schenectady,12,23.36945404229414,2017-2024,Other (12)
2024,Seneca,12,34.156250395440594,2017-2024,Other (12)
2024,Steuben,12,4.55905955288356,2017-2024,Other (12)
2024,Suffolk,12,405.61343448228615,2017-2024,Other (12)
2024,Tompkins,12,32.31427443350979,2017-2024,Other (12)
2024,Ulster,12,29.00727534732728,2017-2024,Other (12)
2024,Washington,12,12.33151018916778,2017-2024,Other (12)
2024,Wayne,12,891.9116718199476,2017-2024,Other (12)
2024,Wyoming,12,321.0877720421699,2017-2024,Other (12)
2024,Yates,12,645.9339238158425,2017-2024,Other (12)
2008,Albany,27,4.031668980544379,2008-2015,Other (27)
2008,Allegany,27,34.745302273687805,2008-2015,Other (27)
2008,Broome,27,13.531228205402742,2008-2015,Other (27)
2008,Cattaraugus,27,40.635509386641154,2008-2015,Other (27)
2008,Cayuga,27,244.81348195147163,2008-2015,Other (27)
2008,Chautauqua,27,59.083894541398934,2008-2015,Other (27)
2008,Chemung,27,58.52321633042679,2008-2015,Other (27)
2008,Chenango,27,5.990922991538107,2008-2015,Other (27)
2008,Columbia,27,20.108551961522114,2008-2015,Other (27)
2008,Cortland,27,22.981253559476986,2008-2015,Other (27)
2008,Delaware,27,3.533535276145439,2008-2015,Other (27)
2008,Dutchess,27,47.88598774170889,2008-2015,Other (27)
2008,Erie,27,112.14430302220383,2008-2015,Other (27)
2008,Essex,27,38.11684747808989,2008-2015,Other (27)
2008,Franklin,27,76.66577025990966,2008-2015,Other (27)
2008,Genesee,27,314.0426023916594,2008-2015,Other (27)
2008,Greene,27,7.5556416614298865,2008-2015,Other (27)
2008,Herkimer,27,3.1693316376217084,2008-2015,Other (27)
2008,Jefferson,27,62.88166677013537,2008-2015,Other (27)
2008,Livingston,27,177.76802727787592,2008-2015,Other (27)
2008,Madison,27,3.986479052695122,2008-2015,Other (27)
2008,Monroe,27,31.569694219704644,2008-2015,Other (27)
2008,Montgomery,27,5.594907811702916,2008-2015,Other (27)
2008,Niagara,27,43.74082281848893,2008-2015,Other (27)
2008,Oneida,27,4.548336289066837,2008-2015,Other (27)
2008,Onondaga,27,106.22543526514453,2008-2015,Other (27)
2008,Ontario,27,160.95057737030106,2008-2015,Other (27)
2008,Orange,27,16.843580134013937,2008-2015,Other (27)
2008,Orleans,27,56.21482309914376,2008-2015,Other (27)
2008,Otsego,27,23.363432506988797,2008-2015,Other (27)
2008,Rensselaer,27,28.78303694943682,2008-2015,Other (27)
2008,Saratoga,27,11.474292306113453,2008-2015,Other (27)
2008,Schuyler,27,33.06710251913809,2008-2015,Other (27)
2008,Seneca,27,180.4436975183154,2008-2015,Other (27)
2008,St. Lawrence,27,4.80635238728864,2008-2015,Other (27)
2008,Steuben,27,165.2781051525096,2008-2015,Other (27)
2008,Suffolk,27,525.5535930084245,2008-2015,Other (27)
2008,Tompkins,27,89.13377764741884,2008-2015,Other (27)
2008,Ulster,27,17.183286284821385,2008-2015,Other (27)
2008,Warren,27,3.178579834502844,2008-2015,Other (27)
2008,Washington,27,174.92956613947146,2008-2015,Other (27)
2008,Wyoming,27,201.74086694749832,2008-2015,Other (27)
2008,Yates,27,28.71753466642132,2008-2015,Other (27)
2009,Albany,27,24.016466238223174,2008-2015,Other (27)
2009,Allegany,27,7.374933712441388,2008-2015,Other (27)
2009,Broome,27,11.6047270165015,2008-2015,Other (27)
2009,Cattaraugus,27,31.112265459361694,2008-2015,Other (27)
2009,Cayuga,27,416.1757654846259,2008-2015,Other (27)
2009,Chemung,27,98.971945410149,2008-2015,Other (27)
2009,Chenango,27,8.030619442001878,2008-2015,Other (27)
2009,Columbia,27,119.15738223905822,2008-2015,Other (27)
2009,Cortland,27,83.97303071756899,2008-2015,Other (27)
2009,Dutchess,27,155.3549054670138,2008-2015,Other (27)
2009,Erie,27,18.30424506708531,2008-2015,Other (27)
2009,Essex,27,83.43325522966866,2008-2015,Other (27)
2009,Franklin,27,66.8485922957259,2008-2015,Other (27)
2009,Genesee,27,283.74697387908236,2008-2015,Other (27)
2009,Greene,27,4.925095070787646,2008-2015,Other (27)
2009,Herkimer,27,42.982521751584194,2008-2015,Other (27)
2009,Jefferson,27,156.21237519310225,2008-2015,Other (27)
2009,Lewis,27,2.4614447146879233,2008-2015,Other (27)
2009,Livingston,27,110.11202420504682,2008-2015,Other (27)
2009,Madison,27,12.054701218460234,2008-2015,Other (27)
2009,Monroe,27,69.25887710309003,2008-2015,Other (27)
2009,Montgomery,27,76.6217240640369,2008-2015,Other (27)
2009,Nassau,27,14.523606855097544,2008-2015,Other (27)
2009,Oneida,27,17.85201124161513,2008-2015,Other (27)
2009,Onondaga,27,124.1723190942164,2008-2015,Other (27)
2009,Ontario,27,465.18344341728744,2008-2015,Other (27)
2009,Orange,27,46.533613450385985,2008-2015,Other (27)
2009,Oswego,27,16.727992940180684,2008-2015,Other (27)
2009,Otsego,27,7.892211035696338,2008-2015,Other (27)
2009,Rensselaer,27,55.08316638299126,2008-2015,Other (27)
2009,Saratoga,27,37.82317450268117,2008-2015,Other (27)
2009,Schoharie,27,77.40191391120807,2008-2015,Other (27)
2009,Schuyler,27,53.26670956446546,2008-2015,Other (27)
2009,Seneca,27,340.5847781789951,2008-2015,Other (27)
2009,St. Lawrence,27,77.74992879920073,2008-2015,Other (27)
2009,Steuben,27,414.25249564808456,2008-2015,Other (27)
2009,Suffolk,27,521.8660340785159,2008-2015,Other (27)
2009,Tioga,27,5.403024058885617,2008-2015,Other (27)
2009,Tompkins,27,114.27615767995313,2008-2015,Other (27)
2009,Ulster,27,22.350194001285292,2008-2015,Other (27)
2009,Warren,27,3.2963988783907467,2008-2015,Other (27)
2009,Washington,27,218.04137474943056,2008-2015,Other (27)
2009,Wayne,27,72.59642445329425,2008-2015,Other (27)
2009,Wyoming,27,12.80021715175437,2008-2015,Other (27)
2010,Albany,27,75.2818688805324,2008-2015,Other (27)
2010,Allegany,27,10.055771734663224,2008-2015,Other (27)
2010,Cattaraugus,27,112.22841411747916,2008-2015,Other (27)
2010,Cayuga,27,96.03986708361461,2008-2015,Other (27)
2010,Chautauqua,27,6.637269298767958,2008-2015,Other (27)
2010,Chenango,27,27.444719354895398,2008-2015,Other (27)
2010,Clinton,27,62.54052064909592,2008-2015,Other (27)
2010,Columbia,27,19.7421202382489,2008-2015,Other (27)
2010,Cortland,27,31.784915175595614,2008-2015,Other (27)
2010,Delaware,27,3.27906502114086,2008-2015,Other (27)
2010,Dutchess,27,37.23612797374219,2008-2015,Other (27)
2010,Erie,27,50.656904033040846,2008-2015,Other (27)
2010,Essex,27,38.58623752731823,2008-2015,Other (27)
2010,Franklin,27,12.448720284339377,2008-2015,Other (27)
2010,Fulton,27,41.929584271631796,2008-2015,Other (27)
2010,Genesee,27,261.71705777092245,2008-2015,Other (27)
2010,Greene,27,8.708149602922418,2008-2015,Other (27)
2010,Jefferson,27,95.4731616999166,2008-2015,Other (27)
2010,Livingston,27,167.78283059182345,2008-2015,Other (27)
2010,Madison,27,51.24037420375076,2008-2015,Other (27)
2010,Monroe,27,55.58215165994365,2008-2015,Other (27)
2010,Montgomery,27,41.5713466846175,2008-2015,Other (27)
2010,Oneida,27,47.89833807183437,2008-2015,Other (27)
2010,Onondaga,27,30.067581123121343,2008-2015,Other (27)
2010,Ontario,27,390.9256740943472,2008-2015,Other (27)
2010,Orange,27,31.80750662801406,2008-2015,Other (27)
2010,Orleans,27,8.681208686810622,2008-2015,Other (27)
2010,Otsego,27,8.427786180605818,2008-2015,Other (27)
2010,Rensselaer,27,59.47157457821058,2008-2015,Other (27)
2010,Saratoga,27,30.175902420594536,2008-2015,Other (27)
2010,Schenectady,27,18.189589868565438,2008-2015,Other (27)
2010,Schoharie,27,35.85850567296751,2008-2015,Other (27)
2010,Schuyler,27,85.4652780077171,2008-2015,Other (27)
2010,St. Lawrence,27,21.301239565682373,2008-2015,Other (27)
2010,Steuben,27,395.44580023305355,2008-2015,Other (27)
2010,Suffolk,27,2023.914090881121,2008-2015,Other (27)
2010,Sullivan,27,6.658495340685372,2008-2015,Other (27)
2010,Tioga,27,78.13888239852598,2008-2015,Other (27)
2010,Tompkins,27,37.412104992650946,2008-2015,Other (27)
2010,Ulster,27,100.61185100439444,2008-2015,Other (27)
2010,Warren,27,7.887326848016805,2008-2015,Other (27)
2010,Washington,27,36.09026017751353,2008-2015,Other (27)
2010,Wayne,27,9.840933713516419,2008-2015,Other (27)
2010,Wyoming,27,2.9268982831216213,2008-2015,Other (27)
2010,Yates,27,5.798928217075758,2008-2015,Other (27)
2011,Albany,27,85.65906676103383,2008-2015,Other (27)
2011,Allegany,27,53.348728139759544,2008-2015,Other (27)
2011,Broome,27,4.794988278171847,2008-2015,Other (27)
2011,Cattaraugus,27,159.3691443526805,2008-2015,Other (27)
2011,Cayuga,27,88.63100853880806,2008-2015,Other (27)
2011,Chautauqua,27,84.28603453957824,2008-2015,Other (27)
2011,Chemung,27,15.480487956395779,2008-2015,Other (27)
2011,Chenango,27,25.25884735827234,2008-2015,Other (27)
2011,Clinton,27,3.351779345435833,2008-2015,Other (27)
2011,Columbia,27,114.85842465736857,2008-2015,Other (27)
2011,Cortland,27,35.517465128752384,2008-2015,Other (27)
2011,Delaware,27,25.331638137953444,2008-2015,Other (27)
2011,Dutchess,27,18.242525523834765,2008-2015,Other (27)
2011,Erie,27,124.98548294656776,2008-2015,Other (27)
2011,Essex,27,20.026225234607345,2008-2015,Other (27)
2011,Franklin,27,71.95530764365519,2008-2015,Other (27)
2011,Fulton,27,9.381027705506304,2008-2015,Other (27)
2011,Genesee,27,190.3598158440415,2008-2015,Other (27)
2011,Greene,27,50.63204254570526,2008-2015,Other (27)
2011,Herkimer,27,85.22391696090493,2008-2015,Other (27)
2011,Jefferson,27,104.47940518303245,2008-2015,Other (27)
2011,Livingston,27,74.53427542824147,2008-2015,Other (27)
2011,Madison,27,17.95419347222843,2008-2015,Other (27)
2011,Monroe,27,84.05460898849817,2008-2015,Other (27)
2011,Montgomery,27,8.907080869150636,2008-2015,Other (27)
2011,Niagara,27,6.765458464202468,2008-2015,Other (27)
2011,Onondaga,27,84.1510921806994,2008-2015,Other (27)
2011,Ontario,27,182.21103349011415,2008-2015,Other (27)
2011,Orleans,27,39.095259076944146,2008-2015,Other (27)
2011,Otsego,27,107.12639728484129,2008-2015,Other (27)
2011,Rensselaer,27,158.76313866255174,2008-2015,Other (27)
2011,Saratoga,27,67.32809632636925,2008-2015,Other (27)
2011,Schoharie,27,3.1370983996682353,2008-2015,Other (27)
2011,Schuyler,27,112.46122720023244,2008-2015,Other (27)
2011,St. Lawrence,27,22.134931353770337,2008-2015,Other (27)
2011,Steuben,27,354.27455654881066,2008-2015,Other (27)
2011,Suffolk,27,1611.574130865111,2008-2015,Other (27)
2011,Tioga,27,42.420798487747,2008-2015,Other (27)
2011,Tompkins,27,12.92845348555953,2008-2015,Other (27)
2011,Ulster,27,30.44853113207877,2008-2015,Other (27)
2011,Washington,27,43.80575920740867,2008-2015,Other (27)
2011,Wayne,27,23.322997661241118,2008-2015,Other (27)
2011,Wyoming,27,6.988334727290715,2008-2015,Other (27)
2012,Albany,27,56.897115030291694,2008-2015,Other (27)
2012,Broome,27,70.99497975006886,2008-2015,Other (27)
2012,Cattaraugus,27,38.118016186822516,2008-2015,Other (27)
2012,Cayuga,27,80.63732469483634,2008-2015,Other (27)
2012,Chautauqua,27,83.86240590113353,2008-2015,Other (27)
2012,Chemung,27,43.027278547336905,2008-2015,Other (27)
2012,Chenango,27,49.15473340467116,2008-2015,Other (27)
2012,Columbia,27,49.415147190501756,2008-2015,Other (27)
2012,Cortland,27,2.887872741802029,2008-2015,Other (27)
2012,Dutchess,27,66.4497942234804,2008-2015,Other (27)
2012,Franklin,27,22.11788245173064,2008-2015,Other (27)
2012,Fulton,27,6.591299533067744,2008-2015,Other (27)
2012,Genesee,27,82.76619609455034,2008-2015,Other (27)
2012,Greene,27,3.8562267973291884,2008-2015,Other (27)
2012,Herkimer,27,76.6239223934942,2008-2015,Other (27)
2012,Jefferson,27,20.801861307965677,2008-2015,Other (27)
2012,Monroe,27,35.05335749341772,2008-2015,Other (27)
2012,Montgomery,27,43.661040745691544,2008-2015,Other (27)
2012,Oneida,27,39.0667211114147,2008-2015,Other (27)
2012,Onondaga,27,28.688469247880114,2008-2015,Other (27)
2012,Ontario,27,260.3361800675011,2008-2015,Other (27)
2012,Orange,27,53.09936090827043,2008-2015,Other (27)
2012,Orleans,27,15.318592098333774,2008-2015,Other (27)
2012,Otsego,27,27.318903557540494,2008-2015,Other (27)
2012,Putnam,27,9.007848807809637,2008-2015,Other (27)
2012,Rensselaer,27,11.92616414590135,2008-2015,Other (27)
2012,Saratoga,27,34.4533104966211,2008-2015,Other (27)
2012,Schoharie,27,16.968329822746817,2008-2015,Other (27)
2012,Schuyler,27,25.077414896391282,2008-2015,Other (27)
2012,Seneca,27,24.922616072815753,2008-2015,Other (27)
2012,Steuben,27,134.51090840287438,2008-2015,Other (27)
2012,Suffolk,27,2207.408057389427,2008-2015,Other (27)
2012,Tioga,27,33.69361074460863,2008-2015,Other (27)
2012,Tompkins,27,74.64968893193992,2008-2015,Other (27)
2012,Ulster,27,9.722299918232395,2008-2015,Other (27)
2012,Washington,27,118.50406878359011,2008-2015,Other (27)
2012,Yates,27,7.398666431698208,2008-2015,Other (27)
2013,Albany,27,26.539207276881623,2008-2015,Other (27)
2013,Allegany,27,17.343058250586257,2008-2015,Other (27)
2013,Cattaraugus,27,135.76636638862186,2008-2015,Other (27)
2013,Cayuga,27,97.16075280301918,2008-2015,Other (27)
2013,Chautauqua,27,16.77695580154405,2008-2015,Other (27)
2013,Chemung,27,23.536013092242374,2008-2015,Other (27)
2013,Columbia,27,101.6058326799317,2008-2015,Other (27)
2013,Cortland,27,37.171180923125995,2008-2015,Other (27)
2013,Delaware,27,9.738691585749311,2008-2015,Other (27)
2013,Dutchess,27,105.80163218465835,2008-2015,Other (27)
2013,Erie,27,2.63614778348856,2008-2015,Other (27)
2013,Franklin,27,164.912774794673,2008-2015,Other (27)
2013,Fulton,27,9.747837303181546,2008-2015,Other (27)
2013,Genesee,27,155.78721984801058,2008-2015,Other (27)
2013,Greene,27,3.521175384603576,2008-2015,Other (27)
2013,Herkimer,27,6.250028381557375,2008-2015,Other (27)
2013,Jefferson,27,100.50184304968792,2008-2015,Other (27)
2013,Livingston,27,14.260901538422665,2008-2015,Other (27)
2013,Madison,27,66.57071716985945,2008-2015,Other (27)
2013,Monroe,27,71.43328075906975,2008-2015,Other (27)
2013,Montgomery,27,26.81046011552008,2008-2015,Other (27)
2013,Oneida,27,11.55208018383011,2008-2015,Other (27)
2013,Onondaga,27,147.2697300103496,2008-2015,Other (27)
2013,Ontario,27,139.40835845521616,2008-2015,Other (27)
2013,Orange,27,50.30044486415558,2008-2015,Other (27)
2013,Orleans,27,24.81990031962586,2008-2015,Other (27)
2013,Otsego,27,97.60774061336528,2008-2015,Other (27)
2013,Rensselaer,27,257.92561429145263,2008-2015,Other (27)
2013,Saratoga,27,104.98073228139475,2008-2015,Other (27)
2013,Schenectady,27,19.378762949648916,2008-2015,Other (27)
2013,Schoharie,27,16.545258042256027,2008-2015,Other (27)
2013,Schuyler,27,66.48571255014869,2008-2015,Other (27)
2013,Seneca,27,36.63778823474945,2008-2015,Other (27)
2013,St. Lawrence,27,170.71952280907556,2008-2015,Other (27)
2013,Steuben,27,408.55501549178626,2008-2015,Other (27)
2013,Suffolk,27,1127.3590836265325,2008-2015,Other (27)
2013,Tioga,27,5.403024058885617,2008-2015,Other (27)
2013,Tompkins,27,59.33381027223549,2008-2015,Other (27)
2013,Ulster,27,9.481466358336188,2008-2015,Other (27)
2013,Washington,27,226.7231051802447,2008-2015,Other (27)
2013,Wayne,27,26.132552772522917,2008-2015,Other (27)
2013,Yates,27,30.918122702044418,2008-2015,Other (27)
2014,Albany,27,10.55487098542904,2008-2015,Other (27)
2014,Allegany,27,6.4232284844083605,2008-2015,Other (27)
2014,Cattaraugus,27,68.97849901830155,2008-2015,Other (27)
2014,Cayuga,27,90.70400878945632,2008-2015,Other (27)
2014,Chautauqua,27,94.94547122953125,2008-2015,Other (27)
2014,Chemung,27,7.092755089516327,2008-2015,Other (27)
2014,Chenango,27,37.753570831999525,2008-2015,Other (27)
2014,Columbia,27,45.6780741575197,2008-2015,Other (27)
2014,Cortland,27,14.236190821919045,2008-2015,Other (27)
2014,Delaware,27,2.866649377127409,2008-2015,Other (27)
2014,Dutchess,27,284.19671106873477,2008-2015,Other (27)
2014,Erie,27,69.41758698877048,2008-2015,Other (27)
2014,Essex,27,2.365815291033996,2008-2015,Other (27)
2014,Franklin,27,185.46088313348685,2008-2015,Other (27)
2014,Fulton,27,150.5311041843069,2008-2015,Other (27)
2014,Genesee,27,104.89718047721091,2008-2015,Other (27)
2014,Greene,27,39.858438795830196,2008-2015,Other (27)
2014,Herkimer,27,109.7083005890525,2008-2015,Other (27)
2014,Jefferson,27,595.2992644181685,2008-2015,Other (27)
2014,Lewis,27,10.290383425788418,2008-2015,Other (27)
2014,Livingston,27,36.332435851397435,2008-2015,Other (27)
2014,Madison,27,3.774952012625061,2008-2015,Other (27)
2014,Monroe,27,45.6372008257726,2008-2015,Other (27)
2014,Montgomery,27,67.85560900146973,2008-2015,Other (27)
2014,Oneida,27,46.78279073278452,2008-2015,Other (27)
2014,Onondaga,27,43.784994776744114,2008-2015,Other (27)
2014,Ontario,27,135.5264656010318,2008-2015,Other (27)
2014,Orange,27,85.03246114566149,2008-2015,Other (27)
2014,Oswego,27,80.48740204161732,2008-2015,Other (27)
2014,Otsego,27,35.732610635323255,2008-2015,Other (27)
2014,Putnam,27,2.9550830672688098,2008-2015,Other (27)
2014,Rensselaer,27,12.19709060198872,2008-2015,Other (27)
2014,Saratoga,27,23.66138410538553,2008-2015,Other (27)
2014,Schenectady,27,3.096346174273359,2008-2015,Other (27)
2014,Schoharie,27,108.03143427274117,2008-2015,Other (27)
2014,Schuyler,27,26.026994139487442,2008-2015,Other (27)
2014,Seneca,27,47.375227836749836,2008-2015,Other (27)
2014,St. Lawrence,27,105.47586476821981,2008-2015,Other (27)
2014,Steuben,27,602.9017985950464,2008-2015,Other (27)
2014,Suffolk,27,1268.8516755593753,2008-2015,Other (27)
2014,Sullivan,27,4.195123062422517,2008-2015,Other (27)
2014,Tioga,27,3.3852709047212164,2008-2015,Other (27)
2014,Tompkins,27,74.66471598826342,2008-2015,Other (27)
2014,Ulster,27,86.76025694860336,2008-2015,Other (27)
2014,Washington,27,80.2214157049007,2008-2015,Other (27)
2014,Westchester,27,6.192937239564474,2008-2015,Other (27)
2014,Yates,27,59.55102403442621,2008-2015,Other (27)
2015,Albany,27,21.06781093872542,2008-2015,Other (27)
2015,Allegany,27,20.345267666782693,2008-2015,Other (27)
2015,Broome,27,3.102094036651158,2008-2015,Other (27)
2015,Cattaraugus,27,8.083885482310022,2008-2015,Other (27)
2015,Cayuga,27,730.601578341986,2008-2015,Other (27)
2015,Chautauqua,27,257.66086639916557,2008-2015,Other (27)
2015,Chemung,27,80.61030453469621,2008-2015,Other (27)
2015,Chenango,27,26.20186064031024,2008-2015,Other (27)
2015,Clinton,27,7.783130476186758,2008-2015,Other (27)
2015,Columbia,27,201.92038748818058,2008-2015,Other (27)
2015,Cortland,27,2.4137061247325744,2008-2015,Other (27)
2015,Delaware,27,7.047267326947872,2008-2015,Other (27)
2015,Dutchess,27,165.8988024897236,2008-2015,Other (27)
2015,Erie,27,7.620372741497491,2008-2015,Other (27)
2015,Essex,27,8.246736697575653,2008-2015,Other (27)
2015,Franklin,27,189.4921081805873,2008-2015,Other (27)
2015,Fulton,27,77.93148194906692,2008-2015,Other (27)
2015,Genesee,27,177.29352365144172,2008-2015,Other (27)
2015,Herkimer,27,223.29108596595643,2008-2015,Other (27)
2015,Jefferson,27,67.87131071850101,2008-2015,Other (27)
2015,Livingston,27,71.5334038756191,2008-2015,Other (27)
2015,Monroe,27,77.70498525027261,2008-2015,Other (27)
2015,Montgomery,27,62.04877882376988,2008-2015,Other (27)
2015,Oneida,27,22.94618943323208,2008-2015,Other (27)
2015,Onondaga,27,232.0073487341251,2008-2015,Other (27)
2015,Ontario,27,367.0544608126634,2008-2015,Other (27)
2015,Orange,27,152.02360289019174,2008-2015,Other (27)
2015,Oswego,27,6.221701193424138,2008-2015,Other (27)
2015,Otsego,27,95.82887943277655,2008-2015,Other (27)
2015,Rensselaer,27,71.00311813508375,2008-2015,Other (27)
2015,Saratoga,27,26.64998410299334,2008-2015,Other (27)
2015,Schenectady,27,37.92425230579024,2008-2015,Other (27)
2015,Schoharie,27,30.04961748078475,2008-2015,Other (27)
2015,Schuyler,27,27.580453889510817,2008-2015,Other (27)
2015,Seneca,27,294.84788718675696,2008-2015,Other (27)
2015,Steuben,27,515.9357946687074,2008-2015,Other (27)
2015,Suffolk,27,878.9345292093326,2008-2015,Other (27)
2015,Tioga,27,3.624463921634234,2008-2015,Other (27)
2015,Tompkins,27,81.72616864814512,2008-2015,Other (27)
2015,Ulster,27,24.241739906289382,2008-2015,Other (27)
2015,Warren,27,2.6386166410775584,2008-2015,Other (27)
2015,Washington,27,104.17171762399491,2008-2015,Other (27)
2015,Wayne,27,36.4966340362453,2008-2015,Other (27)
2015,Wyoming,27,55.396595259815996,2008-2015,Other (27)
2015,Yates,27,22.258470315727102,2008-2015,Other (27)
2016,Allegany,27,113.966969420212,2016-Bridge,Other (27)
2016,Cayuga,27,580.3756197283434,2016-Bridge,Other (27)
2016,Chautauqua,27,224.72257906176898,2016-Bridge,Other (27)
2016,Chemung,27,25.33337500052152,2016-Bridge,Other (27)
2016,Chenango,27,77.93092075999725,2016-Bridge,Other (27)
2016,Clinton,27,16.027196928577766,2016-Bridge,Other (27)
2016,Columbia,27,237.03799451632622,2016-Bridge,Other (27)
2016,Cortland,27,9.51310286072976,2016-Bridge,Other (27)
2016,Dutchess,27,156.63123090951814,2016-Bridge,Other (27)
2016,Erie,27,48.653687124493814,2016-Bridge,Other (27)
2016,Essex,27,98.78227161573061,2016-Bridge,Other (27)
2016,Franklin,27,177.7874319810242,2016-Bridge,Other (27)
2016,Fulton,27,4.924880760855433,2016-Bridge,Other (27)
2016,Genesee,27,149.6707452418526,2016-Bridge,Other (27)
2016,Greene,27,3.1948260954756313,2016-Bridge,Other (27)
2016,Herkimer,27,71.03634751805203,2016-Bridge,Other (27)
2016,Jefferson,27,266.5650207407521,2016-Bridge,Other (27)
2016,Lewis,27,4.147318061451275,2016-Bridge,Other (27)
2016,Livingston,27,176.19996164321083,2016-Bridge,Other (27)
2016,Madison,27,234.990647767865,2016-Bridge,Other (27)
2016,Monroe,27,56.42747218935043,2016-Bridge,Other (27)
2016,Montgomery,27,81.47961866110475,2016-Bridge,Other (27)
2016,Oneida,27,163.16269107668967,2016-Bridge,Other (27)
2016,Onondaga,27,23.00962299394652,2016-Bridge,Other (27)
2016,Ontario,27,359.3313658654601,2016-Bridge,Other (27)
2016,Orange,27,60.508348834719136,2016-Bridge,Other (27)
2016,Oswego,27,18.71000400449746,2016-Bridge,Other (27)
2016,Otsego,27,155.29540594979932,2016-Bridge,Other (27)
2016,Rensselaer,27,128.00866658906597,2016-Bridge,Other (27)
2016,Saratoga,27,36.16780068992694,2016-Bridge,Other (27)
2016,Schoharie,27,29.108383963187297,2016-Bridge,Other (27)
2016,Schuyler,27,18.91438808452534,2016-Bridge,Other (27)
2016,Seneca,27,224.9732853850075,2016-Bridge,Other (27)
2016,St. Lawrence,27,92.98895121261668,2016-Bridge,Other (27)
2016,Steuben,27,335.7180261575843,2016-Bridge,Other (27)
2016,Suffolk,27,1819.772270494839,2016-Bridge,Other (27)
2016,Tioga,27,24.65642156795258,2016-Bridge,Other (27)
2016,Tompkins,27,125.43518217558645,2016-Bridge,Other (27)
2016,Ulster,27,25.419352945696186,2016-Bridge,Other (27)
2016,Warren,27,2.94836048815238,2016-Bridge,Other (27)
2016,Washington,27,164.22796704953336,2016-Bridge,Other (27)
2016,Wayne,27,137.81936599307858,2016-Bridge,Other (27)
2016,Wyoming,27,17.29023428140685,2016-Bridge,Other (27)
2016,Yates,27,57.953035688535884,2016-Bridge,Other (27)
2017,Allegany,27,65.65085905001533,2017-2024,Other (27)
2017,Broome,27,38.539533177009815,2017-2024,Other (27)
2017,Cattaraugus,27,102.4188967491858,2017-2024,Other (27)
2017,Cayuga,27,448.1395525750935,2017-2024,Other (27)
2017,Chautauqua,27,95.04728751653818,2017-2024,Other (27)
2017,Chemung,27,104.16326019986813,2017-2024,Other (27)
2017,Clinton,27,8.41168618744529,2017-2024,Other (27)
2017,Columbia,27,295.5570663876977,2017-2024,Other (27)
2017,Cortland,27,35.12320566458384,2017-2024,Other (27)
2017,Delaware,27,4.95743950423952,2017-2024,Other (27)
2017,Dutchess,27,67.87632983941342,2017-2024,Other (27)
2017,Franklin,27,159.17703733310725,2017-2024,Other (27)
2017,Fulton,27,18.7549192474298,2017-2024,Other (27)
2017,Genesee,27,129.3628216755411,2017-2024,Other (27)
2017,Greene,27,2.84934739341638,2017-2024,Other (27)
2017,Herkimer,27,23.238148486422322,2017-2024,Other (27)
2017,Jefferson,27,210.06146011363404,2017-2024,Other (27)
2017,Lewis,27,6.83243229537478,2017-2024,Other (27)
2017,Livingston,27,19.77173735788042,2017-2024,Other (27)
2017,Madison,27,81.36470066849873,2017-2024,Other (27)
2017,Monroe,27,114.19361728966558,2017-2024,Other (27)
2017,Montgomery,27,29.36140090239675,2017-2024,Other (27)
2017,Niagara,27,105.855657374278,2017-2024,Other (27)
2017,Oneida,27,33.455255097956424,2017-2024,Other (27)
2017,Onondaga,27,31.91990164851931,2017-2024,Other (27)
2017,Ontario,27,257.988428056765,2017-2024,Other (27)
2017,Orange,27,37.56206158319906,2017-2024,Other (27)
2017,Orleans,27,33.01554673426569,2017-2024,Other (27)
2017,Rensselaer,27,305.1973410725459,2017-2024,Other (27)
2017,Saratoga,27,74.7258475016779,2017-2024,Other (27)
2017,Schoharie,27,12.074683476822031,2017-2024,Other (27)
2017,Schuyler,27,107.51274140420284,2017-2024,Other (27)
2017,Seneca,27,231.98178542094317,2017-2024,Other (27)
2017,Steuben,27,365.26919251565886,2017-2024,Other (27)
2017,Suffolk,27,1328.8441298008802,2017-2024,Other (27)
2017,Tioga,27,90.40273924814971,2017-2024,Other (27)
2017,Tompkins,27,375.2607931602692,2017-2024,Other (27)
2017,Ulster,27,84.93655730291665,2017-2024,Other (27)
2017,Warren,27,61.116792895455,2017-2024,Other (27)
2017,Washington,27,454.0363500734357,2017-2024,Other (27)
2017,Wayne,27,29.794273742866892,2017-2024,Other (27)
2017,Wyoming,27,14.54033287687245,2017-2024,Other (27)
2018,Albany,27,6.09213575898914,2017-2024,Other (27)
2018,Cattaraugus,27,97.39503608341039,2017-2024,Other (27)
2018,Cayuga,27,205.43269209269286,2017-2024,Other (27)
2018,Chautauqua,27,98.72003234113532,2017-2024,Other (27)
2018,Chemung,27,71.80558041030415,2017-2024,Other (27)
2018,Columbia,27,51.84217341682524,2017-2024,Other (27)
2018,Cortland,27,63.77394986672367,2017-2024,Other (27)
2018,Erie,27,135.09052493713781,2017-2024,Other (27)
2018,Essex,27,47.04361789433766,2017-2024,Other (27)
2018,Franklin,27,161.66214117875754,2017-2024,Other (27)
2018,Genesee,27,105.5240862790113,2017-2024,Other (27)
2018,Herkimer,27,59.919796522704196,2017-2024,Other (27)
2018,Jefferson,27,169.07963672498877,2017-2024,Other (27)
2018,Lewis,27,31.4109592475348,2017-2024,Other (27)
2018,Livingston,27,40.43105376243191,2017-2024,Other (27)
2018,Madison,27,134.72795643230415,2017-2024,Other (27)
2018,Monroe,27,92.46977466378765,2017-2024,Other (27)
2018,Montgomery,27,67.10452259129033,2017-2024,Other (27)
2018,Oneida,27,6.76848313963373,2017-2024,Other (27)
2018,Onondaga,27,14.97482428197616,2017-2024,Other (27)
2018,Ontario,27,113.08036318042029,2017-2024,Other (27)
2018,Orange,27,27.78678772544718,2017-2024,Other (27)
2018,Otsego,27,22.46509069475623,2017-2024,Other (27)
2018,Rensselaer,27,78.93020490515414,2017-2024,Other (27)
2018,Saratoga,27,41.45982421149762,2017-2024,Other (27)
2018,Schuyler,27,93.7668084360416,2017-2024,Other (27)
2018,Seneca,27,34.53205604287626,2017-2024,Other (27)
2018,Steuben,27,315.7731460569777,2017-2024,Other (27)
2018,Suffolk,27,1056.1259932569626,2017-2024,Other (27)
2018,Tioga,27,56.22902944201049,2017-2024,Other (27)
2018,Tompkins,27,56.995405030690286,2017-2024,Other (27)
2018,Ulster,27,6.65590084274816,2017-2024,Other (27)
2018,Washington,27,146.93721747825177,2017-2024,Other (27)
2018,Wyoming,27,3.80147775806215,2017-2024,Other (27)
2018,Yates,27,21.8043428800428,2017-2024,Other (27)
2019,Albany,27,3.5295765195745,2017-2024,Other (27)
2019,Allegany,27,61.47413303900155,2017-2024,Other (27)
2019,Cattaraugus,27,12.4039228108404,2017-2024,Other (27)
2019,Cayuga,27,376.55280185782664,2017-2024,Other (27)
2019,Chautauqua,27,220.9152557967217,2017-2024,Other (27)
2019,Chemung,27,3.80578320266561,2017-2024,Other (27)
2019,Clinton,27,36.137330001251215,2017-2024,Other (27)
2019,Columbia,27,33.41123516617519,2017-2024,Other (27)
2019,Cortland,27,38.85853115662547,2017-2024,Other (27)
2019,Delaware,27,2.49160497774526,2017-2024,Other (27)
2019,Dutchess,27,56.59825490300857,2017-2024,Other (27)
2019,Erie,27,16.1139887018224,2017-2024,Other (27)
2019,Franklin,27,146.3693223894749,2017-2024,Other (27)
2019,Genesee,27,303.17008921272566,2017-2024,Other (27)
2019,Jefferson,27,286.5691163174174,2017-2024,Other (27)
2019,Lewis,27,5.95918652525473,2017-2024,Other (27)
2019,Livingston,27,180.44724803903227,2017-2024,Other (27)
2019,Madison,27,53.74679435006543,2017-2024,Other (27)
2019,Monroe,27,92.89971028576171,2017-2024,Other (27)
2019,Oneida,27,63.354875295926504,2017-2024,Other (27)
2019,Onondaga,27,323.28415227294823,2017-2024,Other (27)
2019,Ontario,27,264.454984472255,2017-2024,Other (27)
2019,Orange,27,243.45295330024086,2017-2024,Other (27)
2019,Orleans,27,3.28123756114969,2017-2024,Other (27)
2019,Oswego,27,51.405930136451204,2017-2024,Other (27)
2019,Otsego,27,49.17299156960508,2017-2024,Other (27)
2019,Rensselaer,27,91.2286009474048,2017-2024,Other (27)
2019,Saratoga,27,108.76204031189688,2017-2024,Other (27)
2019,Schoharie,27,32.62871363601317,2017-2024,Other (27)
2019,Schuyler,27,168.4075487620341,2017-2024,Other (27)
2019,Seneca,27,137.49119317362414,2017-2024,Other (27)
2019,Steuben,27,137.11164381386624,2017-2024,Other (27)
2019,Suffolk,27,744.4525464125899,2017-2024,Other (27)
2019,Tompkins,27,66.9420633941626,2017-2024,Other (27)
2019,Washington,27,173.16970264542007,2017-2024,Other (27)
2019,Wayne,27,3.22290948123608,2017-2024,Other (27)
2019,Wyoming,27,4.7138911572292,2017-2024,Other (27)
2019,Yates,27,32.714631325774846,2017-2024,Other (27)
2020,Albany,27,15.8847310186835,2017-2024,Other (27)
2020,Cattaraugus,27,313.30701882128915,2017-2024,Other (27)
2020,Cayuga,27,249.113318378495,2017-2024,Other (27)
2020,Chautauqua,27,207.90361975435616,2017-2024,Other (27)
2020,Chenango,27,53.27831897200989,2017-2024,Other (27)
2020,Columbia,27,189.17191483657342,2017-2024,Other (27)
2020,Cortland,27,12.15039702329592,2017-2024,Other (27)
2020,Dutchess,27,44.962100514637356,2017-2024,Other (27)
2020,Erie,27,21.37272209142546,2017-2024,Other (27)
2020,Franklin,27,202.48600864546538,2017-2024,Other (27)
2020,Genesee,27,459.8275408325834,2017-2024,Other (27)
2020,Greene,27,22.806666855315882,2017-2024,Other (27)
2020,Herkimer,27,111.8722452840314,2017-2024,Other (27)
2020,Jefferson,27,82.11102796571112,2017-2024,Other (27)
2020,Lewis,27,3.0436925082526,2017-2024,Other (27)
2020,Livingston,27,59.30270902834787,2017-2024,Other (27)
2020,Madison,27,27.15078471088273,2017-2024,Other (27)
2020,Monroe,27,270.7669337736242,2017-2024,Other (27)
2020,Montgomery,27,29.897371649165418,2017-2024,Other (27)
2020,Oneida,27,63.14290134094076,2017-2024,Other (27)
2020,Onondaga,27,69.65381768165693,2017-2024,Other (27)
2020,Ontario,27,226.61471302590746,2017-2024,Other (27)
2020,Orange,27,174.4191153505376,2017-2024,Other (27)
2020,Orleans,27,45.24032970877349,2017-2024,Other (27)
2020,Oswego,27,57.465529183360744,2017-2024,Other (27)
2020,Otsego,27,72.33045229632147,2017-2024,Other (27)
2020,Rensselaer,27,150.80696691933431,2017-2024,Other (27)
2020,Saratoga,27,158.89534677739704,2017-2024,Other (27)
2020,Schoharie,27,5.12672875153391,2017-2024,Other (27)
2020,Schuyler,27,76.82553672395584,2017-2024,Other (27)
2020,Seneca,27,299.31927647259084,2017-2024,Other (27)
2020,Steuben,27,433.05901054871515,2017-2024,Other (27)
2020,Suffolk,27,955.6281450257926,2017-2024,Other (27)
2020,Tompkins,27,119.83242923754966,2017-2024,Other (27)
2020,Ulster,27,40.58642587684264,2017-2024,Other (27)
2020,Washington,27,295.1268539130427,2017-2024,Other (27)
2020,Wyoming,27,21.4810995192642,2017-2024,Other (27)
2020,Yates,27,32.56993856048469,2017-2024,Other (27)
2021,Albany,27,9.80013150387849,2017-2024,Other (27)
2021,Allegany,27,85.43406125453203,2017-2024,Other (27)
2021,Cayuga,27,459.8468032839684,2017-2024,Other (27)
2021,Chautauqua,27,249.6519400278153,2017-2024,Other (27)
2021,Chemung,27,10.2795710568766,2017-2024,Other (27)
2021,Chenango,27,19.89974571461432,2017-2024,Other (27)
2021,Clinton,27,65.08228374724064,2017-2024,Other (27)
2021,Columbia,27,315.65080331790716,2017-2024,Other (27)
2021,Cortland,27,33.3280794737165,2017-2024,Other (27)
2021,Dutchess,27,194.74742541267207,2017-2024,Other (27)
2021,Erie,27,37.9754080372287,2017-2024,Other (27)
2021,Franklin,27,153.5993814238562,2017-2024,Other (27)
2021,Genesee,27,265.7545805145755,2017-2024,Other (27)
2021,Greene,27,13.412144219484329,2017-2024,Other (27)
2021,Herkimer,27,170.1933006134988,2017-2024,Other (27)
2021,Jefferson,27,235.2948744840465,2017-2024,Other (27)
2021,Lewis,27,27.22918854918143,2017-2024,Other (27)
2021,Livingston,27,183.09847473950543,2017-2024,Other (27)
2021,Madison,27,52.14498524492387,2017-2024,Other (27)
2021,Monroe,27,352.4864800044721,2017-2024,Other (27)
2021,Montgomery,27,52.52972666779708,2017-2024,Other (27)
2021,Oneida,27,167.69131976054388,2017-2024,Other (27)
2021,Onondaga,27,203.9978924446946,2017-2024,Other (27)
2021,Ontario,27,323.34167196092596,2017-2024,Other (27)
2021,Orange,27,251.78356968992296,2017-2024,Other (27)
2021,Orleans,27,6.55689454974253,2017-2024,Other (27)
2021,Oswego,27,10.00097589548266,2017-2024,Other (27)
2021,Otsego,27,141.15472173116538,2017-2024,Other (27)
2021,Rensselaer,27,223.12376867740846,2017-2024,Other (27)
2021,Saratoga,27,87.29246706118084,2017-2024,Other (27)
2021,Schenectady,27,3.65637380000176,2017-2024,Other (27)
2021,Schoharie,27,55.2120011983114,2017-2024,Other (27)
2021,Schuyler,27,30.06234198342034,2017-2024,Other (27)
2021,Seneca,27,238.1302876032825,2017-2024,Other (27)
2021,St. Lawrence,27,20.2555021653789,2017-2024,Other (27)
2021,Steuben,27,501.2979115002801,2017-2024,Other (27)
2021,Suffolk,27,1325.2825860303024,2017-2024,Other (27)
2021,Tioga,27,41.81292653628841,2017-2024,Other (27)
2021,Tompkins,27,61.72424359862076,2017-2024,Other (27)
2021,Ulster,27,44.53158970560214,2017-2024,Other (27)
2021,Washington,27,372.4515993481973,2017-2024,Other (27)
2021,Wayne,27,3.02809940614687,2017-2024,Other (27)
2021,Wyoming,27,8.7005528358675,2017-2024,Other (27)
2021,Yates,27,55.46333011882987,2017-2024,Other (27)
2022,Allegany,27,76.77229806447274,2017-2024,Other (27)
2022,Cayuga,27,309.8039733659806,2017-2024,Other (27)
2022,Chautauqua,27,196.68288509738272,2017-2024,Other (27)
2022,Chemung,27,5.46738942647377,2017-2024,Other (27)
2022,Clinton,27,50.06600015557407,2017-2024,Other (27)
2022,Columbia,27,64.73912529265736,2017-2024,Other (27)
2022,Delaware,27,2.36601754734599,2017-2024,Other (27)
2022,Dutchess,27,91.8619376710079,2017-2024,Other (27)
2022,Franklin,27,222.57871246359275,2017-2024,Other (27)
2022,Genesee,27,273.51649933602386,2017-2024,Other (27)
2022,Herkimer,27,100.15639231886628,2017-2024,Other (27)
2022,Jefferson,27,64.74724295507208,2017-2024,Other (27)
2022,Lewis,27,14.03549753441183,2017-2024,Other (27)
2022,Livingston,27,35.930911748505864,2017-2024,Other (27)
2022,Madison,27,150.89346677857557,2017-2024,Other (27)
2022,Monroe,27,86.38501693514483,2017-2024,Other (27)
2022,Montgomery,27,25.5783036030942,2017-2024,Other (27)
2022,Nassau,27,5.86455580660781,2017-2024,Other (27)
2022,Oneida,27,41.5618802170352,2017-2024,Other (27)
2022,Onondaga,27,30.12941605127437,2017-2024,Other (27)
2022,Ontario,27,254.4537931906141,2017-2024,Other (27)
2022,Orange,27,106.0052081338652,2017-2024,Other (27)
2022,Oswego,27,16.15914401826289,2017-2024,Other (27)
2022,Otsego,27,15.837482650452749,2017-2024,Other (27)
2022,Rensselaer,27,93.96271005092915,2017-2024,Other (27)
2022,Saratoga,27,15.74467046032367,2017-2024,Other (27)
2022,Schuyler,27,72.25231726837082,2017-2024,Other (27)
2022,Seneca,27,16.59906123453393,2017-2024,Other (27)
2022,St. Lawrence,27,407.102321259918,2017-2024,Other (27)
2022,Steuben,27,133.1917439239481,2017-2024,Other (27)
2022,Suffolk,27,1247.4114682164359,2017-2024,Other (27)
2022,Tompkins,27,41.580348572074676,2017-2024,Other (27)
2022,Ulster,27,71.44177865720556,2017-2024,Other (27)
2022,Washington,27,159.20859287986582,2017-2024,Other (27)
2022,Wayne,27,47.04593080435775,2017-2024,Other (27)
2022,Yates,27,49.39430235678375,2017-2024,Other (27)
2023,Allegany,27,17.1401990231774,2017-2024,Other (27)
2023,Cattaraugus,27,51.8147531409128,2017-2024,Other (27)
2023,Cayuga,27,141.44041536150746,2017-2024,Other (27)
2023,Chemung,27,116.29646445477186,2017-2024,Other (27)
2023,Chenango,27,96.43522823398372,2017-2024,Other (27)
2023,Columbia,27,25.3919785338091,2017-2024,Other (27)
2023,Dutchess,27,48.1801642789401,2017-2024,Other (27)
2023,Essex,27,14.56151927291015,2017-2024,Other (27)
2023,Franklin,27,430.9966023339968,2017-2024,Other (27)
2023,Genesee,27,158.2962228293577,2017-2024,Other (27)
2023,Greene,27,3.6152403651522,2017-2024,Other (27)
2023,Herkimer,27,6.1665115829685195,2017-2024,Other (27)
2023,Jefferson,27,22.9294362468909,2017-2024,Other (27)
2023,Lewis,27,3.28037029843583,2017-2024,Other (27)
2023,Livingston,27,158.10364821273595,2017-2024,Other (27)
2023,Madison,27,70.51324210118413,2017-2024,Other (27)
2023,Monroe,27,130.93137174031378,2017-2024,Other (27)
2023,Montgomery,27,63.61767126815394,2017-2024,Other (27)
2023,Oneida,27,192.34784204487372,2017-2024,Other (27)
2023,Onondaga,27,35.038183013093914,2017-2024,Other (27)
2023,Ontario,27,202.71325654804065,2017-2024,Other (27)
2023,Orange,27,223.59961197425702,2017-2024,Other (27)
2023,Oswego,27,6.71925600187516,2017-2024,Other (27)
2023,Otsego,27,18.82935984223458,2017-2024,Other (27)
2023,Rensselaer,27,121.87478178651473,2017-2024,Other (27)
2023,Saratoga,27,16.89315471875783,2017-2024,Other (27)
2023,Schenectady,27,12.09268471767298,2017-2024,Other (27)
2023,Schoharie,27,54.30620713372542,2017-2024,Other (27)
2023,Schuyler,27,31.0936241164909,2017-2024,Other (27)
2023,Seneca,27,149.6873765419785,2017-2024,Other (27)
2023,St. Lawrence,27,31.85481718849921,2017-2024,Other (27)
2023,Steuben,27,168.16670346899912,2017-2024,Other (27)
2023,Suffolk,27,856.1695102973811,2017-2024,Other (27)
2023,Tioga,27,16.2086197796394,2017-2024,Other (27)
2023,Tompkins,27,29.91448437510854,2017-2024,Other (27)
2023,Ulster,27,24.060547144418102,2017-2024,Other (27)
2023,Washington,27,260.8326870991454,2017-2024,Other (27)
2023,Wayne,27,140.78720462244678,2017-2024,Other (27)
2023,Yates,27,53.59459479099718,2017-2024,Other (27)
2024,Allegany,27,83.43521443114861,2017-2024,Other (27)
2024,Broome,27,19.8203541300039,2017-2024,Other (27)
2024,Cattaraugus,27,265.9841081721091,2017-2024,Other (27)
2024,Cayuga,27,467.42578441584925,2017-2024,Other (27)
2024,Chautauqua,27,100.19876903685876,2017-2024,Other (27)
2024,Chemung,27,85.3842324789048,2017-2024,Other (27)
2024,Chenango,27,10.48669908464924,2017-2024,Other (27)
2024,Columbia,27,34.569504401116816,2017-2024,Other (27)
2024,Cortland,27,11.90980053346682,2017-2024,Other (27)
2024,Delaware,27,3.04141090148418,2017-2024,Other (27)
2024,Dutchess,27,157.98163671694212,2017-2024,Other (27)
2024,Erie,27,124.15230091936212,2017-2024,Other (27)
2024,Essex,27,93.96541600179093,2017-2024,Other (27)
2024,Franklin,27,305.04673113266756,2017-2024,Other (27)
2024,Genesee,27,298.68133544027665,2017-2024,Other (27)
2024,Herkimer,27,111.4061234184197,2017-2024,Other (27)
2024,Jefferson,27,135.91858510898206,2017-2024,Other (27)
2024,Lewis,27,14.937913324948099,2017-2024,Other (27)
2024,Livingston,27,290.4592764721291,2017-2024,Other (27)
2024,Madison,27,142.29650347565513,2017-2024,Other (27)
2024,Monroe,27,80.35931542893341,2017-2024,Other (27)
2024,Niagara,27,24.07776808655648,2017-2024,Other (27)
2024,Oneida,27,60.33883884976806,2017-2024,Other (27)
2024,Onondaga,27,145.60945897205065,2017-2024,Other (27)
2024,Ontario,27,398.47096704458204,2017-2024,Other (27)
2024,Orange,27,345.59766261349347,2017-2024,Other (27)
2024,Oswego,27,16.14315523976063,2017-2024,Other (27)
2024,Otsego,27,20.8127879100358,2017-2024,Other (27)
2024,Putnam,27,4.17012891060696,2017-2024,Other (27)
2024,Rensselaer,27,11.75060180144915,2017-2024,Other (27)
2024,Saratoga,27,55.51313255388117,2017-2024,Other (27)
2024,Schoharie,27,60.682766250858705,2017-2024,Other (27)
2024,Seneca,27,109.51163713270218,2017-2024,Other (27)
2024,St. Lawrence,27,33.443178499446674,2017-2024,Other (27)
2024,Steuben,27,201.64607259613072,2017-2024,Other (27)
2024,Suffolk,27,748.8754623900769,2017-2024,Other (27)
2024,Tompkins,27,92.86428529585227,2017-2024,Other (27)
2024,Ulster,27,66.44496194556316,2017-2024,Other (27)
2024,Washington,27,162.34931356034878,2017-2024,Other (27)
2024,Wayne,27,71.67582375604445,2017-2024,Other (27)
2024,Wyoming,27,35.0863182838706,2017-2024,Other (27)
2024,Yates,27,145.86246175860995,2017-2024,Other (27)
2008,Albany,28,20.140546949638622,2008-2015,Other (28)
2008,Allegany,28,321.0293405566432,2008-2015,Other (28)
2008,Broome,28,173.09387262984626,2008-2015,Other (28)
2008,Cattaraugus,28,655.1891427082691,2008-2015,Other (28)
2008,Cayuga,28,2248.108279274965,2008-2015,Other (28)
2008,Chautauqua,28,344.8218475075303,2008-2015,Other (28)
2008,Chemung,28,412.19903217895205,2008-2015,Other (28)
2008,Chenango,28,781.8912773713372,2008-2015,Other (28)
2008,Clinton,28,149.24949108175528,2008-2015,Other (28)
2008,Columbia,28,179.2902615014298,2008-2015,Other (28)
2008,Cortland,28,569.9821486944073,2008-2015,Other (28)
2008,Delaware,28,92.35584071008172,2008-2015,Other (28)
2008,Dutchess,28,36.10953615194949,2008-2015,Other (28)
2008,Erie,28,768.00345336807,2008-2015,Other (28)
2008,Essex,28,29.401318893269426,2008-2015,Other (28)
2008,Franklin,28,474.1550358333509,2008-2015,Other (28)
2008,Fulton,28,175.8971072129358,2008-2015,Other (28)
2008,Genesee,28,558.7643116665839,2008-2015,Other (28)
2008,Greene,28,44.605675797691525,2008-2015,Other (28)
2008,Hamilton,28,9.069535163934361,2008-2015,Other (28)
2008,Herkimer,28,1045.968653193512,2008-2015,Other (28)
2008,Jefferson,28,308.3031575465782,2008-2015,Other (28)
2008,Lewis,28,278.1792264175185,2008-2015,Other (28)
2008,Livingston,28,1174.2807835239987,2008-2015,Other (28)
2008,Madison,28,1379.91123034079,2008-2015,Other (28)
2008,Monroe,28,273.2659731054533,2008-2015,Other (28)
2008,Montgomery,28,489.0731932159774,2008-2015,Other (28)
2008,Niagara,28,2003.7989466956747,2008-2015,Other (28)
2008,Oneida,28,1569.0081478316088,2008-2015,Other (28)
2008,Onondaga,28,2544.507370117713,2008-2015,Other (28)
2008,Ontario,28,1495.057712828951,2008-2015,Other (28)
2008,Orange,28,55.73867378048642,2008-2015,Other (28)
2008,Orleans,28,188.6365308614256,2008-2015,Other (28)
2008,Oswego,28,120.08686479159114,2008-2015,Other (28)
2008,Otsego,28,1199.4719223996578,2008-2015,Other (28)
2008,Rensselaer,28,164.7878466983829,2008-2015,Other (28)
2008,Saratoga,28,30.92468982012685,2008-2015,Other (28)
2008,Schoharie,28,174.44230310262253,2008-2015,Other (28)
2008,Schuyler,28,685.6160760310155,2008-2015,Other (28)
2008,Seneca,28,1931.671160187094,2008-2015,Other (28)
2008,St. Lawrence,28,750.6114517044964,2008-2015,Other (28)
2008,Steuben,28,3485.972967621862,2008-2015,Other (28)
2008,Suffolk,28,19.01571008087777,2008-2015,Other (28)
2008,Tioga,28,552.9085638263346,2008-2015,Other (28)
2008,Tompkins,28,1815.8645089288464,2008-2015,Other (28)
2008,Ulster,28,93.61790379621696,2008-2015,Other (28)
2008,Warren,28,9.376733214558142,2008-2015,Other (28)
2008,Washington,28,279.06260162047926,2008-2015,Other (28)
2008,Wayne,28,1421.4349648337206,2008-2015,Other (28)
2008,Westchester,28,20.860747618056788,2008-2015,Other (28)
2008,Wyoming,28,1084.2556685628304,2008-2015,Other (28)
2008,Yates,28,418.4170031065141,2008-2015,Other (28)
2009,Albany,28,30.022056380466633,2008-2015,Other (28)
2009,Allegany,28,648.9176639478487,2008-2015,Other (28)
2009,Broome,28,146.08877237379448,2008-2015,Other (28)
2009,Cattaraugus,28,1314.237894963176,2008-2015,Other (28)
2009,Cayuga,28,2935.412469531929,2008-2015,Other (28)
2009,Chautauqua,28,887.1860849811342,2008-2015,Other (28)
2009,Chemung,28,201.57740610701384,2008-2015,Other (28)
2009,Chenango,28,714.4085466153817,2008-2015,Other (28)
2009,Clinton,28,52.69210987281388,2008-2015,Other (28)
2009,Columbia,28,337.1703400107132,2008-2015,Other (28)
2009,Cortland,28,626.0749491575608,2008-2015,Other (28)
2009,Delaware,28,40.43747223210035,2008-2015,Other (28)
2009,Dutchess,28,66.48775569510234,2008-2015,Other (28)
2009,Erie,28,1686.4534144575864,2008-2015,Other (28)
2009,Essex,28,11.626481511137392,2008-2015,Other (28)
2009,Franklin,28,572.7987758908338,2008-2015,Other (28)
2009,Fulton,28,38.55163268026155,2008-2015,Other (28)
2009,Genesee,28,1388.8873859439907,2008-2015,Other (28)
2009,Herkimer,28,1080.5528104062807,2008-2015,Other (28)
2009,Jefferson,28,386.29538758378794,2008-2015,Other (28)
2009,Lewis,28,257.90229803939764,2008-2015,Other (28)
2009,Livingston,28,2055.1613328815392,2008-2015,Other (28)
2009,Madison,28,2427.977763643268,2008-2015,Other (28)
2009,Monroe,28,748.5970590207677,2008-2015,Other (28)
2009,Montgomery,28,552.7182358904554,2008-2015,Other (28)
2009,Niagara,28,1522.2989524227053,2008-2015,Other (28)
2009,Oneida,28,2424.6413125721183,2008-2015,Other (28)
2009,Onondaga,28,3364.6602107771055,2008-2015,Other (28)
2009,Ontario,28,1968.7569614286517,2008-2015,Other (28)
2009,Orange,28,3.5584742308159605,2008-2015,Other (28)
2009,Orleans,28,366.4791491847309,2008-2015,Other (28)
2009,Oswego,28,191.1531479190372,2008-2015,Other (28)
2009,Otsego,28,1088.5456677772195,2008-2015,Other (28)
2009,Rensselaer,28,435.6652690992839,2008-2015,Other (28)
2009,Saratoga,28,8.590306510310693,2008-2015,Other (28)
2009,Schenectady,28,34.72459625170093,2008-2015,Other (28)
2009,Schoharie,28,224.91464095962365,2008-2015,Other (28)
2009,Schuyler,28,681.9435498054369,2008-2015,Other (28)
2009,Seneca,28,2250.0493323752553,2008-2015,Other (28)
2009,St. Lawrence,28,273.2691591380427,2008-2015,Other (28)
2009,Steuben,28,8042.091484745552,2008-2015,Other (28)
2009,Suffolk,28,378.45531351324405,2008-2015,Other (28)
2009,Tioga,28,529.8584853996356,2008-2015,Other (28)
2009,Tompkins,28,1954.2332560982572,2008-2015,Other (28)
2009,Ulster,28,3.7269918586844955,2008-2015,Other (28)
2009,Washington,28,75.10100296736785,2008-2015,Other (28)
2009,Wayne,28,1145.4779422806894,2008-2015,Other (28)
2009,Westchester,28,2.65066420898209,2008-2015,Other (28)
2009,Wyoming,28,2075.792388835218,2008-2015,Other (28)
2009,Yates,28,1223.861541333944,2008-2015,Other (28)
2010,Albany,28,82.21960135024439,2008-2015,Other (28)
2010,Allegany,28,486.23482742963733,2008-2015,Other (28)
2010,Broome,28,69.83626748394917,2008-2015,Other (28)
2010,Cattaraugus,28,1002.6077814516536,2008-2015,Other (28)
2010,Cayuga,28,1960.6500991653154,2008-2015,Other (28)
2010,Chautauqua,28,709.0467112082252,2008-2015,Other (28)
2010,Chemung,28,134.27897195721832,2008-2015,Other (28)
2010,Chenango,28,897.8991482654807,2008-2015,Other (28)
2010,Clinton,28,13.664710623702655,2008-2015,Other (28)
2010,Columbia,28,250.00180316996529,2008-2015,Other (28)
2010,Cortland,28,466.35850129031485,2008-2015,Other (28)
2010,Delaware,28,18.965469409222095,2008-2015,Other (28)
2010,Dutchess,28,30.986324321958627,2008-2015,Other (28)
2010,Erie,28,1454.1014350314356,2008-2015,Other (28)
2010,Essex,28,12.778473900214973,2008-2015,Other (28)
2010,Franklin,28,551.3852368951785,2008-2015,Other (28)
2010,Fulton,28,36.155767065531954,2008-2015,Other (28)
2010,Genesee,28,709.6937235367767,2008-2015,Other (28)
2010,Greene,28,7.338885580885783,2008-2015,Other (28)
2010,Hamilton,28,11.214818154773713,2008-2015,Other (28)
2010,Herkimer,28,1035.647601832525,2008-2015,Other (28)
2010,Jefferson,28,387.39483926394735,2008-2015,Other (28)
2010,Lewis,28,599.2249159991427,2008-2015,Other (28)
2010,Livingston,28,2199.4013726693506,2008-2015,Other (28)
2010,Madison,28,1800.8965655800546,2008-2015,Other (28)
2010,Monroe,28,206.40956736197046,2008-2015,Other (28)
2010,Montgomery,28,463.7659735093919,2008-2015,Other (28)
2010,Niagara,28,2254.831323173862,2008-2015,Other (28)
2010,Oneida,28,1499.5451245193944,2008-2015,Other (28)
2010,Onondaga,28,2246.609428479927,2008-2015,Other (28)
2010,Ontario,28,1821.6966414851702,2008-2015,Other (28)
2010,Orange,28,34.94953372006258,2008-2015,Other (28)
2010,Orleans,28,266.69166713069893,2008-2015,Other (28)
2010,Oswego,28,269.46325679430754,2008-2015,Other (28)
2010,Otsego,28,665.0706467849961,2008-2015,Other (28)
2010,Rensselaer,28,341.13572079594655,2008-2015,Other (28)
2010,Saratoga,28,65.32348228197607,2008-2015,Other (28)
2010,Schoharie,28,209.47771924208865,2008-2015,Other (28)
2010,Schuyler,28,518.2406672759095,2008-2015,Other (28)
2010,Seneca,28,1931.4743950071093,2008-2015,Other (28)
2010,St. Lawrence,28,407.04022607970944,2008-2015,Other (28)
2010,Steuben,28,7323.674593930847,2008-2015,Other (28)
2010,Tioga,28,507.5350031878645,2008-2015,Other (28)
2010,Tompkins,28,1046.6830098190621,2008-2015,Other (28)
2010,Ulster,28,66.42265644903881,2008-2015,Other (28)
2010,Warren,28,54.153506886969055,2008-2015,Other (28)
2010,Washington,28,122.67894685472805,2008-2015,Other (28)
2010,Wayne,28,829.7801101454148,2008-2015,Other (28)
2010,Wyoming,28,1382.4261084965015,2008-2015,Other (28)
2010,Yates,28,1057.3162920680302,2008-2015,Other (28)
2011,Allegany,28,186.91452023939445,2008-2015,Other (28)
2011,Broome,28,18.170543251728137,2008-2015,Other (28)
2011,Cattaraugus,28,217.55807894334558,2008-2015,Other (28)
2011,Cayuga,28,970.5430015851556,2008-2015,Other (28)
2011,Chautauqua,28,65.25190783507594,2008-2015,Other (28)
2011,Chemung,28,21.008143511176456,2008-2015,Other (28)
2011,Chenango,28,490.23109660619104,2008-2015,Other (28)
2011,Clinton,28,61.99773193890198,2008-2015,Other (28)
2011,Columbia,28,97.07768537416217,2008-2015,Other (28)
2011,Cortland,28,345.251225763876,2008-2015,Other (28)
2011,Delaware,28,9.722590054881278,2008-2015,Other (28)
2011,Dutchess,28,40.739631802541034,2008-2015,Other (28)
2011,Erie,28,351.80256460308715,2008-2015,Other (28)
2011,Essex,28,3.5224055546847617,2008-2015,Other (28)
2011,Franklin,28,276.46121807022854,2008-2015,Other (28)
2011,Genesee,28,159.86356588220713,2008-2015,Other (28)
2011,Greene,28,92.71617174287513,2008-2015,Other (28)
2011,Herkimer,28,534.4799157383026,2008-2015,Other (28)
2011,Jefferson,28,147.41606709084408,2008-2015,Other (28)
2011,Lewis,28,58.376887067681416,2008-2015,Other (28)
2011,Livingston,28,1077.0843882602367,2008-2015,Other (28)
2011,Madison,28,1194.642260358287,2008-2015,Other (28)
2011,Monroe,28,46.532271693045104,2008-2015,Other (28)
2011,Montgomery,28,167.62896832801965,2008-2015,Other (28)
2011,Niagara,28,687.0008838894446,2008-2015,Other (28)
2011,Oneida,28,976.8681514882134,2008-2015,Other (28)
2011,Onondaga,28,1177.911342180752,2008-2015,Other (28)
2011,Ontario,28,747.4278017046568,2008-2015,Other (28)
2011,Orange,28,25.19501407708836,2008-2015,Other (28)
2011,Orleans,28,25.480088507356676,2008-2015,Other (28)
2011,Oswego,28,15.273064313013718,2008-2015,Other (28)
2011,Otsego,28,526.5039162617412,2008-2015,Other (28)
2011,Rensselaer,28,40.435828655227965,2008-2015,Other (28)
2011,Schoharie,28,43.254995371482366,2008-2015,Other (28)
2011,Schuyler,28,182.1493466523797,2008-2015,Other (28)
2011,Seneca,28,1215.0428596066315,2008-2015,Other (28)
2011,St. Lawrence,28,26.525528783856345,2008-2015,Other (28)
2011,Steuben,28,3174.3025211620024,2008-2015,Other (28)
2011,Tioga,28,111.07736836359747,2008-2015,Other (28)
2011,Tompkins,28,980.3613072214652,2008-2015,Other (28)
2011,Ulster,28,3.319448897986243,2008-2015,Other (28)
2011,Warren,28,3.203831621355074,2008-2015,Other (28)
2011,Washington,28,24.79919593383092,2008-2015,Other (28)
2011,Wayne,28,241.0263006298069,2008-2015,Other (28)
2011,Wyoming,28,626.6508716127596,2008-2015,Other (28)
2011,Yates,28,196.39119020291346,2008-2015,Other (28)
2012,Albany,28,110.16091327769907,2008-2015,Other (28)
2012,Allegany,28,836.809466980842,2008-2015,Other (28)
2012,Broome,28,121.74191879702435,2008-2015,Other (28)
2012,Cattaraugus,28,415.21061093064753,2008-2015,Other (28)
2012,Cayuga,28,1735.1060505447692,2008-2015,Other (28)
2012,Chautauqua,28,264.48401202192224,2008-2015,Other (28)
2012,Chemung,28,130.61102803196366,2008-2015,Other (28)
2012,Chenango,28,309.8332663959189,2008-2015,Other (28)
2012,Clinton,28,151.63210585608272,2008-2015,Other (28)
2012,Columbia,28,188.12145832941317,2008-2015,Other (28)
2012,Cortland,28,694.4160321986523,2008-2015,Other (28)
2012,Delaware,28,77.64769372055073,2008-2015,Other (28)
2012,Dutchess,28,38.58442977526675,2008-2015,Other (28)
2012,Erie,28,1745.5181728111947,2008-2015,Other (28)
2012,Essex,28,7.9817890225355885,2008-2015,Other (28)
2012,Franklin,28,269.34728918821514,2008-2015,Other (28)
2012,Fulton,28,25.373617096057156,2008-2015,Other (28)
2012,Genesee,28,765.770367085692,2008-2015,Other (28)
2012,Greene,28,52.709392802609024,2008-2015,Other (28)
2012,Hamilton,28,2.9781067429962103,2008-2015,Other (28)
2012,Herkimer,28,641.5883030283503,2008-2015,Other (28)
2012,Jefferson,28,972.8034739902698,2008-2015,Other (28)
2012,Lewis,28,435.21161823234877,2008-2015,Other (28)
2012,Livingston,28,1244.1180759873102,2008-2015,Other (28)
2012,Madison,28,1729.5463007762905,2008-2015,Other (28)
2012,Monroe,28,537.0562978431718,2008-2015,Other (28)
2012,Montgomery,28,680.7730566271466,2008-2015,Other (28)
2012,Niagara,28,2007.349542771502,2008-2015,Other (28)
2012,Oneida,28,1317.8300379530697,2008-2015,Other (28)
2012,Onondaga,28,1799.520041419049,2008-2015,Other (28)
2012,Ontario,28,1920.7249152595027,2008-2015,Other (28)
2012,Orange,28,108.05633352948755,2008-2015,Other (28)
2012,Orleans,28,106.99118266334243,2008-2015,Other (28)
2012,Oswego,28,371.66626758569237,2008-2015,Other (28)
2012,Otsego,28,850.260908121081,2008-2015,Other (28)
2012,Rensselaer,28,207.43027971509446,2008-2015,Other (28)
2012,Saratoga,28,17.336441828239366,2008-2015,Other (28)
2012,Schenectady,28,10.7950953054546,2008-2015,Other (28)
2012,Schoharie,28,53.43035400775294,2008-2015,Other (28)
2012,Schuyler,28,790.9813400351215,2008-2015,Other (28)
2012,Seneca,28,1904.1001436578233,2008-2015,Other (28)
2012,St. Lawrence,28,224.61873105013552,2008-2015,Other (28)
2012,Steuben,28,6848.180083129361,2008-2015,Other (28)
2012,Tioga,28,488.45471751439266,2008-2015,Other (28)
2012,Tompkins,28,1256.539892637026,2008-2015,Other (28)
2012,Ulster,28,26.8100242037545,2008-2015,Other (28)
2012,Washington,28,37.960907563319665,2008-2015,Other (28)
2012,Wayne,28,1156.0577110175898,2008-2015,Other (28)
2012,Wyoming,28,556.41833585294,2008-2015,Other (28)
2012,Yates,28,1268.6717137199203,2008-2015,Other (28)
2013,Albany,28,25.423997396712135,2008-2015,Other (28)
2013,Allegany,28,768.9453125991873,2008-2015,Other (28)
2013,Broome,28,91.02094926719937,2008-2015,Other (28)
2013,Cattaraugus,28,339.8879559015552,2008-2015,Other (28)
2013,Cayuga,28,1185.9228499664328,2008-2015,Other (28)
2013,Chautauqua,28,332.2218185894076,2008-2015,Other (28)
2013,Chemung,28,156.7494220098574,2008-2015,Other (28)
2013,Chenango,28,438.4360857066022,2008-2015,Other (28)
2013,Clinton,28,65.65288294022135,2008-2015,Other (28)
2013,Columbia,28,243.5775329420038,2008-2015,Other (28)
2013,Cortland,28,215.48646101192003,2008-2015,Other (28)
2013,Delaware,28,15.490796730795505,2008-2015,Other (28)
2013,Dutchess,28,36.730115712889784,2008-2015,Other (28)
2013,Erie,28,812.5935183698658,2008-2015,Other (28)
2013,Essex,28,5.261045146234234,2008-2015,Other (28)
2013,Franklin,28,109.4078795629595,2008-2015,Other (28)
2013,Fulton,28,53.75153212955468,2008-2015,Other (28)
2013,Genesee,28,455.9850680206197,2008-2015,Other (28)
2013,Greene,28,2.818459366630128,2008-2015,Other (28)
2013,Hamilton,28,4.890920336739773,2008-2015,Other (28)
2013,Herkimer,28,461.2118700075631,2008-2015,Other (28)
2013,Jefferson,28,383.44049251421876,2008-2015,Other (28)
2013,Lewis,28,263.0435720247984,2008-2015,Other (28)
2013,Livingston,28,996.0160208431171,2008-2015,Other (28)
2013,Madison,28,1204.967790520234,2008-2015,Other (28)
2013,Monroe,28,277.56776132056024,2008-2015,Other (28)
2013,Montgomery,28,418.13986267721475,2008-2015,Other (28)
2013,Niagara,28,2243.1114313267353,2008-2015,Other (28)
2013,Oneida,28,452.36176767784644,2008-2015,Other (28)
2013,Onondaga,28,1103.875672790141,2008-2015,Other (28)
2013,Ontario,28,1229.3926231203409,2008-2015,Other (28)
2013,Orange,28,30.72386876636603,2008-2015,Other (28)
2013,Orleans,28,293.1717639795496,2008-2015,Other (28)
2013,Oswego,28,76.44986085406735,2008-2015,Other (28)
2013,Otsego,28,190.04874517775826,2008-2015,Other (28)
2013,Rensselaer,28,141.54252204755878,2008-2015,Other (28)
2013,Saratoga,28,45.77925509684097,2008-2015,Other (28)
2013,Schoharie,28,11.028337509825468,2008-2015,Other (28)
2013,Schuyler,28,356.47812583952725,2008-2015,Other (28)
2013,Seneca,28,1297.8296995746132,2008-2015,Other (28)
2013,St. Lawrence,28,303.8858148494284,2008-2015,Other (28)
2013,Steuben,28,5396.519278799959,2008-2015,Other (28)
2013,Suffolk,28,65.49581182767271,2008-2015,Other (28)
2013,Tioga,28,283.0304643147276,2008-2015,Other (28)
2013,Tompkins,28,846.8501917790448,2008-2015,Other (28)
2013,Ulster,28,25.699601364675047,2008-2015,Other (28)
2013,Washington,28,4.176862808642484,2008-2015,Other (28)
2013,Wayne,28,380.3785576160464,2008-2015,Other (28)
2013,Wyoming,28,638.4005537571759,2008-2015,Other (28)
2013,Yates,28,731.1314138398064,2008-2015,Other (28)
2014,Allegany,28,502.25809775851684,2008-2015,Other (28)
2014,Broome,28,23.088555278201287,2008-2015,Other (28)
2014,Cattaraugus,28,457.84550328506504,2008-2015,Other (28)
2014,Cayuga,28,754.7312285639573,2008-2015,Other (28)
2014,Chautauqua,28,103.05120420803608,2008-2015,Other (28)
2014,Chemung,28,13.543908296444885,2008-2015,Other (28)
2014,Chenango,28,257.9298814429166,2008-2015,Other (28)
2014,Clinton,28,111.14902879613473,2008-2015,Other (28)
2014,Columbia,28,154.6522221157543,2008-2015,Other (28)
2014,Cortland,28,368.5223666681892,2008-2015,Other (28)
2014,Delaware,28,14.072247483859007,2008-2015,Other (28)
2014,Dutchess,28,18.527440027291725,2008-2015,Other (28)
2014,Erie,28,279.0470622058163,2008-2015,Other (28)
2014,Franklin,28,573.6918101967655,2008-2015,Other (28)
2014,Fulton,28,79.0155838706915,2008-2015,Other (28)
2014,Genesee,28,221.51009919953182,2008-2015,Other (28)
2014,Greene,28,15.378564934960815,2008-2015,Other (28)
2014,Herkimer,28,645.6009172792991,2008-2015,Other (28)
2014,Jefferson,28,7.432064068817102,2008-2015,Other (28)
2014,Lewis,28,66.9043511787422,2008-2015,Other (28)
2014,Livingston,28,527.0122282440052,2008-2015,Other (28)
2014,Madison,28,941.1028901522135,2008-2015,Other (28)
2014,Monroe,28,6.580158102985715,2008-2015,Other (28)
2014,Montgomery,28,326.5834892145415,2008-2015,Other (28)
2014,Niagara,28,473.59196719471487,2008-2015,Other (28)
2014,Oneida,28,626.6662986413332,2008-2015,Other (28)
2014,Onondaga,28,1399.0023129409012,2008-2015,Other (28)
2014,Ontario,28,764.6910713427808,2008-2015,Other (28)
2014,Orange,28,21.58368169541672,2008-2015,Other (28)
2014,Orleans,28,84.56221804449564,2008-2015,Other (28)
2014,Oswego,28,69.4058647749583,2008-2015,Other (28)
2014,Otsego,28,352.75017181858794,2008-2015,Other (28)
2014,Rensselaer,28,187.8994912707007,2008-2015,Other (28)
2014,Schenectady,28,12.044906213044506,2008-2015,Other (28)
2014,Schoharie,28,54.7963940983269,2008-2015,Other (28)
2014,Schuyler,28,331.39589126562527,2008-2015,Other (28)
2014,Seneca,28,1113.1259360925476,2008-2015,Other (28)
2014,St. Lawrence,28,305.6678564735028,2008-2015,Other (28)
2014,Steuben,28,4295.202074156262,2008-2015,Other (28)
2014,Tioga,28,223.69618483348233,2008-2015,Other (28)
2014,Tompkins,28,860.3133875592906,2008-2015,Other (28)
2014,Ulster,28,65.2797395430982,2008-2015,Other (28)
2014,Washington,28,26.313443592033963,2008-2015,Other (28)
2014,Wayne,28,400.4638650713348,2008-2015,Other (28)
2014,Wyoming,28,321.4296173869886,2008-2015,Other (28)
2014,Yates,28,284.2386359593645,2008-2015,Other (28)
2015,Allegany,28,1280.7638844457827,2008-2015,Other (28)
2015,Broome,28,138.3254989539602,2008-2015,Other (28)
2015,Cattaraugus,28,959.3986031909459,2008-2015,Other (28)
2015,Cayuga,28,1676.4387702508889,2008-2015,Other (28)
2015,Chautauqua,28,751.1253623342768,2008-2015,Other (28)
2015,Chemung,28,122.12451894993137,2008-2015,Other (28)
2015,Chenango,28,401.9557690501888,2008-2015,Other (28)
2015,Clinton,28,29.037089449902574,2008-2015,Other (28)
2015,Columbia,28,51.725485064907275,2008-2015,Other (28)
2015,Cortland,28,455.4772840171614,2008-2015,Other (28)
2015,Delaware,28,111.55682721933641,2008-2015,Other (28)
2015,Dutchess,28,6.639485684102061,2008-2015,Other (28)
2015,Erie,28,1429.7132936039222,2008-2015,Other (28)
2015,Essex,28,17.762118710426364,2008-2015,Other (28)
2015,Franklin,28,324.4384270652055,2008-2015,Other (28)
2015,Genesee,28,791.0994310223832,2008-2015,Other (28)
2015,Herkimer,28,715.7169763767293,2008-2015,Other (28)
2015,Jefferson,28,489.14095652705737,2008-2015,Other (28)
2015,Lewis,28,129.29024670658316,2008-2015,Other (28)
2015,Livingston,28,1706.8055526614883,2008-2015,Other (28)
2015,Madison,28,890.9945755198976,2008-2015,Other (28)
2015,Monroe,28,182.91776609991555,2008-2015,Other (28)
2015,Montgomery,28,228.78973573360287,2008-2015,Other (28)
2015,Niagara,28,2368.4589351107034,2008-2015,Other (28)
2015,Oneida,28,915.5465062044537,2008-2015,Other (28)
2015,Onondaga,28,1421.9646667953368,2008-2015,Other (28)
2015,Ontario,28,1089.3450382191854,2008-2015,Other (28)
2015,Orange,28,27.30767648361367,2008-2015,Other (28)
2015,Orleans,28,383.5910109990964,2008-2015,Other (28)
2015,Oswego,28,171.02451999166038,2008-2015,Other (28)
2015,Otsego,28,851.4160277812377,2008-2015,Other (28)
2015,Rensselaer,28,148.11826351097022,2008-2015,Other (28)
2015,Schoharie,28,38.763323446315496,2008-2015,Other (28)
2015,Schuyler,28,428.8114883105382,2008-2015,Other (28)
2015,Seneca,28,916.1769766571738,2008-2015,Other (28)
2015,St. Lawrence,28,451.0824317905249,2008-2015,Other (28)
2015,Steuben,28,5711.4904974988485,2008-2015,Other (28)
2015,Tioga,28,330.48951475602775,2008-2015,Other (28)
2015,Tompkins,28,999.4962262818465,2008-2015,Other (28)
2015,Washington,28,34.49374632233598,2008-2015,Other (28)
2015,Wayne,28,681.4840177560044,2008-2015,Other (28)
2015,Wyoming,28,1733.3635475422393,2008-2015,Other (28)
2015,Yates,28,486.06352191970916,2008-2015,Other (28)
2016,Allegany,28,1093.2248449652454,2016-Bridge,Other (28)
2016,Broome,28,57.426928908942,2016-Bridge,Other (28)
2016,Cattaraugus,28,1078.2642543883342,2016-Bridge,Other (28)
2016,Cayuga,28,1259.3994834576188,2016-Bridge,Other (28)
2016,Chautauqua,28,377.5980247061322,2016-Bridge,Other (28)
2016,Chemung,28,171.9708855642455,2016-Bridge,Other (28)
2016,Chenango,28,396.58250650838795,2016-Bridge,Other (28)
2016,Clinton,28,33.36552841758023,2016-Bridge,Other (28)
2016,Columbia,28,100.8389732369175,2016-Bridge,Other (28)
2016,Cortland,28,413.19447133351747,2016-Bridge,Other (28)
2016,Delaware,28,26.98215064221339,2016-Bridge,Other (28)
2016,Dutchess,28,26.288582679909208,2016-Bridge,Other (28)
2016,Erie,28,1570.637148091182,2016-Bridge,Other (28)
2016,Essex,28,32.9381843773215,2016-Bridge,Other (28)
2016,Franklin,28,376.9293234626716,2016-Bridge,Other (28)
2016,Fulton,28,61.643792497179184,2016-Bridge,Other (28)
2016,Genesee,28,427.5268596832748,2016-Bridge,Other (28)
2016,Greene,28,10.838056512804204,2016-Bridge,Other (28)
2016,Hamilton,28,2.6072992356497346,2016-Bridge,Other (28)
2016,Herkimer,28,609.7668265321057,2016-Bridge,Other (28)
2016,Jefferson,28,144.23614231176683,2016-Bridge,Other (28)
2016,Lewis,28,276.37641696167316,2016-Bridge,Other (28)
2016,Livingston,28,1613.332747970893,2016-Bridge,Other (28)
2016,Madison,28,736.108876140247,2016-Bridge,Other (28)
2016,Monroe,28,416.27528575966903,2016-Bridge,Other (28)
2016,Montgomery,28,143.64589253405717,2016-Bridge,Other (28)
2016,Niagara,28,2024.212176238538,2016-Bridge,Other (28)
2016,Oneida,28,1021.9508227680019,2016-Bridge,Other (28)
2016,Onondaga,28,1418.7083049617127,2016-Bridge,Other (28)
2016,Ontario,28,1619.2898775497627,2016-Bridge,Other (28)
2016,Orange,28,69.02691760692056,2016-Bridge,Other (28)
2016,Orleans,28,461.8365694489414,2016-Bridge,Other (28)
2016,Oswego,28,130.0233109732059,2016-Bridge,Other (28)
2016,Otsego,28,426.7957244743952,2016-Bridge,Other (28)
2016,Rensselaer,28,77.02107229502992,2016-Bridge,Other (28)
2016,Schoharie,28,148.97646435862453,2016-Bridge,Other (28)
2016,Schuyler,28,350.8166222412942,2016-Bridge,Other (28)
2016,Seneca,28,1144.1652690404053,2016-Bridge,Other (28)
2016,St. Lawrence,28,365.6993729007667,2016-Bridge,Other (28)
2016,Steuben,28,6829.379183673925,2016-Bridge,Other (28)
2016,Tioga,28,494.67338398424494,2016-Bridge,Other (28)
2016,Tompkins,28,1273.5407761968188,2016-Bridge,Other (28)
2016,Washington,28,17.65186257358701,2016-Bridge,Other (28)
2016,Wayne,28,504.68954614648754,2016-Bridge,Other (28)
2016,Wyoming,28,1099.5106735120276,2016-Bridge,Other (28)
2016,Yates,28,855.3111894477847,2016-Bridge,Other (28)
2017,Albany,28,6.865836856458,2017-2024,Other (28)
2017,Allegany,28,638.0865378194837,2017-2024,Other (28)
2017,Broome,28,3.53010760182284,2017-2024,Other (28)
2017,Cattaraugus,28,436.40537959667364,2017-2024,Other (28)
2017,Cayuga,28,432.90885458340813,2017-2024,Other (28)
2017,Chautauqua,28,177.8724735351246,2017-2024,Other (28)
2017,Chemung,28,104.1161956325813,2017-2024,Other (28)
2017,Chenango,28,129.00930101329536,2017-2024,Other (28)
2017,Clinton,28,18.50794585577865,2017-2024,Other (28)
2017,Columbia,28,21.07176217140683,2017-2024,Other (28)
2017,Cortland,28,151.57546088205788,2017-2024,Other (28)
2017,Delaware,28,12.51878323915815,2017-2024,Other (28)
2017,Dutchess,28,3.33011037393037,2017-2024,Other (28)
2017,Erie,28,354.3830239400556,2017-2024,Other (28)
2017,Franklin,28,268.684393356289,2017-2024,Other (28)
2017,Genesee,28,258.49018784934077,2017-2024,Other (28)
2017,Greene,28,21.0303685124949,2017-2024,Other (28)
2017,Herkimer,28,311.53317921577514,2017-2024,Other (28)
2017,Jefferson,28,113.37717443386802,2017-2024,Other (28)
2017,Lewis,28,108.08836474286008,2017-2024,Other (28)
2017,Livingston,28,786.5994756785155,2017-2024,Other (28)
2017,Madison,28,192.1529910843378,2017-2024,Other (28)
2017,Montgomery,28,107.595067859575,2017-2024,Other (28)
2017,Niagara,28,976.7973488262181,2017-2024,Other (28)
2017,Oneida,28,388.01742217215707,2017-2024,Other (28)
2017,Onondaga,28,426.8398593630609,2017-2024,Other (28)
2017,Ontario,28,607.0123248120359,2017-2024,Other (28)
2017,Orleans,28,214.87587758628467,2017-2024,Other (28)
2017,Oswego,28,20.8048340796041,2017-2024,Other (28)
2017,Otsego,28,88.32185557326068,2017-2024,Other (28)
2017,Rensselaer,28,23.1651304984487,2017-2024,Other (28)
2017,Schoharie,28,13.92817478938229,2017-2024,Other (28)
2017,Schuyler,28,180.82805949495327,2017-2024,Other (28)
2017,Seneca,28,438.02861497768055,2017-2024,Other (28)
2017,St. Lawrence,28,2.81679686982629,2017-2024,Other (28)
2017,Steuben,28,4011.265617314273,2017-2024,Other (28)
2017,Tioga,28,140.52560104716045,2017-2024,Other (28)
2017,Tompkins,28,122.40764166815046,2017-2024,Other (28)
2017,Washington,28,18.1709651011348,2017-2024,Other (28)
2017,Wayne,28,237.8084526244671,2017-2024,Other (28)
2017,Wyoming,28,743.1869266110309,2017-2024,Other (28)
2017,Yates,28,177.96054926368546,2017-2024,Other (28)
2018,Albany,28,6.12259126545779,2017-2024,Other (28)
2018,Allegany,28,298.1994069833843,2017-2024,Other (28)
2018,Broome,28,213.97192986848202,2017-2024,Other (28)
2018,Cattaraugus,28,526.5185349557096,2017-2024,Other (28)
2018,Cayuga,28,731.3621778090469,2017-2024,Other (28)
2018,Chautauqua,28,88.71203554144998,2017-2024,Other (28)
2018,Chemung,28,18.65078089412935,2017-2024,Other (28)
2018,Chenango,28,208.00990114930212,2017-2024,Other (28)
2018,Clinton,28,52.38891247304113,2017-2024,Other (28)
2018,Columbia,28,141.6055844577231,2017-2024,Other (28)
2018,Cortland,28,154.0744360461037,2017-2024,Other (28)
2018,Delaware,28,39.59335341876327,2017-2024,Other (28)
2018,Dutchess,28,6.076178450417659,2017-2024,Other (28)
2018,Erie,28,824.3514529665252,2017-2024,Other (28)
2018,Essex,28,55.85377185532538,2017-2024,Other (28)
2018,Franklin,28,199.5477662389679,2017-2024,Other (28)
2018,Genesee,28,513.7902389226767,2017-2024,Other (28)
2018,Greene,28,4.81217551941363,2017-2024,Other (28)
2018,Herkimer,28,393.2516559454102,2017-2024,Other (28)
2018,Jefferson,28,236.9757118563539,2017-2024,Other (28)
2018,Lewis,28,33.52042391822029,2017-2024,Other (28)
2018,Livingston,28,915.8449743171717,2017-2024,Other (28)
2018,Madison,28,367.89791673067026,2017-2024,Other (28)
2018,Monroe,28,83.8621339024032,2017-2024,Other (28)
2018,Montgomery,28,256.56001693785555,2017-2024,Other (28)
2018,Niagara,28,1414.248955331566,2017-2024,Other (28)
2018,Oneida,28,527.5476370335963,2017-2024,Other (28)
2018,Onondaga,28,808.905924599432,2017-2024,Other (28)
2018,Ontario,28,809.8820141894654,2017-2024,Other (28)
2018,Orange,28,8.6833419511945,2017-2024,Other (28)
2018,Orleans,28,138.8447702578503,2017-2024,Other (28)
2018,Oswego,28,362.0825087439342,2017-2024,Other (28)
2018,Otsego,28,467.80453404897605,2017-2024,Other (28)
2018,Rensselaer,28,65.70864692898301,2017-2024,Other (28)
2018,Saratoga,28,20.9716336850613,2017-2024,Other (28)
2018,Schoharie,28,33.17693111330937,2017-2024,Other (28)
2018,Schuyler,28,141.32097633672583,2017-2024,Other (28)
2018,Seneca,28,700.8495447116243,2017-2024,Other (28)
2018,St. Lawrence,28,158.67083074666897,2017-2024,Other (28)
2018,Steuben,28,3510.414016324106,2017-2024,Other (28)
2018,Suffolk,28,11.3063542097251,2017-2024,Other (28)
2018,Tioga,28,88.5012059368228,2017-2024,Other (28)
2018,Tompkins,28,372.02288661342334,2017-2024,Other (28)
2018,Washington,28,306.2160186963677,2017-2024,Other (28)
2018,Wayne,28,354.2701571698353,2017-2024,Other (28)
2018,Wyoming,28,830.9020618425752,2017-2024,Other (28)
2018,Yates,28,256.00073981277893,2017-2024,Other (28)
2019,Allegany,28,415.68578125372557,2017-2024,Other (28)
2019,Broome,28,11.0013706740347,2017-2024,Other (28)
2019,Cattaraugus,28,700.5890392085997,2017-2024,Other (28)
2019,Cayuga,28,728.4038965765411,2017-2024,Other (28)
2019,Chautauqua,28,321.7220567472898,2017-2024,Other (28)
2019,Chemung,28,143.05590472650246,2017-2024,Other (28)
2019,Chenango,28,204.95046391350616,2017-2024,Other (28)
2019,Clinton,28,51.87590676088556,2017-2024,Other (28)
2019,Columbia,28,123.71143436933804,2017-2024,Other (28)
2019,Cortland,28,183.17582921513127,2017-2024,Other (28)
2019,Dutchess,28,46.557839233822904,2017-2024,Other (28)
2019,Erie,28,614.8013008887856,2017-2024,Other (28)
2019,Franklin,28,174.88922493681295,2017-2024,Other (28)
2019,Genesee,28,420.3536105073408,2017-2024,Other (28)
2019,Herkimer,28,697.0704442760563,2017-2024,Other (28)
2019,Jefferson,28,113.08931889583913,2017-2024,Other (28)
2019,Lewis,28,23.386460788931288,2017-2024,Other (28)
2019,Livingston,28,1402.6649531551577,2017-2024,Other (28)
2019,Madison,28,592.8223634804416,2017-2024,Other (28)
2019,Monroe,28,39.37062248514253,2017-2024,Other (28)
2019,Montgomery,28,95.22225288204947,2017-2024,Other (28)
2019,Niagara,28,313.47832977517896,2017-2024,Other (28)
2019,Oneida,28,435.06407711442364,2017-2024,Other (28)
2019,Onondaga,28,785.1057807383678,2017-2024,Other (28)
2019,Ontario,28,1027.1394775774872,2017-2024,Other (28)
2019,Orange,28,16.12350256048848,2017-2024,Other (28)
2019,Orleans,28,68.65828834570083,2017-2024,Other (28)
2019,Otsego,28,548.4864600365842,2017-2024,Other (28)
2019,Rensselaer,28,107.72993003101564,2017-2024,Other (28)
2019,Saratoga,28,26.24709575669833,2017-2024,Other (28)
2019,Schoharie,28,89.64586507141158,2017-2024,Other (28)
2019,Schuyler,28,205.940965212004,2017-2024,Other (28)
2019,Seneca,28,655.4026400584112,2017-2024,Other (28)
2019,St. Lawrence,28,269.5972490544141,2017-2024,Other (28)
2019,Steuben,28,3618.3192122307337,2017-2024,Other (28)
2019,Suffolk,28,11.3063542097251,2017-2024,Other (28)
2019,Tioga,28,119.0995977861855,2017-2024,Other (28)
2019,Tompkins,28,348.78578536300665,2017-2024,Other (28)
2019,Ulster,28,66.95947398327858,2017-2024,Other (28)
2019,Washington,28,4.68862980526482,2017-2024,Other (28)
2019,Wayne,28,434.62543377167145,2017-2024,Other (28)
2019,Wyoming,28,1534.408700685271,2017-2024,Other (28)
2019,Yates,28,564.9041949885294,2017-2024,Other (28)
2020,Albany,28,23.92654133490892,2017-2024,Other (28)
2020,Allegany,28,599.4649542784488,2017-2024,Other (28)
2020,Broome,28,61.644123092889664,2017-2024,Other (28)
2020,Cattaraugus,28,688.8777576351671,2017-2024,Other (28)
2020,Cayuga,28,891.386255585736,2017-2024,Other (28)
2020,Chautauqua,28,158.47497826156393,2017-2024,Other (28)
2020,Chemung,28,83.33216773427743,2017-2024,Other (28)
2020,Chenango,28,216.27916310874343,2017-2024,Other (28)
2020,Clinton,28,99.1690591650411,2017-2024,Other (28)
2020,Columbia,28,94.20354657021713,2017-2024,Other (28)
2020,Cortland,28,531.0305215467382,2017-2024,Other (28)
2020,Delaware,28,57.528857311387895,2017-2024,Other (28)
2020,Dutchess,28,56.46929900422096,2017-2024,Other (28)
2020,Erie,28,715.5716146157026,2017-2024,Other (28)
2020,Essex,28,35.46267531345323,2017-2024,Other (28)
2020,Franklin,28,250.6805226802249,2017-2024,Other (28)
2020,Fulton,28,12.8989151582567,2017-2024,Other (28)
2020,Genesee,28,502.2458579564679,2017-2024,Other (28)
2020,Herkimer,28,767.3441145796762,2017-2024,Other (28)
2020,Jefferson,28,231.5277439421793,2017-2024,Other (28)
2020,Lewis,28,346.9822464267964,2017-2024,Other (28)
2020,Livingston,28,1212.745673148014,2017-2024,Other (28)
2020,Madison,28,595.9360221991204,2017-2024,Other (28)
2020,Monroe,28,226.26292241549822,2017-2024,Other (28)
2020,Montgomery,28,258.78170410199505,2017-2024,Other (28)
2020,Niagara,28,1820.8594244632984,2017-2024,Other (28)
2020,Oneida,28,703.5716222546212,2017-2024,Other (28)
2020,Onondaga,28,1594.303074599451,2017-2024,Other (28)
2020,Ontario,28,1158.463713732439,2017-2024,Other (28)
2020,Orange,28,4.44049153172694,2017-2024,Other (28)
2020,Orleans,28,142.76816833635945,2017-2024,Other (28)
2020,Oswego,28,37.25552218684243,2017-2024,Other (28)
2020,Otsego,28,569.2762437949308,2017-2024,Other (28)
2020,Rensselaer,28,137.75667978135647,2017-2024,Other (28)
2020,Saratoga,28,26.909599636099,2017-2024,Other (28)
2020,Schenectady,28,3.07742206004813,2017-2024,Other (28)
2020,Schoharie,28,44.304571761564,2017-2024,Other (28)
2020,Schuyler,28,264.7480336742721,2017-2024,Other (28)
2020,Seneca,28,859.8210398632648,2017-2024,Other (28)
2020,St. Lawrence,28,261.7935178066706,2017-2024,Other (28)
2020,Steuben,28,3833.1258254333306,2017-2024,Other (28)
2020,Tioga,28,169.49826018208927,2017-2024,Other (28)
2020,Tompkins,28,589.3372864325172,2017-2024,Other (28)
2020,Ulster,28,63.90951419788411,2017-2024,Other (28)
2020,Washington,28,15.42003805484832,2017-2024,Other (28)
2020,Wayne,28,657.3345581680969,2017-2024,Other (28)
2020,Wyoming,28,983.782750977984,2017-2024,Other (28)
2020,Yates,28,633.1790586866523,2017-2024,Other (28)
2021,Allegany,28,124.15677138049811,2017-2024,Other (28)
2021,Broome,28,38.93035224387257,2017-2024,Other (28)
2021,Cattaraugus,28,793.9685257698007,2017-2024,Other (28)
2021,Cayuga,28,694.155242722352,2017-2024,Other (28)
2021,Chautauqua,28,187.87468430509455,2017-2024,Other (28)
2021,Chemung,28,25.74762691891174,2017-2024,Other (28)
2021,Chenango,28,67.27060013043813,2017-2024,Other (28)
2021,Clinton,28,77.17781515030798,2017-2024,Other (28)
2021,Columbia,28,218.8610501802863,2017-2024,Other (28)
2021,Cortland,28,222.53708025073135,2017-2024,Other (28)
2021,Dutchess,28,111.1330776447223,2017-2024,Other (28)
2021,Erie,28,1456.4116749385753,2017-2024,Other (28)
2021,Franklin,28,253.80979892679008,2017-2024,Other (28)
2021,Genesee,28,323.77113853179264,2017-2024,Other (28)
2021,Herkimer,28,326.9437633607654,2017-2024,Other (28)
2021,Jefferson,28,46.42367522398837,2017-2024,Other (28)
2021,Lewis,28,313.8390789538605,2017-2024,Other (28)
2021,Livingston,28,1172.1063660523396,2017-2024,Other (28)
2021,Madison,28,284.8632183300556,2017-2024,Other (28)
2021,Monroe,28,80.17039180027689,2017-2024,Other (28)
2021,Montgomery,28,64.08651111293734,2017-2024,Other (28)
2021,Niagara,28,1676.8433396862008,2017-2024,Other (28)
2021,Oneida,28,407.8961807279084,2017-2024,Other (28)
2021,Onondaga,28,811.9705560614917,2017-2024,Other (28)
2021,Ontario,28,842.8031115739227,2017-2024,Other (28)
2021,Orange,28,25.83150431367329,2017-2024,Other (28)
2021,Orleans,28,118.48832417933576,2017-2024,Other (28)
2021,Oswego,28,60.06194452599069,2017-2024,Other (28)
2021,Otsego,28,215.90830694464552,2017-2024,Other (28)
2021,Rensselaer,28,52.992470166299206,2017-2024,Other (28)
2021,Schoharie,28,23.20863644879794,2017-2024,Other (28)
2021,Schuyler,28,174.37472711574074,2017-2024,Other (28)
2021,Seneca,28,891.7741344280558,2017-2024,Other (28)
2021,St. Lawrence,28,142.65102513014583,2017-2024,Other (28)
2021,Steuben,28,4096.545088403106,2017-2024,Other (28)
2021,Tioga,28,253.43121866040707,2017-2024,Other (28)
2021,Tompkins,28,208.14230647613317,2017-2024,Other (28)
2021,Ulster,28,20.1807722304028,2017-2024,Other (28)
2021,Wayne,28,389.1056242557428,2017-2024,Other (28)
2021,Wyoming,28,984.3101626091836,2017-2024,Other (28)
2021,Yates,28,618.3567333486538,2017-2024,Other (28)
2022,Albany,28,19.6931217658643,2017-2024,Other (28)
2022,Allegany,28,219.2190526365906,2017-2024,Other (28)
2022,Broome,28,90.27125030806155,2017-2024,Other (28)
2022,Cattaraugus,28,517.2470512502161,2017-2024,Other (28)
2022,Cayuga,28,628.5809701033011,2017-2024,Other (28)
2022,Chautauqua,28,126.90854003470432,2017-2024,Other (28)
2022,Chemung,28,8.538246699172,2017-2024,Other (28)
2022,Chenango,28,144.03894653451638,2017-2024,Other (28)
2022,Clinton,28,44.380199276652974,2017-2024,Other (28)
2022,Columbia,28,189.13236434908134,2017-2024,Other (28)
2022,Cortland,28,281.8325917100175,2017-2024,Other (28)
2022,Delaware,28,53.1974181840766,2017-2024,Other (28)
2022,Dutchess,28,75.34882896605104,2017-2024,Other (28)
2022,Erie,28,468.74666384284683,2017-2024,Other (28)
2022,Franklin,28,311.3710942486458,2017-2024,Other (28)
2022,Fulton,28,22.46205781312925,2017-2024,Other (28)
2022,Genesee,28,453.0785616194563,2017-2024,Other (28)
2022,Herkimer,28,398.5271214460658,2017-2024,Other (28)
2022,Jefferson,28,68.99856579023732,2017-2024,Other (28)
2022,Lewis,28,170.00581496532857,2017-2024,Other (28)
2022,Livingston,28,601.6450318818453,2017-2024,Other (28)
2022,Madison,28,641.9362528398711,2017-2024,Other (28)
2022,Monroe,28,137.1822956570034,2017-2024,Other (28)
2022,Montgomery,28,336.73684190591996,2017-2024,Other (28)
2022,Niagara,28,1066.3294916776513,2017-2024,Other (28)
2022,Oneida,28,616.7328178597476,2017-2024,Other (28)
2022,Onondaga,28,805.4718210391728,2017-2024,Other (28)
2022,Ontario,28,909.0803221376912,2017-2024,Other (28)
2022,Orange,28,116.98330960052932,2017-2024,Other (28)
2022,Orleans,28,191.99445724904317,2017-2024,Other (28)
2022,Oswego,28,21.17152120557996,2017-2024,Other (28)
2022,Otsego,28,462.0313342483516,2017-2024,Other (28)
2022,Rensselaer,28,80.2660901053911,2017-2024,Other (28)
2022,Saratoga,28,6.12816225190793,2017-2024,Other (28)
2022,Schoharie,28,357.9998624895367,2017-2024,Other (28)
2022,Schuyler,28,352.01567983926674,2017-2024,Other (28)
2022,Seneca,28,824.1261956571549,2017-2024,Other (28)
2022,St. Lawrence,28,63.44630452146321,2017-2024,Other (28)
2022,Steuben,28,3513.662157118656,2017-2024,Other (28)
2022,Tioga,28,202.10657337539178,2017-2024,Other (28)
2022,Tompkins,28,322.32404350470887,2017-2024,Other (28)
2022,Ulster,28,74.28393616926785,2017-2024,Other (28)
2022,Washington,28,57.278202144580646,2017-2024,Other (28)
2022,Wayne,28,243.45089414539547,2017-2024,Other (28)
2022,Wyoming,28,492.53311406143007,2017-2024,Other (28)
2022,Yates,28,238.49847558141659,2017-2024,Other (28)
2023,Albany,28,13.9899230944216,2017-2024,Other (28)
2023,Allegany,28,626.5335773506268,2017-2024,Other (28)
2023,Broome,28,73.94483857419539,2017-2024,Other (28)
2023,Cattaraugus,28,541.7442102489382,2017-2024,Other (28)
2023,Cayuga,28,698.7963101969682,2017-2024,Other (28)
2023,Chautauqua,28,206.2230903544296,2017-2024,Other (28)
2023,Chemung,28,13.446214840935141,2017-2024,Other (28)
2023,Chenango,28,124.18719838221928,2017-2024,Other (28)
2023,Clinton,28,49.90670939150036,2017-2024,Other (28)
2023,Columbia,28,128.08722368902446,2017-2024,Other (28)
2023,Cortland,28,287.8443311563466,2017-2024,Other (28)
2023,Delaware,28,45.42110223466802,2017-2024,Other (28)
2023,Dutchess,28,39.116920588144204,2017-2024,Other (28)
2023,Erie,28,757.7259930602489,2017-2024,Other (28)
2023,Franklin,28,343.79958549997684,2017-2024,Other (28)
2023,Fulton,28,11.57135142692148,2017-2024,Other (28)
2023,Genesee,28,447.52571953047317,2017-2024,Other (28)
2023,Herkimer,28,550.3232860067628,2017-2024,Other (28)
2023,Jefferson,28,139.39646618936337,2017-2024,Other (28)
2023,Lewis,28,307.5268283356402,2017-2024,Other (28)
2023,Livingston,28,1425.65383150744,2017-2024,Other (28)
2023,Madison,28,927.864985454676,2017-2024,Other (28)
2023,Monroe,28,96.65856500430304,2017-2024,Other (28)
2023,Montgomery,28,392.2932232780256,2017-2024,Other (28)
2023,Niagara,28,1301.1628105429913,2017-2024,Other (28)
2023,Oneida,28,471.2660985129409,2017-2024,Other (28)
2023,Onondaga,28,856.6762934056187,2017-2024,Other (28)
2023,Ontario,28,733.8389921010793,2017-2024,Other (28)
2023,Orange,28,81.35373145359421,2017-2024,Other (28)
2023,Orleans,28,218.90360307794663,2017-2024,Other (28)
2023,Oswego,28,32.85501548293494,2017-2024,Other (28)
2023,Otsego,28,542.3718031320826,2017-2024,Other (28)
2023,Rensselaer,28,98.47177693756535,2017-2024,Other (28)
2023,Saratoga,28,20.8664948496855,2017-2024,Other (28)
2023,Schenectady,28,12.4176311945659,2017-2024,Other (28)
2023,Schoharie,28,31.93914953829884,2017-2024,Other (28)
2023,Schuyler,28,176.8327585497463,2017-2024,Other (28)
2023,Seneca,28,826.0511517201597,2017-2024,Other (28)
2023,St. Lawrence,28,24.94195641585231,2017-2024,Other (28)
2023,Steuben,28,4126.621107154518,2017-2024,Other (28)
2023,Tioga,28,148.15313836997868,2017-2024,Other (28)
2023,Tompkins,28,281.717862437337,2017-2024,Other (28)
2023,Ulster,28,120.52205249989024,2017-2024,Other (28)
2023,Washington,28,23.19828057723217,2017-2024,Other (28)
2023,Wayne,28,231.2056400620323,2017-2024,Other (28)
2023,Wyoming,28,698.3833871654723,2017-2024,Other (28)
2023,Yates,28,408.2866550270505,2017-2024,Other (28)
2024,Albany,28,96.28834495578464,2017-2024,Other (28)
2024,Allegany,28,505.1320539560088,2017-2024,Other (28)
2024,Broome,28,41.90412069063776,2017-2024,Other (28)
2024,Cattaraugus,28,579.3098354936077,2017-2024,Other (28)
2024,Cayuga,28,673.0915107846772,2017-2024,Other (28)
2024,Chautauqua,28,351.44636242836174,2017-2024,Other (28)
2024,Chemung,28,36.348706572722605,2017-2024,Other (28)
2024,Chenango,28,254.26583123247633,2017-2024,Other (28)
2024,Clinton,28,144.9498358766677,2017-2024,Other (28)
2024,Columbia,28,332.83293783541694,2017-2024,Other (28)
2024,Cortland,28,434.9958272838001,2017-2024,Other (28)
2024,Dutchess,28,152.6825488441667,2017-2024,Other (28)
2024,Erie,28,571.8920848440581,2017-2024,Other (28)
2024,Franklin,28,429.32265210889614,2017-2024,Other (28)
2024,Genesee,28,264.4061348690638,2017-2024,Other (28)
2024,Greene,28,59.3499919310869,2017-2024,Other (28)
2024,Herkimer,28,479.9326419223823,2017-2024,Other (28)
2024,Jefferson,28,279.48974504823946,2017-2024,Other (28)
2024,Lewis,28,317.83177084915826,2017-2024,Other (28)
2024,Livingston,28,997.7568156781155,2017-2024,Other (28)
2024,Madison,28,702.4481351789075,2017-2024,Other (28)
2024,Monroe,28,41.16896453553108,2017-2024,Other (28)
2024,Montgomery,28,170.05945592301214,2017-2024,Other (28)
2024,Niagara,28,1203.9473244503247,2017-2024,Other (28)
2024,Oneida,28,832.8288903872879,2017-2024,Other (28)
2024,Onondaga,28,475.9218547463764,2017-2024,Other (28)
2024,Ontario,28,613.6433104860478,2017-2024,Other (28)
2024,Orange,28,100.33667202325316,2017-2024,Other (28)
2024,Orleans,28,59.25012610026555,2017-2024,Other (28)
2024,Oswego,28,206.4070603164422,2017-2024,Other (28)
2024,Otsego,28,371.4470320783169,2017-2024,Other (28)
2024,Rensselaer,28,134.67649689723845,2017-2024,Other (28)
2024,Saratoga,28,121.46647228938382,2017-2024,Other (28)
2024,Schoharie,28,106.00040906660743,2017-2024,Other (28)
2024,Schuyler,28,111.85388406288955,2017-2024,Other (28)
2024,Seneca,28,574.3012093251278,2017-2024,Other (28)
2024,St. Lawrence,28,177.09685906147152,2017-2024,Other (28)
2024,Steuben,28,4427.680418784881,2017-2024,Other (28)
2024,Suffolk,28,215.94980198484032,2017-2024,Other (28)
2024,Tioga,28,65.59985518631049,2017-2024,Other (28)
2024,Tompkins,28,185.07747534200158,2017-2024,Other (28)
2024,Ulster,28,198.27898119466238,2017-2024,Other (28)
2024,Washington,28,135.3121549283779,2017-2024,Other (28)
2024,Wayne,28,212.0326110931623,2017-2024,Other (28)
2024,Wyoming,28,1043.3483470742767,2017-2024,Other (28)
2024,Yates,28,354.8851100425746,2017-2024,Other (28)
2008,Albany,42,7.384716216641017,2008-2015,Other (42)
2008,Allegany,42,726.5392734183841,2008-2015,Other (42)
2008,Broome,42,6.423874110581222,2008-2015,Other (42)
2008,Cattaraugus,42,1327.1566024301005,2008-2015,Other (42)
2008,Cayuga,42,509.9992671122517,2008-2015,Other (42)
2008,Chautauqua,42,580.6186883529213,2008-2015,Other (42)
2008,Chenango,42,87.36326187906963,2008-2015,Other (42)
2008,Cortland,42,3.2916687675061675,2008-2015,Other (42)
2008,Erie,42,980.6480162392816,2008-2015,Other (42)
2008,Franklin,42,17.102166952917635,2008-2015,Other (42)
2008,Fulton,42,40.46463021797448,2008-2015,Other (42)
2008,Genesee,42,7315.142701924151,2008-2015,Other (42)
2008,Herkimer,42,541.8079379588653,2008-2015,Other (42)
2008,Jefferson,42,18.465039975231196,2008-2015,Other (42)
2008,Livingston,42,8102.353618125283,2008-2015,Other (42)
2008,Madison,42,343.78943838286045,2008-2015,Other (42)
2008,Monroe,42,3363.0812786247584,2008-2015,Other (42)
2008,Montgomery,42,25.159320910883405,2008-2015,Other (42)
2008,Niagara,42,96.43846686901277,2008-2015,Other (42)
2008,Oneida,42,1739.0037511954433,2008-2015,Other (42)
2008,Onondaga,42,444.69685588072923,2008-2015,Other (42)
2008,Ontario,42,1633.464932638289,2008-2015,Other (42)
2008,Orleans,42,6606.016351020045,2008-2015,Other (42)
2008,Oswego,42,94.51702816061852,2008-2015,Other (42)
2008,Otsego,42,41.72728555527418,2008-2015,Other (42)
2008,Saratoga,42,9.303357448168573,2008-2015,Other (42)
2008,Schuyler,42,61.06482723842575,2008-2015,Other (42)
2008,Seneca,42,353.8269834304637,2008-2015,Other (42)
2008,St. Lawrence,42,15.004706133008046,2008-2015,Other (42)
2008,Steuben,42,1496.7409579442512,2008-2015,Other (42)
2008,Tioga,42,9.22101315508947,2008-2015,Other (42)
2008,Tompkins,42,37.70115513486459,2008-2015,Other (42)
2008,Ulster,42,222.24906502386045,2008-2015,Other (42)
2008,Wayne,42,370.5854957523289,2008-2015,Other (42)
2008,Wyoming,42,2804.189511988478,2008-2015,Other (42)
2008,Yates,42,964.0872185223318,2008-2015,Other (42)
2009,Allegany,42,576.3593613425998,2008-2015,Other (42)
2009,Broome,42,149.42290157424105,2008-2015,Other (42)
2009,Cattaraugus,42,1102.8655722242236,2008-2015,Other (42)
2009,Cayuga,42,791.9524991074886,2008-2015,Other (42)
2009,Chautauqua,42,270.02258755570375,2008-2015,Other (42)
2009,Chemung,42,15.940188900083811,2008-2015,Other (42)
2009,Chenango,42,215.07487620347266,2008-2015,Other (42)
2009,Cortland,42,33.34072385698737,2008-2015,Other (42)
2009,Delaware,42,27.994329555970623,2008-2015,Other (42)
2009,Erie,42,1392.3758346765073,2008-2015,Other (42)
2009,Genesee,42,6767.665519416455,2008-2015,Other (42)
2009,Herkimer,42,940.0893910744392,2008-2015,Other (42)
2009,Lewis,42,31.58931394075724,2008-2015,Other (42)
2009,Livingston,42,6506.094726669563,2008-2015,Other (42)
2009,Madison,42,1223.402986895085,2008-2015,Other (42)
2009,Monroe,42,3807.2941386250845,2008-2015,Other (42)
2009,Niagara,42,1527.6976532610097,2008-2015,Other (42)
2009,Oneida,42,3290.677123880193,2008-2015,Other (42)
2009,Onondaga,42,469.2238713642543,2008-2015,Other (42)
2009,Ontario,42,1902.3149041257523,2008-2015,Other (42)
2009,Orleans,42,5838.883771120924,2008-2015,Other (42)
2009,Oswego,42,90.85593935379269,2008-2015,Other (42)
2009,Otsego,42,43.91749863189877,2008-2015,Other (42)
2009,Schuyler,42,60.25688544688484,2008-2015,Other (42)
2009,Seneca,42,535.3375906668223,2008-2015,Other (42)
2009,Steuben,42,1710.1337372457585,2008-2015,Other (42)
2009,Tioga,42,49.96780048123825,2008-2015,Other (42)
2009,Tompkins,42,103.33421850621846,2008-2015,Other (42)
2009,Ulster,42,56.6087829625194,2008-2015,Other (42)
2009,Wayne,42,295.636699304674,2008-2015,Other (42)
2009,Wyoming,42,1280.55922337907,2008-2015,Other (42)
2009,Yates,42,668.7341113823134,2008-2015,Other (42)
2010,Allegany,42,620.2925879350668,2008-2015,Other (42)
2010,Broome,42,10.994186922229613,2008-2015,Other (42)
2010,Cattaraugus,42,1627.312026435679,2008-2015,Other (42)
2010,Cayuga,42,628.3178580549924,2008-2015,Other (42)
2010,Chautauqua,42,679.1636970872844,2008-2015,Other (42)
2010,Chemung,42,20.026182798781335,2008-2015,Other (42)
2010,Chenango,42,80.32053664389878,2008-2015,Other (42)
2010,Erie,42,1468.0425045556278,2008-2015,Other (42)
2010,Franklin,42,58.048451890060136,2008-2015,Other (42)
2010,Fulton,42,28.756528396634835,2008-2015,Other (42)
2010,Genesee,42,6664.141289587415,2008-2015,Other (42)
2010,Herkimer,42,348.1198460627046,2008-2015,Other (42)
2010,Jefferson,42,10.628829373638858,2008-2015,Other (42)
2010,Lewis,42,87.12772101365137,2008-2015,Other (42)
2010,Livingston,42,5253.100336256358,2008-2015,Other (42)
2010,Madison,42,585.4466630863141,2008-2015,Other (42)
2010,Monroe,42,2794.494956217334,2008-2015,Other (42)
2010,Montgomery,42,12.00144382039883,2008-2015,Other (42)
2010,Niagara,42,255.93156205569392,2008-2015,Other (42)
2010,Oneida,42,1694.524473640961,2008-2015,Other (42)
2010,Onondaga,42,593.1509068524358,2008-2015,Other (42)
2010,Ontario,42,1352.9909736032532,2008-2015,Other (42)
2010,Orange,42,5.737135245351508,2008-2015,Other (42)
2010,Orleans,42,3828.8244505579573,2008-2015,Other (42)
2010,Oswego,42,130.6487316086585,2008-2015,Other (42)
2010,Otsego,42,14.287558012836891,2008-2015,Other (42)
2010,Schenectady,42,2.662373986429311,2008-2015,Other (42)
2010,Schuyler,42,7.2571036232408765,2008-2015,Other (42)
2010,Seneca,42,259.3386344543281,2008-2015,Other (42)
2010,Steuben,42,1455.6264257306466,2008-2015,Other (42)
2010,Tioga,42,4.563689994935931,2008-2015,Other (42)
2010,Tompkins,42,38.48531377967247,2008-2015,Other (42)
2010,Ulster,42,49.94091313544813,2008-2015,Other (42)
2010,Wayne,42,100.86025677302163,2008-2015,Other (42)
2010,Wyoming,42,1220.4583393122,2008-2015,Other (42)
2010,Yates,42,211.4538498946417,2008-2015,Other (42)
2011,Allegany,42,741.0579329218231,2008-2015,Other (42)
2011,Broome,42,3.6127712541318227,2008-2015,Other (42)
2011,Cattaraugus,42,634.4815817901793,2008-2015,Other (42)
2011,Cayuga,42,563.5181588027892,2008-2015,Other (42)
2011,Chautauqua,42,105.62101828477978,2008-2015,Other (42)
2011,Chemung,42,26.278271455842063,2008-2015,Other (42)
2011,Chenango,42,7.906005679342272,2008-2015,Other (42)
2011,Erie,42,502.75544412033196,2008-2015,Other (42)
2011,Genesee,42,2573.4639740844473,2008-2015,Other (42)
2011,Herkimer,42,306.71425318917255,2008-2015,Other (42)
2011,Jefferson,42,3.002115144720879,2008-2015,Other (42)
2011,Livingston,42,2653.4279658933874,2008-2015,Other (42)
2011,Madison,42,767.915695682273,2008-2015,Other (42)
2011,Monroe,42,3100.2271739542157,2008-2015,Other (42)
2011,Niagara,42,525.8013021870545,2008-2015,Other (42)
2011,Oneida,42,1618.1012216282463,2008-2015,Other (42)
2011,Onondaga,42,637.3055380902437,2008-2015,Other (42)
2011,Ontario,42,1849.9865490446036,2008-2015,Other (42)
2011,Orleans,42,3361.11488138585,2008-2015,Other (42)
2011,Oswego,42,66.49400012691656,2008-2015,Other (42)
2011,Schuyler,42,5.868217033907274,2008-2015,Other (42)
2011,Seneca,42,41.07883411943948,2008-2015,Other (42)
2011,Steuben,42,1458.9538242989622,2008-2015,Other (42)
2011,Tioga,42,24.333158780020288,2008-2015,Other (42)
2011,Tompkins,42,134.49798122318472,2008-2015,Other (42)
2011,Ulster,42,156.03583346137125,2008-2015,Other (42)
2011,Wayne,42,69.38890443451528,2008-2015,Other (42)
2011,Wyoming,42,802.829545271205,2008-2015,Other (42)
2011,Yates,42,455.3166868027646,2008-2015,Other (42)
2012,Allegany,42,600.3644824579246,2008-2015,Other (42)
2012,Cattaraugus,42,1432.9775579224672,2008-2015,Other (42)
2012,Cayuga,42,611.7896282407022,2008-2015,Other (42)
2012,Chautauqua,42,737.3602683830584,2008-2015,Other (42)
2012,Chenango,42,21.482689946415963,2008-2015,Other (42)
2012,Delaware,42,26.0185105409302,2008-2015,Other (42)
2012,Erie,42,411.8551023028874,2008-2015,Other (42)
2012,Genesee,42,4653.823904194126,2008-2015,Other (42)
2012,Greene,42,9.80959011882912,2008-2015,Other (42)
2012,Herkimer,42,345.5091418833119,2008-2015,Other (42)
2012,Jefferson,42,36.514022140032516,2008-2015,Other (42)
2012,Lewis,42,21.007852686115566,2008-2015,Other (42)
2012,Livingston,42,2637.2592925623744,2008-2015,Other (42)
2012,Madison,42,501.1840972780536,2008-2015,Other (42)
2012,Monroe,42,1635.386969484473,2008-2015,Other (42)
2012,Niagara,42,21.83583245834253,2008-2015,Other (42)
2012,Oneida,42,1901.0412776927512,2008-2015,Other (42)
2012,Onondaga,42,445.1187135579987,2008-2015,Other (42)
2012,Ontario,42,1220.3946812663164,2008-2015,Other (42)
2012,Orleans,42,4906.827760107882,2008-2015,Other (42)
2012,Oswego,42,11.623795117859316,2008-2015,Other (42)
2012,Otsego,42,84.84980771853934,2008-2015,Other (42)
2012,Schuyler,42,8.506435996432536,2008-2015,Other (42)
2012,Seneca,42,127.78106670432726,2008-2015,Other (42)
2012,St. Lawrence,42,35.377294837462586,2008-2015,Other (42)
2012,Steuben,42,1354.5622365326744,2008-2015,Other (42)
2012,Sullivan,42,2.9304235133459255,2008-2015,Other (42)
2012,Tioga,42,7.947997345511011,2008-2015,Other (42)
2012,Tompkins,42,119.06171170201972,2008-2015,Other (42)
2012,Ulster,42,118.39471225077216,2008-2015,Other (42)
2012,Wayne,42,80.74951704320006,2008-2015,Other (42)
2012,Wyoming,42,521.1571276952126,2008-2015,Other (42)
2012,Yates,42,604.1402320137004,2008-2015,Other (42)
2013,Allegany,42,483.9055558941641,2008-2015,Other (42)
2013,Cattaraugus,42,1103.237270463172,2008-2015,Other (42)
2013,Cayuga,42,705.4925948196212,2008-2015,Other (42)
2013,Chautauqua,42,884.2058210912957,2008-2015,Other (42)
2013,Chemung,42,7.7437473593722554,2008-2015,Other (42)
2013,Chenango,42,49.9441034162417,2008-2015,Other (42)
2013,Erie,42,971.2186359611628,2008-2015,Other (42)
2013,Genesee,42,4614.727065025941,2008-2015,Other (42)
2013,Herkimer,42,234.1673097657909,2008-2015,Other (42)
2013,Jefferson,42,57.0214578085598,2008-2015,Other (42)
2013,Lewis,42,82.81430881559109,2008-2015,Other (42)
2013,Livingston,42,2571.7593417662874,2008-2015,Other (42)
2013,Madison,42,406.262915498583,2008-2015,Other (42)
2013,Monroe,42,1351.5056597690268,2008-2015,Other (42)
2013,Montgomery,42,6.095509524385106,2008-2015,Other (42)
2013,Niagara,42,814.4674291119643,2008-2015,Other (42)
2013,Oneida,42,1770.0951810516433,2008-2015,Other (42)
2013,Onondaga,42,389.3401872778586,2008-2015,Other (42)
2013,Ontario,42,972.7824203932772,2008-2015,Other (42)
2013,Orleans,42,4046.203341470557,2008-2015,Other (42)
2013,Oswego,42,28.07671934347765,2008-2015,Other (42)
2013,Otsego,42,6.730188211471807,2008-2015,Other (42)
2013,Schuyler,42,4.63128183114473,2008-2015,Other (42)
2013,Seneca,42,144.8872443075472,2008-2015,Other (42)
2013,St. Lawrence,42,2.9696488117376534,2008-2015,Other (42)
2013,Steuben,42,2201.3589419686177,2008-2015,Other (42)
2013,Tompkins,42,50.86685663574309,2008-2015,Other (42)
2013,Ulster,42,48.558203956933845,2008-2015,Other (42)
2013,Wayne,42,3.0592315350952233,2008-2015,Other (42)
2013,Wyoming,42,315.80273158051574,2008-2015,Other (42)
2013,Yates,42,474.8279345642934,2008-2015,Other (42)
2014,Allegany,42,244.85448506750916,2008-2015,Other (42)
2014,Cattaraugus,42,1120.6650622118118,2008-2015,Other (42)
2014,Cayuga,42,377.77275017250537,2008-2015,Other (42)
2014,Chautauqua,42,750.1736641073868,2008-2015,Other (42)
2014,Cortland,42,4.31817850533269,2008-2015,Other (42)
2014,Erie,42,352.3921954490249,2008-2015,Other (42)
2014,Genesee,42,5806.008159747861,2008-2015,Other (42)
2014,Herkimer,42,213.9129591441846,2008-2015,Other (42)
2014,Jefferson,42,22.03370960456981,2008-2015,Other (42)
2014,Lewis,42,4.2118422378615,2008-2015,Other (42)
2014,Livingston,42,2540.163639853783,2008-2015,Other (42)
2014,Madison,42,505.22471342686714,2008-2015,Other (42)
2014,Monroe,42,1838.8434799235226,2008-2015,Other (42)
2014,Montgomery,42,18.16653104950859,2008-2015,Other (42)
2014,Niagara,42,877.822355989221,2008-2015,Other (42)
2014,Oneida,42,1534.5428798876292,2008-2015,Other (42)
2014,Onondaga,42,335.1044218554918,2008-2015,Other (42)
2014,Ontario,42,1593.1587315562629,2008-2015,Other (42)
2014,Orleans,42,2054.7193027710787,2008-2015,Other (42)
2014,Oswego,42,152.26099490587936,2008-2015,Other (42)
2014,Otsego,42,93.69116654846933,2008-2015,Other (42)
2014,Schoharie,42,2.5180479958620663,2008-2015,Other (42)
2014,Schuyler,42,31.04855671283093,2008-2015,Other (42)
2014,Seneca,42,18.413748224854125,2008-2015,Other (42)
2014,Steuben,42,2771.978088529372,2008-2015,Other (42)
2014,Tioga,42,4.714033535862121,2008-2015,Other (42)
2014,Tompkins,42,45.06565571428368,2008-2015,Other (42)
2014,Ulster,42,77.63387100290203,2008-2015,Other (42)
2014,Wayne,42,42.120094469435,2008-2015,Other (42)
2014,Wyoming,42,566.9883398842823,2008-2015,Other (42)
2014,Yates,42,761.8942294912171,2008-2015,Other (42)
2015,Allegany,42,432.7388269635238,2008-2015,Other (42)
2015,Cattaraugus,42,876.426562918883,2008-2015,Other (42)
2015,Cayuga,42,587.8024258178297,2008-2015,Other (42)
2015,Chautauqua,42,639.6504814500873,2008-2015,Other (42)
2015,Chemung,42,25.490511376968207,2008-2015,Other (42)
2015,Chenango,42,58.76574171585908,2008-2015,Other (42)
2015,Cortland,42,19.59580738697122,2008-2015,Other (42)
2015,Erie,42,523.5183250014445,2008-2015,Other (42)
2015,Genesee,42,6191.076222561638,2008-2015,Other (42)
2015,Herkimer,42,108.94950668777096,2008-2015,Other (42)
2015,Jefferson,42,12.330382547225913,2008-2015,Other (42)
2015,Livingston,42,2575.5090641384136,2008-2015,Other (42)
2015,Madison,42,566.3028672302847,2008-2015,Other (42)
2015,Monroe,42,1981.216293476431,2008-2015,Other (42)
2015,Niagara,42,416.9032526307853,2008-2015,Other (42)
2015,Oneida,42,1697.230320214066,2008-2015,Other (42)
2015,Onondaga,42,328.7932422129386,2008-2015,Other (42)
2015,Ontario,42,364.2274648088626,2008-2015,Other (42)
2015,Orleans,42,4712.402207810958,2008-2015,Other (42)
2015,Oswego,42,17.569857120424196,2008-2015,Other (42)
2015,Otsego,42,4.418634473660831,2008-2015,Other (42)
2015,Schuyler,42,49.09916427874833,2008-2015,Other (42)
2015,Seneca,42,28.56709337310796,2008-2015,Other (42)
2015,St. Lawrence,42,4.704200564078195,2008-2015,Other (42)
2015,Steuben,42,3446.9328867213567,2008-2015,Other (42)
2015,Tioga,42,58.01850139634733,2008-2015,Other (42)
2015,Tompkins,42,31.050725907240782,2008-2015,Other (42)
2015,Wayne,42,2.9195563000012164,2008-2015,Other (42)
2015,Wyoming,42,837.1444116773836,2008-2015,Other (42)
2015,Yates,42,156.67566049919708,2008-2015,Other (42)
2016,Allegany,42,731.4500268050315,2016-Bridge,Other (42)
2016,Broome,42,59.46584609676205,2016-Bridge,Other (42)
2016,Cattaraugus,42,1579.1756404320565,2016-Bridge,Other (42)
2016,Cayuga,42,488.24787910633415,2016-Bridge,Other (42)
2016,Chautauqua,42,1521.6272289905928,2016-Bridge,Other (42)
2016,Chemung,42,12.743383249902163,2016-Bridge,Other (42)
2016,Chenango,42,254.2050394557692,2016-Bridge,Other (42)
2016,Cortland,42,44.25949328752236,2016-Bridge,Other (42)
2016,Delaware,42,16.60547280533547,2016-Bridge,Other (42)
2016,Erie,42,1490.943009377471,2016-Bridge,Other (42)
2016,Genesee,42,7304.480011435349,2016-Bridge,Other (42)
2016,Herkimer,42,349.35157857376186,2016-Bridge,Other (42)
2016,Jefferson,42,45.49862835571436,2016-Bridge,Other (42)
2016,Lewis,42,9.844513331817941,2016-Bridge,Other (42)
2016,Livingston,42,3436.2393312496265,2016-Bridge,Other (42)
2016,Madison,42,1230.4459330118839,2016-Bridge,Other (42)
2016,Monroe,42,2222.5594339733166,2016-Bridge,Other (42)
2016,Montgomery,42,18.23115828511737,2016-Bridge,Other (42)
2016,Niagara,42,431.8428812143864,2016-Bridge,Other (42)
2016,Oneida,42,1811.6031361045245,2016-Bridge,Other (42)
2016,Onondaga,42,723.7273946603566,2016-Bridge,Other (42)
2016,Ontario,42,676.3196730501811,2016-Bridge,Other (42)
2016,Orleans,42,4331.912442338358,2016-Bridge,Other (42)
2016,Oswego,42,256.7755424091063,2016-Bridge,Other (42)
2016,Otsego,42,67.15208678234521,2016-Bridge,Other (42)
2016,Seneca,42,22.050423129968294,2016-Bridge,Other (42)
2016,St. Lawrence,42,28.968011259483664,2016-Bridge,Other (42)
2016,Steuben,42,2573.5961968087136,2016-Bridge,Other (42)
2016,Tioga,42,21.142849606659006,2016-Bridge,Other (42)
2016,Tompkins,42,39.8591104853208,2016-Bridge,Other (42)
2016,Wayne,42,2.568137602754619,2016-Bridge,Other (42)
2016,Wyoming,42,1334.498283542222,2016-Bridge,Other (42)
2016,Yates,42,277.71758107275014,2016-Bridge,Other (42)
2017,Allegany,42,654.3052255467899,2017-2024,Other (42)
2017,Cattaraugus,42,1003.0344065281707,2017-2024,Other (42)
2017,Cayuga,42,322.9251464706075,2017-2024,Other (42)
2017,Chautauqua,42,653.8136895419353,2017-2024,Other (42)
2017,Chenango,42,31.12710075287814,2017-2024,Other (42)
2017,Erie,42,505.0946689423387,2017-2024,Other (42)
2017,Genesee,42,5483.541921501517,2017-2024,Other (42)
2017,Herkimer,42,233.46557650754528,2017-2024,Other (42)
2017,Lewis,42,4.05255934082032,2017-2024,Other (42)
2017,Livingston,42,2118.618777561931,2017-2024,Other (42)
2017,Madison,42,602.800412108433,2017-2024,Other (42)
2017,Monroe,42,1248.6753924937314,2017-2024,Other (42)
2017,Niagara,42,133.9026300046644,2017-2024,Other (42)
2017,Oneida,42,1358.3243652439173,2017-2024,Other (42)
2017,Onondaga,42,62.32078377002671,2017-2024,Other (42)
2017,Ontario,42,568.9523163095056,2017-2024,Other (42)
2017,Orleans,42,3509.977089721663,2017-2024,Other (42)
2017,Oswego,42,51.913022819204095,2017-2024,Other (42)
2017,Otsego,42,6.5150858757278804,2017-2024,Other (42)
2017,Steuben,42,2104.10928332521,2017-2024,Other (42)
2017,Wyoming,42,1108.9530485470127,2017-2024,Other (42)
2017,Yates,42,230.989260841396,2017-2024,Other (42)
2018,Allegany,42,292.9456125351365,2017-2024,Other (42)
2018,Cattaraugus,42,1548.6147109372162,2017-2024,Other (42)
2018,Cayuga,42,908.739352695179,2017-2024,Other (42)
2018,Chautauqua,42,1082.6974785982738,2017-2024,Other (42)
2018,Chemung,42,23.06397435597028,2017-2024,Other (42)
2018,Chenango,42,4.78353319018437,2017-2024,Other (42)
2018,Cortland,42,15.8661193735694,2017-2024,Other (42)
2018,Delaware,42,5.48889640493911,2017-2024,Other (42)
2018,Erie,42,789.7550456614474,2017-2024,Other (42)
2018,Genesee,42,7607.673910623289,2017-2024,Other (42)
2018,Herkimer,42,186.3289995486657,2017-2024,Other (42)
2018,Jefferson,42,6.826751474609649,2017-2024,Other (42)
2018,Livingston,42,3123.112958223868,2017-2024,Other (42)
2018,Madison,42,1021.7215639691841,2017-2024,Other (42)
2018,Monroe,42,1571.584019498444,2017-2024,Other (42)
2018,Niagara,42,728.6486005836307,2017-2024,Other (42)
2018,Oneida,42,1065.3498554656383,2017-2024,Other (42)
2018,Onondaga,42,772.7172481869994,2017-2024,Other (42)
2018,Ontario,42,952.7304122832085,2017-2024,Other (42)
2018,Orleans,42,5559.842829520796,2017-2024,Other (42)
2018,Oswego,42,350.00395313261356,2017-2024,Other (42)
2018,Otsego,42,5.02022968135888,2017-2024,Other (42)
2018,Schuyler,42,2.69971255297186,2017-2024,Other (42)
2018,St. Lawrence,42,17.7334488003036,2017-2024,Other (42)
2018,Steuben,42,2605.6003759198484,2017-2024,Other (42)
2018,Tioga,42,22.302935290822237,2017-2024,Other (42)
2018,Tompkins,42,9.32910466293853,2017-2024,Other (42)
2018,Wayne,42,178.18012359895135,2017-2024,Other (42)
2018,Wyoming,42,2032.6442922082902,2017-2024,Other (42)
2018,Yates,42,185.84148366436747,2017-2024,Other (42)
2019,Allegany,42,453.0747533906542,2017-2024,Other (42)
2019,Cattaraugus,42,1411.4623041855637,2017-2024,Other (42)
2019,Cayuga,42,187.04672052716057,2017-2024,Other (42)
2019,Chautauqua,42,1418.695785010698,2017-2024,Other (42)
2019,Chenango,42,2.35944406728348,2017-2024,Other (42)
2019,Erie,42,662.3574426309415,2017-2024,Other (42)
2019,Franklin,42,3.06466193212001,2017-2024,Other (42)
2019,Genesee,42,5583.028869472888,2017-2024,Other (42)
2019,Livingston,42,2521.6812560338594,2017-2024,Other (42)
2019,Madison,42,939.882695037331,2017-2024,Other (42)
2019,Monroe,42,1425.6861932928127,2017-2024,Other (42)
2019,Niagara,42,431.20838408437385,2017-2024,Other (42)
2019,Oneida,42,964.167619529625,2017-2024,Other (42)
2019,Onondaga,42,103.58947636683111,2017-2024,Other (42)
2019,Ontario,42,483.9656187727126,2017-2024,Other (42)
2019,Orleans,42,4644.958469916577,2017-2024,Other (42)
2019,Oswego,42,28.24543544313016,2017-2024,Other (42)
2019,Schuyler,42,19.36410428712835,2017-2024,Other (42)
2019,Seneca,42,3.76171878794121,2017-2024,Other (42)
2019,Steuben,42,3066.0790199562657,2017-2024,Other (42)
2019,Wayne,42,12.372378035001908,2017-2024,Other (42)
2019,Wyoming,42,1540.1841868645386,2017-2024,Other (42)
2019,Yates,42,211.90996705684674,2017-2024,Other (42)
2020,Allegany,42,479.48476465221745,2017-2024,Other (42)
2020,Cattaraugus,42,2280.4518143563796,2017-2024,Other (42)
2020,Cayuga,42,567.4611636100828,2017-2024,Other (42)
2020,Chautauqua,42,2205.4330989613027,2017-2024,Other (42)
2020,Chenango,42,32.49039377284413,2017-2024,Other (42)
2020,Erie,42,931.8880239942744,2017-2024,Other (42)
2020,Genesee,42,7444.954056841893,2017-2024,Other (42)
2020,Herkimer,42,11.09881235549445,2017-2024,Other (42)
2020,Livingston,42,4487.8838999723785,2017-2024,Other (42)
2020,Madison,42,930.1655343465095,2017-2024,Other (42)
2020,Monroe,42,1639.3658928687287,2017-2024,Other (42)
2020,Niagara,42,521.5832470295975,2017-2024,Other (42)
2020,Oneida,42,1566.3360521409923,2017-2024,Other (42)
2020,Onondaga,42,448.45306817298757,2017-2024,Other (42)
2020,Ontario,42,1410.4509783687008,2017-2024,Other (42)
2020,Orange,42,3.63298398692489,2017-2024,Other (42)
2020,Orleans,42,4439.876866535393,2017-2024,Other (42)
2020,Oswego,42,149.89837775995818,2017-2024,Other (42)
2020,Schuyler,42,11.553721440614169,2017-2024,Other (42)
2020,Seneca,42,76.4957288779284,2017-2024,Other (42)
2020,Steuben,42,2880.4249033346628,2017-2024,Other (42)
2020,Tioga,42,6.104558212558651,2017-2024,Other (42)
2020,Tompkins,42,8.88918815577143,2017-2024,Other (42)
2020,Wayne,42,102.80386244970734,2017-2024,Other (42)
2020,Wyoming,42,1748.5845533838356,2017-2024,Other (42)
2020,Yates,42,562.6237537468184,2017-2024,Other (42)
2021,Allegany,42,826.8617360774238,2017-2024,Other (42)
2021,Broome,42,4.21256432902599,2017-2024,Other (42)
2021,Cattaraugus,42,1371.8433208203892,2017-2024,Other (42)
2021,Cayuga,42,118.0357878768824,2017-2024,Other (42)
2021,Chautauqua,42,2323.557618670049,2017-2024,Other (42)
2021,Chenango,42,8.22507155116165,2017-2024,Other (42)
2021,Cortland,42,15.33827012078112,2017-2024,Other (42)
2021,Erie,42,1098.8942745214722,2017-2024,Other (42)
2021,Genesee,42,5375.329594573561,2017-2024,Other (42)
2021,Herkimer,42,69.71116237601964,2017-2024,Other (42)
2021,Livingston,42,5114.023582385981,2017-2024,Other (42)
2021,Madison,42,666.0857298213363,2017-2024,Other (42)
2021,Monroe,42,2167.1235830141554,2017-2024,Other (42)
2021,Niagara,42,323.79610587516606,2017-2024,Other (42)
2021,Oneida,42,901.9544692300155,2017-2024,Other (42)
2021,Onondaga,42,207.9289207172317,2017-2024,Other (42)
2021,Ontario,42,1430.7398846594897,2017-2024,Other (42)
2021,Orleans,42,5071.606819156217,2017-2024,Other (42)
2021,Oswego,42,34.05615492032035,2017-2024,Other (42)
2021,Schuyler,42,24.09310727434185,2017-2024,Other (42)
2021,Seneca,42,70.93507320863085,2017-2024,Other (42)
2021,St. Lawrence,42,4.93666791537791,2017-2024,Other (42)
2021,Steuben,42,2993.1501609673187,2017-2024,Other (42)
2021,Tioga,42,7.27575351686683,2017-2024,Other (42)
2021,Tompkins,42,18.750485607354843,2017-2024,Other (42)
2021,Wayne,42,242.20364223923676,2017-2024,Other (42)
2021,Wyoming,42,995.5504000046272,2017-2024,Other (42)
2021,Yates,42,535.0821140041844,2017-2024,Other (42)
2022,Allegany,42,429.41902288711003,2017-2024,Other (42)
2022,Cattaraugus,42,1282.5418694287055,2017-2024,Other (42)
2022,Cayuga,42,393.4691679602158,2017-2024,Other (42)
2022,Chautauqua,42,1489.82299834378,2017-2024,Other (42)
2022,Chemung,42,8.76505119064443,2017-2024,Other (42)
2022,Chenango,42,28.61094110630152,2017-2024,Other (42)
2022,Cortland,42,4.94211182956987,2017-2024,Other (42)
2022,Erie,42,886.9908730370295,2017-2024,Other (42)
2022,Genesee,42,4224.608613488818,2017-2024,Other (42)
2022,Herkimer,42,45.24384335617315,2017-2024,Other (42)
2022,Jefferson,42,4.03082749322919,2017-2024,Other (42)
2022,Lewis,42,21.8911464172836,2017-2024,Other (42)
2022,Livingston,42,3366.9649650305023,2017-2024,Other (42)
2022,Madison,42,1192.1626424134706,2017-2024,Other (42)
2022,Monroe,42,1188.8699510949477,2017-2024,Other (42)
2022,Niagara,42,356.9203614291218,2017-2024,Other (42)
2022,Oneida,42,1103.7780369883938,2017-2024,Other (42)
2022,Onondaga,42,95.57151598212566,2017-2024,Other (42)
2022,Ontario,42,777.6835019012699,2017-2024,Other (42)
2022,Orleans,42,3389.3313823067806,2017-2024,Other (42)
2022,Otsego,42,3.0772997659791,2017-2024,Other (42)
2022,Seneca,42,193.2251051055167,2017-2024,Other (42)
2022,St. Lawrence,42,16.4182422991971,2017-2024,Other (42)
2022,Steuben,42,3152.3143755241954,2017-2024,Other (42)
2022,Tompkins,42,7.60593429828276,2017-2024,Other (42)
2022,Wayne,42,227.71654772486363,2017-2024,Other (42)
2022,Wyoming,42,623.5351821012196,2017-2024,Other (42)
2022,Yates,42,347.1405703479113,2017-2024,Other (42)
2023,Allegany,42,101.20326150909003,2017-2024,Other (42)
2023,Cattaraugus,42,1523.651117721417,2017-2024,Other (42)
2023,Cayuga,42,14.3615632256829,2017-2024,Other (42)
2023,Chautauqua,42,1962.486638744299,2017-2024,Other (42)
2023,Chenango,42,6.28317043506486,2017-2024,Other (42)
2023,Erie,42,1627.03575358314,2017-2024,Other (42)
2023,Genesee,42,4352.389427423799,2017-2024,Other (42)
2023,Herkimer,42,4.65837958314591,2017-2024,Other (42)
2023,Livingston,42,2348.822877865897,2017-2024,Other (42)
2023,Madison,42,39.9157687879181,2017-2024,Other (42)
2023,Monroe,42,848.5966913022586,2017-2024,Other (42)
2023,Niagara,42,443.3127310837691,2017-2024,Other (42)
2023,Oneida,42,444.44470691779685,2017-2024,Other (42)
2023,Ontario,42,239.87665913386772,2017-2024,Other (42)
2023,Orleans,42,3959.564889479849,2017-2024,Other (42)
2023,Otsego,42,42.1024385679383,2017-2024,Other (42)
2023,Seneca,42,254.4826126148916,2017-2024,Other (42)
2023,Steuben,42,900.3937801316382,2017-2024,Other (42)
2023,Wayne,42,28.03070199865675,2017-2024,Other (42)
2023,Wyoming,42,745.4237900141701,2017-2024,Other (42)
2023,Yates,42,100.93602661819625,2017-2024,Other (42)
2024,Allegany,42,540.4640041630747,2017-2024,Other (42)
2024,Cattaraugus,42,1581.559779542094,2017-2024,Other (42)
2024,Cayuga,42,109.16894036997918,2017-2024,Other (42)
2024,Chautauqua,42,2039.253501808171,2017-2024,Other (42)
2024,Chemung,42,381.8312233123122,2017-2024,Other (42)
2024,Chenango,42,25.10150972431417,2017-2024,Other (42)
2024,Columbia,42,51.78432674398709,2017-2024,Other (42)
2024,Cortland,42,16.343317300866538,2017-2024,Other (42)
2024,Erie,42,1224.461048592892,2017-2024,Other (42)
2024,Genesee,42,2654.1789612724115,2017-2024,Other (42)
2024,Herkimer,42,52.79232844656135,2017-2024,Other (42)
2024,Livingston,42,2997.9309651217945,2017-2024,Other (42)
2024,Madison,42,128.1267984647886,2017-2024,Other (42)
2024,Monroe,42,1735.265407437946,2017-2024,Other (42)
2024,Niagara,42,1113.3356218411243,2017-2024,Other (42)
2024,Oneida,42,1095.6829204285045,2017-2024,Other (42)
2024,Onondaga,42,4.38622888955916,2017-2024,Other (42)
2024,Ontario,42,1044.2418400966508,2017-2024,Other (42)
2024,Orleans,42,3815.5966846364386,2017-2024,Other (42)
2024,Oswego,42,3.09899424946602,2017-2024,Other (42)
2024,Otsego,42,165.4295002821536,2017-2024,Other (42)
2024,Schuyler,42,3.03695408009151,2017-2024,Other (42)
2024,Seneca,42,402.90075126415695,2017-2024,Other (42)
2024,Steuben,42,1404.9984333132793,2017-2024,Other (42)
2024,Tioga,42,19.9128698646168,2017-2024,Other (42)
2024,Tompkins,42,7.31887665462631,2017-2024,Other (42)
2024,Ulster,42,20.651432578653832,2017-2024,Other (42)
2024,Wayne,42,978.6028771674385,2017-2024,Other (42)
2024,Wyoming,42,1133.329252691193,2017-2024,Other (42)
2024,Yates,42,155.10002613329624,2017-2024,Other (42)
2008,Albany,47,9.992296087390901,2008-2015,Other (47)
2008,Cattaraugus,47,2.7455147210836413,2008-2015,Other (47)
2008,Cayuga,47,6.429887589366509,2008-2015,Other (47)
2008,Chautauqua,47,60.354438072212574,2008-2015,Other (47)
2008,Dutchess,47,3.136554181786273,2008-2015,Other (47)
2008,Erie,47,3.781773599028457,2008-2015,Other (47)
2008,Genesee,47,10.424439031129747,2008-2015,Other (47)
2008,Greene,47,7.505943176121107,2008-2015,Other (47)
2008,Monroe,47,619.7830610070969,2008-2015,Other (47)
2008,Niagara,47,210.57375842497177,2008-2015,Other (47)
2008,Onondaga,47,15.773723317828015,2008-2015,Other (47)
2008,Ontario,47,17.127495266491024,2008-2015,Other (47)
2008,Orange,47,4.259626973988411,2008-2015,Other (47)
2008,Orleans,47,901.8026082895104,2008-2015,Other (47)
2008,Putnam,47,9.298421318147707,2008-2015,Other (47)
2008,Rensselaer,47,5.612297076361563,2008-2015,Other (47)
2008,Seneca,47,9.57862854215701,2008-2015,Other (47)
2008,Steuben,47,15.19011821799829,2008-2015,Other (47)
2008,Suffolk,47,56.40108600497592,2008-2015,Other (47)
2008,Wayne,47,88.83035419262225,2008-2015,Other (47)
2008,Westchester,47,2.9884170119875693,2008-2015,Other (47)
2008,Wyoming,47,3.8594755074143476,2008-2015,Other (47)
2008,Yates,47,99.41446335713665,2008-2015,Other (47)
2009,Montgomery,47,4.133158984496056,2008-2015,Other (47)
2009,Ontario,47,3.9541671155389317,2008-2015,Other (47)
2009,Orleans,47,156.0009350482564,2008-2015,Other (47)
2009,Suffolk,47,3.175667664639133,2008-2015,Other (47)
2009,Ulster,47,15.458055279853765,2008-2015,Other (47)
2010,Cattaraugus,47,3.7509561939717577,2008-2015,Other (47)
2010,Erie,47,60.34409169861688,2008-2015,Other (47)
2010,Genesee,47,120.24214212898508,2008-2015,Other (47)
2010,Livingston,47,16.29364800249955,2008-2015,Other (47)
2010,Monroe,47,11.948784293874116,2008-2015,Other (47)
2010,Niagara,47,82.45754071797265,2008-2015,Other (47)
2010,Ontario,47,14.520640038992271,2008-2015,Other (47)
2010,Orleans,47,214.86929023555365,2008-2015,Other (47)
2011,Genesee,47,149.45639685263762,2008-2015,Other (47)
2011,Monroe,47,13.572312320314843,2008-2015,Other (47)
2011,Niagara,47,21.00577844961773,2008-2015,Other (47)
2011,Orleans,47,44.51804718813605,2008-2015,Other (47)
2011,Wyoming,47,2.608352080069798,2008-2015,Other (47)
2012,Orange,47,3.2252951428011682,2008-2015,Other (47)
2012,Tompkins,47,13.218754346193386,2008-2015,Other (47)
2013,Saratoga,47,5.08621877472868,2008-2015,Other (47)
2013,Washington,47,7.740044842415964,2008-2015,Other (47)
2014,Washington,47,24.748642184370386,2008-2015,Other (47)
2015,Niagara,47,2.9591667043307415,2008-2015,Other (47)
2016,Columbia,47,8.122631248318259,2016-Bridge,Other (47)
2016,Madison,47,5.1576878300885305,2016-Bridge,Other (47)
2016,Monroe,47,3.115077398300836,2016-Bridge,Other (47)
2016,Otsego,47,4.072876827756178,2016-Bridge,Other (47)
2016,Rensselaer,47,3.974163647576588,2016-Bridge,Other (47)
2016,Washington,47,13.149079552607574,2016-Bridge,Other (47)
2017,Columbia,47,5.68859881831768,2017-2024,Other (47)
2017,Ontario,47,9.45197251733714,2017-2024,Other (47)
2017,Orleans,47,12.33850866446052,2017-2024,Other (47)
2018,Albany,47,4.69735057534553,2017-2024,Other (47)
2018,Cayuga,47,14.15065100373467,2017-2024,Other (47)
2018,Fulton,47,3.93609929145777,2017-2024,Other (47)
2018,Genesee,47,5.57860013260629,2017-2024,Other (47)
2018,Madison,47,11.19772295539593,2017-2024,Other (47)
2018,Monroe,47,42.027009028430825,2017-2024,Other (47)
2018,Oneida,47,2.85207929430184,2017-2024,Other (47)
2018,Onondaga,47,33.75212751413769,2017-2024,Other (47)
2018,Ontario,47,11.68166378248693,2017-2024,Other (47)
2018,Orleans,47,106.6873469420571,2017-2024,Other (47)
2018,Oswego,47,28.5027293583608,2017-2024,Other (47)
2018,Schoharie,47,37.09145665494907,2017-2024,Other (47)
2018,Steuben,47,2.87451296078439,2017-2024,Other (47)
2018,Tompkins,47,27.64482466259382,2017-2024,Other (47)
2019,Fulton,47,3.93609929145777,2017-2024,Other (47)
2019,Madison,47,4.77727025014018,2017-2024,Other (47)
2019,Onondaga,47,6.49943509959232,2017-2024,Other (47)
2019,Ontario,47,9.58845363358046,2017-2024,Other (47)
2019,Orange,47,3.06471595609296,2017-2024,Other (47)
2019,Orleans,47,154.73021653724476,2017-2024,Other (47)
2019,Schoharie,47,32.26898751553957,2017-2024,Other (47)
2019,Steuben,47,11.341235676993769,2017-2024,Other (47)
2019,Tompkins,47,7.1265962733194,2017-2024,Other (47)
2019,Ulster,47,13.6239690690917,2017-2024,Other (47)
2020,Cayuga,47,36.3534838389136,2017-2024,Other (47)
2020,Washington,47,27.2080096200307,2017-2024,Other (47)
2021,Cayuga,47,8.53944298839855,2017-2024,Other (47)
2021,Orleans,47,6.6888673268315,2017-2024,Other (47)
2021,Steuben,47,4.28341755948302,2017-2024,Other (47)
2021,Ulster,47,49.563396585391075,2017-2024,Other (47)
2021,Wyoming,47,14.97595139147842,2017-2024,Other (47)
2022,Erie,47,3.24872741646075,2017-2024,Other (47)
2022,Genesee,47,12.2661371147023,2017-2024,Other (47)
2022,Orleans,47,113.58039332636268,2017-2024,Other (47)
2022,Ulster,47,52.318735754709834,2017-2024,Other (47)
2022,Wyoming,47,5.4849435104593205,2017-2024,Other (47)
2023,Oneida,47,5.13426268583858,2017-2024,Other (47)
2023,Saratoga,47,6.38205928816153,2017-2024,Other (47)
2023,Ulster,47,2.77326627658211,2017-2024,Other (47)
2023,Wyoming,47,11.66342059284375,2017-2024,Other (47)
2024,Chenango,47,3.77367801389572,2017-2024,Other (47)
2024,Columbia,47,148.61404023727138,2017-2024,Other (47)
2024,Erie,47,20.4663873942859,2017-2024,Other (47)
2024,Genesee,47,32.89681895350658,2017-2024,Other (47)
2024,Herkimer,47,2.93348834971839,2017-2024,Other (47)
2024,Livingston,47,4.41249954090261,2017-2024,Other (47)
2024,Madison,47,54.15643774560148,2017-2024,Other (47)
2024,Montgomery,47,30.34377934846697,2017-2024,Other (47)
2024,Niagara,47,28.2735879775533,2017-2024,Other (47)
2024,Oneida,47,5.05804996855886,2017-2024,Other (47)
2024,Onondaga,47,49.17326276193191,2017-2024,Other (47)
2024,Ontario,47,6.7347885188983,2017-2024,Other (47)
2024,Orleans,47,120.05065698641862,2017-2024,Other (47)
2024,Oswego,47,2.86646423599052,2017-2024,Other (47)
2024,Rensselaer,47,45.519891324393,2017-2024,Other (47)
2024,Schoharie,47,42.54945633424036,2017-2024,Other (47)
2024,Seneca,47,7.14013300317634,2017-2024,Other (47)
2024,Steuben,47,3.39808798677975,2017-2024,Other (47)
2024,Ulster,47,44.53771664463984,2017-2024,Other (47)
2024,Washington,47,19.51156856481017,2017-2024,Other (47)
2024,Wayne,47,64.71967427509111,2017-2024,Other (47)
2024,Wyoming,47,42.137430804167145,2017-2024,Other (47)
2008,Albany,58,5.415136926315392,2008-2015,Other (58)
2008,Allegany,58,10.85872477173367,2008-2015,Other (58)
2008,Broome,58,50.59397609961232,2008-2015,Other (58)
2008,Cattaraugus,58,4.202867839993136,2008-2015,Other (58)
2008,Cayuga,58,41.38704423044286,2008-2015,Other (58)
2008,Chemung,58,14.118977184467274,2008-2015,Other (58)
2008,Chenango,58,33.01796447717854,2008-2015,Other (58)
2008,Clinton,58,75.07765636909623,2008-2015,Other (58)
2008,Cortland,58,153.26388123202477,2008-2015,Other (58)
2008,Dutchess,58,4.086780891698162,2008-2015,Other (58)
2008,Erie,58,96.3061651226964,2008-2015,Other (58)
2008,Lewis,58,247.15138219928792,2008-2015,Other (58)
2008,Livingston,58,49.511700148378836,2008-2015,Other (58)
2008,Madison,58,20.892502381619195,2008-2015,Other (58)
2008,Niagara,58,2.518676350031066,2008-2015,Other (58)
2008,Oneida,58,18.7996928409896,2008-2015,Other (58)
2008,Ontario,58,188.8868363577451,2008-2015,Other (58)
2008,Orange,58,11.882084862975862,2008-2015,Other (58)
2008,Orleans,58,58.46288836712114,2008-2015,Other (58)
2008,Otsego,58,85.99875180182494,2008-2015,Other (58)
2008,Schoharie,58,3.1058020167625555,2008-2015,Other (58)
2008,Schuyler,58,31.427227736461585,2008-2015,Other (58)
2008,Seneca,58,52.67462110475454,2008-2015,Other (58)
2008,Steuben,58,923.2011636180567,2008-2015,Other (58)
2008,Tioga,58,13.97326694187448,2008-2015,Other (58)
2008,Tompkins,58,42.53841439431776,2008-2015,Other (58)
2008,Washington,58,13.586530161687357,2008-2015,Other (58)
2008,Wayne,58,111.0364972245701,2008-2015,Other (58)
2008,Wyoming,58,21.478888489532267,2008-2015,Other (58)
2008,Yates,58,20.782982446999412,2008-2015,Other (58)
2009,Broome,58,22.736933924970838,2008-2015,Other (58)
2009,Cattaraugus,58,12.381410295458432,2008-2015,Other (58)
2009,Cayuga,58,56.60124057394815,2008-2015,Other (58)
2009,Chautauqua,58,3.837848605259201,2008-2015,Other (58)
2009,Chemung,58,3.4564554784833708,2008-2015,Other (58)
2009,Chenango,58,31.45166502339496,2008-2015,Other (58)
2009,Clinton,58,72.10953898031602,2008-2015,Other (58)
2009,Columbia,58,3.429888254305896,2008-2015,Other (58)
2009,Cortland,58,6.804628765560619,2008-2015,Other (58)
2009,Delaware,58,9.153893127238543,2008-2015,Other (58)
2009,Erie,58,196.8192613941647,2008-2015,Other (58)
2009,Essex,58,34.55296273260103,2008-2015,Other (58)
2009,Genesee,58,53.21641650757247,2008-2015,Other (58)
2009,Livingston,58,255.1209814052528,2008-2015,Other (58)
2009,Madison,58,41.434500943061906,2008-2015,Other (58)
2009,Monroe,58,4.542466817449151,2008-2015,Other (58)
2009,Niagara,58,93.1164073220483,2008-2015,Other (58)
2009,Oneida,58,18.7996928409896,2008-2015,Other (58)
2009,Ontario,58,343.57733515194764,2008-2015,Other (58)
2009,Orleans,58,121.91922240503702,2008-2015,Other (58)
2009,Oswego,58,53.74526289753774,2008-2015,Other (58)
2009,Otsego,58,108.42959692735238,2008-2015,Other (58)
2009,Rensselaer,58,8.577861782104462,2008-2015,Other (58)
2009,Schuyler,58,13.984436123596666,2008-2015,Other (58)
2009,Seneca,58,246.0607800354849,2008-2015,Other (58)
2009,Steuben,58,1372.1953519278547,2008-2015,Other (58)
2009,Tioga,58,19.10883951363813,2008-2015,Other (58)
2009,Wayne,58,30.16182261895043,2008-2015,Other (58)
2009,Wyoming,58,19.651896129149986,2008-2015,Other (58)
2009,Yates,58,164.51407094529182,2008-2015,Other (58)
2010,Allegany,58,19.936900162182685,2008-2015,Other (58)
2010,Broome,58,2.5977361065445272,2008-2015,Other (58)
2010,Cattaraugus,58,61.384765325623256,2008-2015,Other (58)
2010,Cayuga,58,8.175312350484056,2008-2015,Other (58)
2010,Chautauqua,58,31.182573125692304,2008-2015,Other (58)
2010,Chemung,58,3.6171441937712037,2008-2015,Other (58)
2010,Chenango,58,17.02973776864499,2008-2015,Other (58)
2010,Clinton,58,61.51407680813934,2008-2015,Other (58)
2010,Cortland,58,5.556553425961512,2008-2015,Other (58)
2010,Delaware,58,14.74291749470769,2008-2015,Other (58)
2010,Erie,58,81.1074913579437,2008-2015,Other (58)
2010,Genesee,58,53.091757938855416,2008-2015,Other (58)
2010,Livingston,58,193.89260451277332,2008-2015,Other (58)
2010,Monroe,58,288.0861489359781,2008-2015,Other (58)
2010,Oneida,58,18.7996928409896,2008-2015,Other (58)
2010,Ontario,58,270.32662459134895,2008-2015,Other (58)
2010,Orleans,58,85.63112479104448,2008-2015,Other (58)
2010,Rensselaer,58,36.19643819968297,2008-2015,Other (58)
2010,Schuyler,58,22.964820545725193,2008-2015,Other (58)
2010,Seneca,58,153.80488714997364,2008-2015,Other (58)
2010,Steuben,58,1694.777872366952,2008-2015,Other (58)
2010,Tioga,58,103.46992462285753,2008-2015,Other (58)
2010,Tompkins,58,58.556687672832865,2008-2015,Other (58)
2010,Wayne,58,38.70608697282788,2008-2015,Other (58)
2010,Yates,58,241.4777902336847,2008-2015,Other (58)
2011,Albany,58,3.011950987125087,2008-2015,Other (58)
2011,Allegany,58,274.735984485672,2008-2015,Other (58)
2011,Broome,58,22.870740839564302,2008-2015,Other (58)
2011,Cattaraugus,58,50.12753608955273,2008-2015,Other (58)
2011,Cayuga,58,2.643588767003228,2008-2015,Other (58)
2011,Chemung,58,3.3899969856477963,2008-2015,Other (58)
2011,Chenango,58,56.82415399858196,2008-2015,Other (58)
2011,Clinton,58,22.54607278387701,2008-2015,Other (58)
2011,Cortland,58,13.274946723367684,2008-2015,Other (58)
2011,Delaware,58,20.915870418365635,2008-2015,Other (58)
2011,Erie,58,33.337171541364626,2008-2015,Other (58)
2011,Essex,58,8.518577889862783,2008-2015,Other (58)
2011,Genesee,58,128.75789293187268,2008-2015,Other (58)
2011,Herkimer,58,11.54318885427608,2008-2015,Other (58)
2011,Livingston,58,93.4151381101099,2008-2015,Other (58)
2011,Madison,58,3.9482157639977746,2008-2015,Other (58)
2011,Monroe,58,62.49392748745128,2008-2015,Other (58)
2011,Niagara,58,39.74341931482947,2008-2015,Other (58)
2011,Oneida,58,22.590731693225113,2008-2015,Other (58)
2011,Onondaga,58,17.699870623462623,2008-2015,Other (58)
2011,Ontario,58,110.85997718951297,2008-2015,Other (58)
2011,Orleans,58,90.88760205825636,2008-2015,Other (58)
2011,Oswego,58,5.050817314763364,2008-2015,Other (58)
2011,Otsego,58,32.48022073488158,2008-2015,Other (58)
2011,Rensselaer,58,23.86089027620541,2008-2015,Other (58)
2011,Schoharie,58,10.49196140471844,2008-2015,Other (58)
2011,Schuyler,58,2.607094762722782,2008-2015,Other (58)
2011,Seneca,58,192.17750188122432,2008-2015,Other (58)
2011,Steuben,58,1325.0279232510413,2008-2015,Other (58)
2011,Tioga,58,25.577395405553563,2008-2015,Other (58)
2011,Tompkins,58,38.49826508444964,2008-2015,Other (58)
2011,Ulster,58,3.6708993875378857,2008-2015,Other (58)
2011,Yates,58,55.67236133116649,2008-2015,Other (58)
2012,Allegany,58,105.16055576629634,2008-2015,Other (58)
2012,Cattaraugus,58,62.621128855321516,2008-2015,Other (58)
2012,Cayuga,58,30.313018354194703,2008-2015,Other (58)
2012,Chautauqua,58,8.050056057280846,2008-2015,Other (58)
2012,Chenango,58,14.68702773277454,2008-2015,Other (58)
2012,Clinton,58,30.277539700660647,2008-2015,Other (58)
2012,Cortland,58,9.781447346443144,2008-2015,Other (58)
2012,Delaware,58,6.016217804727614,2008-2015,Other (58)
2012,Erie,58,343.67710550710564,2008-2015,Other (58)
2012,Genesee,58,109.99650701476202,2008-2015,Other (58)
2012,Lewis,58,8.069431904332264,2008-2015,Other (58)
2012,Livingston,58,112.73660298850625,2008-2015,Other (58)
2012,Madison,58,17.493657808160435,2008-2015,Other (58)
2012,Monroe,58,28.742813974384752,2008-2015,Other (58)
2012,Oneida,58,23.910784739283425,2008-2015,Other (58)
2012,Ontario,58,249.71648765589802,2008-2015,Other (58)
2012,Orleans,58,13.74910072094103,2008-2015,Other (58)
2012,Oswego,58,4.321625737514173,2008-2015,Other (58)
2012,Otsego,58,30.306286110013065,2008-2015,Other (58)
2012,Rensselaer,58,15.917411636458535,2008-2015,Other (58)
2012,Schuyler,58,21.18767447709622,2008-2015,Other (58)
2012,Seneca,58,127.12120685618785,2008-2015,Other (58)
2012,Steuben,58,610.8795393493633,2008-2015,Other (58)
2012,Tioga,58,3.14103263365365,2008-2015,Other (58)
2012,Tompkins,58,148.1078408712861,2008-2015,Other (58)
2012,Wayne,58,80.79528436335009,2008-2015,Other (58)
2012,Yates,58,69.84550489418524,2008-2015,Other (58)
2013,Albany,58,15.970007911744432,2008-2015,Other (58)
2013,Allegany,58,347.96476185905414,2008-2015,Other (58)
2013,Cattaraugus,58,6.1462242623002705,2008-2015,Other (58)
2013,Cayuga,58,8.243478554097385,2008-2015,Other (58)
2013,Chenango,58,49.68126944173572,2008-2015,Other (58)
2013,Clinton,58,49.84173821472634,2008-2015,Other (58)
2013,Delaware,58,9.59866185616605,2008-2015,Other (58)
2013,Erie,58,431.7374361178659,2008-2015,Other (58)
2013,Essex,58,49.92477681022983,2008-2015,Other (58)
2013,Genesee,58,527.3271139061508,2008-2015,Other (58)
2013,Herkimer,58,2.807979966618433,2008-2015,Other (58)
2013,Livingston,58,158.43878288178408,2008-2015,Other (58)
2013,Madison,58,17.251483399139303,2008-2015,Other (58)
2013,Niagara,58,2.8120900116707257,2008-2015,Other (58)
2013,Oneida,58,36.631285465231976,2008-2015,Other (58)
2013,Onondaga,58,3.42006305222926,2008-2015,Other (58)
2013,Ontario,58,339.3780334592334,2008-2015,Other (58)
2013,Otsego,58,2.975528502623993,2008-2015,Other (58)
2013,Rensselaer,58,24.166322618370515,2008-2015,Other (58)
2013,Schoharie,58,9.904471744478526,2008-2015,Other (58)
2013,Schuyler,58,20.80204988321183,2008-2015,Other (58)
2013,Seneca,58,257.97433847071613,2008-2015,Other (58)
2013,Steuben,58,1395.051001155357,2008-2015,Other (58)
2013,Tioga,58,58.93452224027565,2008-2015,Other (58)
2013,Tompkins,58,120.04163942198588,2008-2015,Other (58)
2013,Ulster,58,9.780551054233841,2008-2015,Other (58)
2013,Washington,58,4.019194430183286,2008-2015,Other (58)
2013,Yates,58,112.76812996729181,2008-2015,Other (58)
2014,Albany,58,20.706903212000014,2008-2015,Other (58)
2014,Allegany,58,391.84963603701397,2008-2015,Other (58)
2014,Cattaraugus,58,44.673065816501676,2008-2015,Other (58)
2014,Cayuga,58,14.124872368132037,2008-2015,Other (58)
2014,Chenango,58,49.228463725168524,2008-2015,Other (58)
2014,Clinton,58,30.281233628230922,2008-2015,Other (58)
2014,Delaware,58,39.69306753457917,2008-2015,Other (58)
2014,Erie,58,254.29130133965722,2008-2015,Other (58)
2014,Essex,58,83.18970091830948,2008-2015,Other (58)
2014,Franklin,58,35.26086090902571,2008-2015,Other (58)
2014,Genesee,58,634.2859991107429,2008-2015,Other (58)
2014,Greene,58,7.020155396264991,2008-2015,Other (58)
2014,Lewis,58,61.66023113580357,2008-2015,Other (58)
2014,Livingston,58,224.783548801437,2008-2015,Other (58)
2014,Madison,58,24.480172346289155,2008-2015,Other (58)
2014,Monroe,58,33.624736057104315,2008-2015,Other (58)
2014,Niagara,58,43.7277283043804,2008-2015,Other (58)
2014,Onondaga,58,2.90905334056453,2008-2015,Other (58)
2014,Ontario,58,396.8680396873177,2008-2015,Other (58)
2014,Orange,58,2.6437877794218787,2008-2015,Other (58)
2014,Otsego,58,75.88070298236653,2008-2015,Other (58)
2014,Rensselaer,58,14.193295706230405,2008-2015,Other (58)
2014,Schoharie,58,24.811332910756846,2008-2015,Other (58)
2014,Schuyler,58,77.47205413437834,2008-2015,Other (58)
2014,Seneca,58,206.88000648881243,2008-2015,Other (58)
2014,Steuben,58,2091.363892923719,2008-2015,Other (58)
2014,Tioga,58,137.32309012510265,2008-2015,Other (58)
2014,Tompkins,58,139.63716432815912,2008-2015,Other (58)
2014,Washington,58,13.386135308149136,2008-2015,Other (58)
2014,Wayne,58,3.93108801014834,2008-2015,Other (58)
2014,Wyoming,58,5.230509921375983,2008-2015,Other (58)
2014,Yates,58,286.8260344990437,2008-2015,Other (58)
2015,Albany,58,2.7524150080564125,2008-2015,Other (58)
2015,Allegany,58,255.32570223678692,2008-2015,Other (58)
2015,Broome,58,4.105233360885952,2008-2015,Other (58)
2015,Cattaraugus,58,29.265276627436045,2008-2015,Other (58)
2015,Cayuga,58,174.7458122258113,2008-2015,Other (58)
2015,Chemung,58,86.96665642880934,2008-2015,Other (58)
2015,Chenango,58,40.0108768667706,2008-2015,Other (58)
2015,Clinton,58,55.58280653403308,2008-2015,Other (58)
2015,Delaware,58,46.802811583913,2008-2015,Other (58)
2015,Erie,58,284.5503582400167,2008-2015,Other (58)
2015,Essex,58,101.14664000305784,2008-2015,Other (58)
2015,Franklin,58,17.099300781542908,2008-2015,Other (58)
2015,Genesee,58,158.43982126484272,2008-2015,Other (58)
2015,Herkimer,58,2.807979966618433,2008-2015,Other (58)
2015,Lewis,58,5.828479467752405,2008-2015,Other (58)
2015,Livingston,58,234.8343399156513,2008-2015,Other (58)
2015,Monroe,58,22.217293108873932,2008-2015,Other (58)
2015,Niagara,58,201.2963608259954,2008-2015,Other (58)
2015,Oneida,58,45.02206308798848,2008-2015,Other (58)
2015,Ontario,58,404.68739101869875,2008-2015,Other (58)
2015,Orleans,58,242.7640484707698,2008-2015,Other (58)
2015,Otsego,58,82.21877456738551,2008-2015,Other (58)
2015,Rensselaer,58,17.667834079324933,2008-2015,Other (58)
2015,Schoharie,58,15.397138655375054,2008-2015,Other (58)
2015,Schuyler,58,76.55821376565783,2008-2015,Other (58)
2015,Seneca,58,285.82057439090926,2008-2015,Other (58)
2015,Steuben,58,2128.1415368634903,2008-2015,Other (58)
2015,Tioga,58,120.45593090035825,2008-2015,Other (58)
2015,Tompkins,58,181.15989819379254,2008-2015,Other (58)
2015,Washington,58,14.138971411523347,2008-2015,Other (58)
2015,Wyoming,58,2.5061352537605224,2008-2015,Other (58)
2015,Yates,58,480.15609406257755,2008-2015,Other (58)
2016,Albany,58,7.577613466923369,2016-Bridge,Other (58)
2016,Allegany,58,500.0239591044938,2016-Bridge,Other (58)
2016,Cattaraugus,58,13.642629769291066,2016-Bridge,Other (58)
2016,Cayuga,58,17.040303621294925,2016-Bridge,Other (58)
2016,Chemung,58,74.04469801929609,2016-Bridge,Other (58)
2016,Chenango,58,14.808118782837964,2016-Bridge,Other (58)
2016,Clinton,58,72.22317117671635,2016-Bridge,Other (58)
2016,Cortland,58,16.122431475905678,2016-Bridge,Other (58)
2016,Delaware,58,46.53015014206026,2016-Bridge,Other (58)
2016,Erie,58,176.249305026991,2016-Bridge,Other (58)
2016,Essex,58,172.65561167852113,2016-Bridge,Other (58)
2016,Franklin,58,8.204397686147804,2016-Bridge,Other (58)
2016,Fulton,58,3.5406670767971686,2016-Bridge,Other (58)
2016,Genesee,58,275.31571621513126,2016-Bridge,Other (58)
2016,Jefferson,58,11.102286294811574,2016-Bridge,Other (58)
2016,Lewis,58,45.413419961925,2016-Bridge,Other (58)
2016,Livingston,58,349.93374643345277,2016-Bridge,Other (58)
2016,Madison,58,9.71309288530246,2016-Bridge,Other (58)
2016,Monroe,58,647.3002907038169,2016-Bridge,Other (58)
2016,Niagara,58,75.73196803433028,2016-Bridge,Other (58)
2016,Ontario,58,417.74071077127456,2016-Bridge,Other (58)
2016,Orange,58,15.796600156073856,2016-Bridge,Other (58)
2016,Orleans,58,338.4006134132537,2016-Bridge,Other (58)
2016,Otsego,58,87.47049248000305,2016-Bridge,Other (58)
2016,Rensselaer,58,14.709454409175503,2016-Bridge,Other (58)
2016,Schoharie,58,3.8496513862712525,2016-Bridge,Other (58)
2016,Schuyler,58,115.85511731429885,2016-Bridge,Other (58)
2016,Seneca,58,437.4731409521411,2016-Bridge,Other (58)
2016,Steuben,58,2084.776726595303,2016-Bridge,Other (58)
2016,Tioga,58,143.1230386720504,2016-Bridge,Other (58)
2016,Tompkins,58,427.3376415395604,2016-Bridge,Other (58)
2016,Wayne,58,18.910975593130235,2016-Bridge,Other (58)
2016,Wyoming,58,6.737402812106014,2016-Bridge,Other (58)
2016,Yates,58,291.39071817702546,2016-Bridge,Other (58)
2017,Allegany,58,354.73545832124813,2017-2024,Other (58)
2017,Cayuga,58,64.54672265647184,2017-2024,Other (58)
2017,Chautauqua,58,99.95792847285364,2017-2024,Other (58)
2017,Chemung,58,48.24126569437618,2017-2024,Other (58)
2017,Chenango,58,22.37805099285123,2017-2024,Other (58)
2017,Clinton,58,13.5265065327535,2017-2024,Other (58)
2017,Columbia,58,20.02855999292392,2017-2024,Other (58)
2017,Cortland,58,6.15430382942582,2017-2024,Other (58)
2017,Delaware,58,49.0545085255187,2017-2024,Other (58)
2017,Erie,58,197.07274284192306,2017-2024,Other (58)
2017,Essex,58,59.6866257742019,2017-2024,Other (58)
2017,Genesee,58,51.72077662339801,2017-2024,Other (58)
2017,Greene,58,6.12268663573024,2017-2024,Other (58)
2017,Lewis,58,39.49373094939181,2017-2024,Other (58)
2017,Livingston,58,690.5709619868809,2017-2024,Other (58)
2017,Monroe,58,443.2236782667478,2017-2024,Other (58)
2017,Niagara,58,72.45996983537597,2017-2024,Other (58)
2017,Oneida,58,32.1077145553556,2017-2024,Other (58)
2017,Ontario,58,314.23657440517263,2017-2024,Other (58)
2017,Orange,58,5.67983489080461,2017-2024,Other (58)
2017,Orleans,58,20.867930738424718,2017-2024,Other (58)
2017,Otsego,58,38.59390139825041,2017-2024,Other (58)
2017,Rensselaer,58,35.7277286461227,2017-2024,Other (58)
2017,Schoharie,58,58.768006468620854,2017-2024,Other (58)
2017,Schuyler,58,8.07480853343112,2017-2024,Other (58)
2017,Seneca,58,200.09370249786676,2017-2024,Other (58)
2017,Steuben,58,1629.9977493112547,2017-2024,Other (58)
2017,Tioga,58,274.2606564782659,2017-2024,Other (58)
2017,Tompkins,58,305.56474546293333,2017-2024,Other (58)
2017,Washington,58,23.53667539976336,2017-2024,Other (58)
2017,Wayne,58,2.86649229168904,2017-2024,Other (58)
2017,Yates,58,163.20501354294422,2017-2024,Other (58)
2018,Allegany,58,323.0807142507619,2017-2024,Other (58)
2018,Cattaraugus,58,235.3929946058198,2017-2024,Other (58)
2018,Cayuga,58,33.12369269612604,2017-2024,Other (58)
2018,Chautauqua,58,38.73740056176578,2017-2024,Other (58)
2018,Chemung,58,37.29117380454978,2017-2024,Other (58)
2018,Chenango,58,53.81200789398234,2017-2024,Other (58)
2018,Clinton,58,35.44277657525403,2017-2024,Other (58)
2018,Columbia,58,20.02855999292392,2017-2024,Other (58)
2018,Cortland,58,15.286794995907929,2017-2024,Other (58)
2018,Delaware,58,50.419216149375444,2017-2024,Other (58)
2018,Erie,58,350.5295273802623,2017-2024,Other (58)
2018,Essex,58,131.92669099138064,2017-2024,Other (58)
2018,Genesee,58,14.7050105310646,2017-2024,Other (58)
2018,Greene,58,3.16513149223096,2017-2024,Other (58)
2018,Herkimer,58,34.5966880251215,2017-2024,Other (58)
2018,Lewis,58,55.24441179531918,2017-2024,Other (58)
2018,Livingston,58,434.92974302219795,2017-2024,Other (58)
2018,Madison,58,40.21374631043973,2017-2024,Other (58)
2018,Niagara,58,25.132860360169218,2017-2024,Other (58)
2018,Oneida,58,32.1077145553556,2017-2024,Other (58)
2018,Onondaga,58,3.09657334942968,2017-2024,Other (58)
2018,Ontario,58,479.49771056357605,2017-2024,Other (58)
2018,Orleans,58,174.2855894968249,2017-2024,Other (58)
2018,Otsego,58,133.4417839643306,2017-2024,Other (58)
2018,Rensselaer,58,52.86261493846328,2017-2024,Other (58)
2018,Saratoga,58,2.83362767474859,2017-2024,Other (58)
2018,Schoharie,58,68.0537366136677,2017-2024,Other (58)
2018,Schuyler,58,62.79041119996954,2017-2024,Other (58)
2018,Seneca,58,195.3421128411112,2017-2024,Other (58)
2018,Steuben,58,2049.852167098718,2017-2024,Other (58)
2018,Tioga,58,104.8236473049183,2017-2024,Other (58)
2018,Tompkins,58,625.7087694864949,2017-2024,Other (58)
2018,Washington,58,23.53667539976336,2017-2024,Other (58)
2018,Wayne,58,16.48949942715715,2017-2024,Other (58)
2018,Yates,58,418.144560855814,2017-2024,Other (58)
2019,Allegany,58,465.96017912169737,2017-2024,Other (58)
2019,Cattaraugus,58,70.74021323731002,2017-2024,Other (58)
2019,Cayuga,58,41.713080042496046,2017-2024,Other (58)
2019,Chautauqua,58,56.58052290795009,2017-2024,Other (58)
2019,Chemung,58,16.00146039567944,2017-2024,Other (58)
2019,Chenango,58,56.411612538021586,2017-2024,Other (58)
2019,Clinton,58,72.92519366024872,2017-2024,Other (58)
2019,Columbia,58,53.70783954983617,2017-2024,Other (58)
2019,Cortland,58,95.53609296318234,2017-2024,Other (58)
2019,Delaware,58,158.63537103695313,2017-2024,Other (58)
2019,Dutchess,58,176.53466745257643,2017-2024,Other (58)
2019,Erie,58,126.68367745603116,2017-2024,Other (58)
2019,Essex,58,62.015059123361624,2017-2024,Other (58)
2019,Genesee,58,67.6440039990667,2017-2024,Other (58)
2019,Greene,58,8.72896790654179,2017-2024,Other (58)
2019,Herkimer,58,39.31879072741208,2017-2024,Other (58)
2019,Lewis,58,53.16863197813027,2017-2024,Other (58)
2019,Livingston,58,581.061459524771,2017-2024,Other (58)
2019,Madison,58,103.38308076003781,2017-2024,Other (58)
2019,Niagara,58,27.54871074910229,2017-2024,Other (58)
2019,Oneida,58,89.04660755547752,2017-2024,Other (58)
2019,Ontario,58,1056.038952128506,2017-2024,Other (58)
2019,Orange,58,16.50059038153183,2017-2024,Other (58)
2019,Otsego,58,50.221823822107304,2017-2024,Other (58)
2019,Rensselaer,58,45.82615888237657,2017-2024,Other (58)
2019,Saratoga,58,2.83362767474859,2017-2024,Other (58)
2019,Schoharie,58,77.28623704790907,2017-2024,Other (58)
2019,Schuyler,58,39.71657191397847,2017-2024,Other (58)
2019,Seneca,58,270.9032700713362,2017-2024,Other (58)
2019,Steuben,58,2455.6423424089094,2017-2024,Other (58)
2019,Tioga,58,219.2442955312467,2017-2024,Other (58)
2019,Tompkins,58,378.66692558200293,2017-2024,Other (58)
2019,Ulster,58,25.047266833479668,2017-2024,Other (58)
2019,Washington,58,26.78169177808938,2017-2024,Other (58)
2019,Wayne,58,15.42511231198271,2017-2024,Other (58)
2019,Yates,58,492.1450988158655,2017-2024,Other (58)
2020,Allegany,58,360.6446926568984,2017-2024,Other (58)
2020,Cattaraugus,58,143.4219378571758,2017-2024,Other (58)
2020,Cayuga,58,29.83501756328284,2017-2024,Other (58)
2020,Chautauqua,58,436.1006528766092,2017-2024,Other (58)
2020,Chemung,58,13.48201649880992,2017-2024,Other (58)
2020,Chenango,58,52.39732269850334,2017-2024,Other (58)
2020,Clinton,58,83.32579837878987,2017-2024,Other (58)
2020,Columbia,58,42.98507081549492,2017-2024,Other (58)
2020,Cortland,58,15.59731978451953,2017-2024,Other (58)
2020,Delaware,58,107.12493378960453,2017-2024,Other (58)
2020,Dutchess,58,179.21979079577056,2017-2024,Other (58)
2020,Erie,58,204.5510228923176,2017-2024,Other (58)
2020,Essex,58,69.11201724436069,2017-2024,Other (58)
2020,Genesee,58,17.20684789872335,2017-2024,Other (58)
2020,Greene,58,5.61698857444509,2017-2024,Other (58)
2020,Herkimer,58,39.31879072741208,2017-2024,Other (58)
2020,Jefferson,58,6.19089810895108,2017-2024,Other (58)
2020,Lewis,58,46.08743390351647,2017-2024,Other (58)
2020,Livingston,58,370.0688140792108,2017-2024,Other (58)
2020,Madison,58,111.62133751210206,2017-2024,Other (58)
2020,Monroe,58,5.0854811643308,2017-2024,Other (58)
2020,Niagara,58,295.8717139024728,2017-2024,Other (58)
2020,Oneida,58,35.512852641662036,2017-2024,Other (58)
2020,Onondaga,58,2.65557037349424,2017-2024,Other (58)
2020,Ontario,58,623.8516428094653,2017-2024,Other (58)
2020,Orange,58,16.013162438902718,2017-2024,Other (58)
2020,Orleans,58,632.8126278061105,2017-2024,Other (58)
2020,Otsego,58,56.68200571088991,2017-2024,Other (58)
2020,Rensselaer,58,11.27988779981723,2017-2024,Other (58)
2020,Schoharie,58,47.35808355044537,2017-2024,Other (58)
2020,Schuyler,58,36.68510827852537,2017-2024,Other (58)
2020,Seneca,58,127.98533819864886,2017-2024,Other (58)
2020,Steuben,58,1908.9450406648969,2017-2024,Other (58)
2020,Tioga,58,211.918830837199,2017-2024,Other (58)
2020,Tompkins,58,772.2392011353444,2017-2024,Other (58)
2020,Ulster,58,22.1027212868802,2017-2024,Other (58)
2020,Wayne,58,21.61175866767612,2017-2024,Other (58)
2020,Yates,58,442.48416825122246,2017-2024,Other (58)
2021,Allegany,58,370.75639659002627,2017-2024,Other (58)
2021,Cattaraugus,58,63.41282093027737,2017-2024,Other (58)
2021,Cayuga,58,117.29244203682285,2017-2024,Other (58)
2021,Chautauqua,58,321.2272072792588,2017-2024,Other (58)
2021,Chemung,58,7.716348441805071,2017-2024,Other (58)
2021,Chenango,58,30.90420098381679,2017-2024,Other (58)
2021,Clinton,58,145.86165664341212,2017-2024,Other (58)
2021,Columbia,58,32.347676196666804,2017-2024,Other (58)
2021,Cortland,58,15.59731978451953,2017-2024,Other (58)
2021,Delaware,58,92.37756364876944,2017-2024,Other (58)
2021,Dutchess,58,76.526990704804,2017-2024,Other (58)
2021,Erie,58,316.9806943321744,2017-2024,Other (58)
2021,Essex,58,18.37474464594609,2017-2024,Other (58)
2021,Genesee,58,37.7171777428954,2017-2024,Other (58)
2021,Greene,58,5.61698857444509,2017-2024,Other (58)
2021,Herkimer,58,4.72210270229058,2017-2024,Other (58)
2021,Lewis,58,48.11481436263274,2017-2024,Other (58)
2021,Livingston,58,97.85352622528627,2017-2024,Other (58)
2021,Madison,58,49.79485419795273,2017-2024,Other (58)
2021,Niagara,58,112.25923939751742,2017-2024,Other (58)
2021,Oneida,58,22.66644467607804,2017-2024,Other (58)
2021,Onondaga,58,27.37417858565136,2017-2024,Other (58)
2021,Ontario,58,600.3609086708875,2017-2024,Other (58)
2021,Orange,58,26.84014035366352,2017-2024,Other (58)
2021,Orleans,58,534.1199352803781,2017-2024,Other (58)
2021,Oswego,58,20.0694043281885,2017-2024,Other (58)
2021,Otsego,58,74.23543755469423,2017-2024,Other (58)
2021,Rensselaer,58,17.30510598736644,2017-2024,Other (58)
2021,Schoharie,58,57.03785144219889,2017-2024,Other (58)
2021,Schuyler,58,14.946758933846489,2017-2024,Other (58)
2021,Seneca,58,174.87356414453507,2017-2024,Other (58)
2021,Steuben,58,1065.7832088102773,2017-2024,Other (58)
2021,Tioga,58,173.7469984976592,2017-2024,Other (58)
2021,Tompkins,58,653.1416262633237,2017-2024,Other (58)
2021,Ulster,58,10.19138580408167,2017-2024,Other (58)
2021,Wayne,58,17.56025480883802,2017-2024,Other (58)
2021,Wyoming,58,21.10120340421552,2017-2024,Other (58)
2021,Yates,58,251.16670261920083,2017-2024,Other (58)
2022,Allegany,58,320.4503919240792,2017-2024,Other (58)
2022,Broome,58,17.2981610660871,2017-2024,Other (58)
2022,Cattaraugus,58,132.8032020257897,2017-2024,Other (58)
2022,Cayuga,58,29.715529940243727,2017-2024,Other (58)
2022,Chautauqua,58,528.5349210695504,2017-2024,Other (58)
2022,Chemung,58,4.34888072504284,2017-2024,Other (58)
2022,Chenango,58,38.95453943089756,2017-2024,Other (58)
2022,Clinton,58,179.53908631116838,2017-2024,Other (58)
2022,Columbia,58,35.72211926567038,2017-2024,Other (58)
2022,Cortland,58,19.02696240389319,2017-2024,Other (58)
2022,Dutchess,58,21.5462319265168,2017-2024,Other (58)
2022,Erie,58,380.8268592256099,2017-2024,Other (58)
2022,Essex,58,64.41751935641241,2017-2024,Other (58)
2022,Genesee,58,64.5087000740437,2017-2024,Other (58)
2022,Greene,58,5.61698857444509,2017-2024,Other (58)
2022,Herkimer,58,34.5966880251215,2017-2024,Other (58)
2022,Jefferson,58,87.59634449878362,2017-2024,Other (58)
2022,Lewis,58,11.0903231230134,2017-2024,Other (58)
2022,Livingston,58,517.8079832003868,2017-2024,Other (58)
2022,Madison,58,49.25348494930956,2017-2024,Other (58)
2022,Monroe,58,131.35686569549105,2017-2024,Other (58)
2022,Niagara,58,46.280073003238215,2017-2024,Other (58)
2022,Oneida,58,45.25103497623521,2017-2024,Other (58)
2022,Onondaga,58,10.0788220656465,2017-2024,Other (58)
2022,Ontario,58,731.8424809943834,2017-2024,Other (58)
2022,Orange,58,32.51997524446813,2017-2024,Other (58)
2022,Orleans,58,477.58483786208063,2017-2024,Other (58)
2022,Oswego,58,4.43757114342169,2017-2024,Other (58)
2022,Otsego,58,3.20008523082693,2017-2024,Other (58)
2022,Rensselaer,58,9.84637341857105,2017-2024,Other (58)
2022,Schoharie,58,21.91198219548217,2017-2024,Other (58)
2022,Schuyler,58,29.10362404329556,2017-2024,Other (58)
2022,Seneca,58,223.23412484987279,2017-2024,Other (58)
2022,Steuben,58,1507.0180532713835,2017-2024,Other (58)
2022,Tioga,58,222.17841388583355,2017-2024,Other (58)
2022,Tompkins,58,296.1864399247643,2017-2024,Other (58)
2022,Washington,58,3.33596467011904,2017-2024,Other (58)
2022,Wayne,58,45.57658776557207,2017-2024,Other (58)
2022,Wyoming,58,3.54732566023702,2017-2024,Other (58)
2022,Yates,58,624.6584568065109,2017-2024,Other (58)
2023,Allegany,58,86.44250249354981,2017-2024,Other (58)
2023,Broome,58,17.2981610660871,2017-2024,Other (58)
2023,Cattaraugus,58,54.972231277686994,2017-2024,Other (58)
2023,Cayuga,58,98.59283663885856,2017-2024,Other (58)
2023,Chautauqua,58,62.65584528427977,2017-2024,Other (58)
2023,Chemung,58,10.87265629924925,2017-2024,Other (58)
2023,Chenango,58,32.31760731332509,2017-2024,Other (58)
2023,Clinton,58,130.94942680451496,2017-2024,Other (58)
2023,Cortland,58,83.48794631193614,2017-2024,Other (58)
2023,Delaware,58,37.16749465521623,2017-2024,Other (58)
2023,Dutchess,58,5.36107436999643,2017-2024,Other (58)
2023,Erie,58,792.7443548851154,2017-2024,Other (58)
2023,Essex,58,26.4904838893137,2017-2024,Other (58)
2023,Genesee,58,115.13709606485577,2017-2024,Other (58)
2023,Herkimer,58,38.31826704312378,2017-2024,Other (58)
2023,Jefferson,58,121.43922388615982,2017-2024,Other (58)
2023,Lewis,58,11.0903231230134,2017-2024,Other (58)
2023,Livingston,58,502.1249452839279,2017-2024,Other (58)
2023,Madison,58,170.4432431948776,2017-2024,Other (58)
2023,Monroe,58,48.2193003304923,2017-2024,Other (58)
2023,Montgomery,58,17.45174328229897,2017-2024,Other (58)
2023,Niagara,58,24.0043165834666,2017-2024,Other (58)
2023,Oneida,58,45.25103497623521,2017-2024,Other (58)
2023,Onondaga,58,10.0788220656465,2017-2024,Other (58)
2023,Ontario,58,773.7188378979622,2017-2024,Other (58)
2023,Orange,58,21.69299732970733,2017-2024,Other (58)
2023,Orleans,58,490.7954160012888,2017-2024,Other (58)
2023,Oswego,58,26.41754939515219,2017-2024,Other (58)
2023,Otsego,58,30.4984893923069,2017-2024,Other (58)
2023,Rensselaer,58,10.08507203803144,2017-2024,Other (58)
2023,Schoharie,58,3.8923173460912,2017-2024,Other (58)
2023,Schuyler,58,8.91987156170786,2017-2024,Other (58)
2023,Seneca,58,319.7854711261621,2017-2024,Other (58)
2023,Steuben,58,698.8779367779717,2017-2024,Other (58)
2023,Tioga,58,257.9025388268364,2017-2024,Other (58)
2023,Tompkins,58,391.48614231677135,2017-2024,Other (58)
2023,Washington,58,8.08638807598986,2017-2024,Other (58)
2023,Wayne,58,12.55862002029367,2017-2024,Other (58)
2023,Wyoming,58,59.47076708226273,2017-2024,Other (58)
2023,Yates,58,391.99295665556804,2017-2024,Other (58)
2024,Allegany,58,3.44967894391216,2017-2024,Other (58)
2024,Cattaraugus,58,78.64574732514932,2017-2024,Other (58)
2024,Cayuga,58,149.7822653742518,2017-2024,Other (58)
2024,Chenango,58,18.11844010756387,2017-2024,Other (58)
2024,Clinton,58,56.67524958935049,2017-2024,Other (58)
2024,Columbia,58,113.12157825542864,2017-2024,Other (58)
2024,Cortland,58,38.7475753115528,2017-2024,Other (58)
2024,Delaware,58,3.47006336243229,2017-2024,Other (58)
2024,Dutchess,58,455.4794788025383,2017-2024,Other (58)
2024,Erie,58,197.3086202054482,2017-2024,Other (58)
2024,Essex,58,15.5748507176032,2017-2024,Other (58)
2024,Franklin,58,2.72139339039939,2017-2024,Other (58)
2024,Herkimer,58,3.72157901800228,2017-2024,Other (58)
2024,Jefferson,58,202.43885516641123,2017-2024,Other (58)
2024,Lewis,58,27.76460834811994,2017-2024,Other (58)
2024,Livingston,58,78.880009448881,2017-2024,Other (58)
2024,Madison,58,82.70707010809127,2017-2024,Other (58)
2024,Monroe,58,12.696064596985421,2017-2024,Other (58)
2024,Niagara,58,51.87451968060771,2017-2024,Other (58)
2024,Oneida,58,10.6110066746664,2017-2024,Other (58)
2024,Ontario,58,592.9871938091411,2017-2024,Other (58)
2024,Orange,58,193.91534094360455,2017-2024,Other (58)
2024,Orleans,58,148.06105776397777,2017-2024,Other (58)
2024,Oswego,58,53.18119253723217,2017-2024,Other (58)
2024,Rensselaer,58,109.4907996435416,2017-2024,Other (58)
2024,Schoharie,58,3.8923173460912,2017-2024,Other (58)
2024,Seneca,58,33.230305911211886,2017-2024,Other (58)
2024,Steuben,58,214.5064975886289,2017-2024,Other (58)
2024,Tioga,58,87.25273983240422,2017-2024,Other (58)
2024,Ulster,58,25.70606458379692,2017-2024,Other (58)
2024,Washington,58,9.64039607500668,2017-2024,Other (58)
2024,Wayne,58,159.71877312962894,2017-2024,Other (58)
2024,Wyoming,58,17.5538777439785,2017-2024,Other (58)
2024,Yates,58,231.76722462652674,2017-2024,Other (58)
2008,Albany,68,87.09887062211202,2008-2015,Other (68)
2008,Clinton,68,1047.2981895587309,2008-2015,Other (68)
2008,Columbia,68,342.5881980565549,2008-2015,Other (68)
2008,Dutchess,68,180.16640616926247,2008-2015,Other (68)
2008,Essex,68,76.32209618369524,2008-2015,Other (68)
2008,Monroe,68,251.86191610188155,2008-2015,Other (68)
2008,Niagara,68,1741.4291239823385,2008-2015,Other (68)
2008,Oneida,68,2.8065102122765637,2008-2015,Other (68)
2008,Onondaga,68,61.355977185351676,2008-2015,Other (68)
2008,Ontario,68,233.97806648043147,2008-2015,Other (68)
2008,Orange,68,288.5457853901342,2008-2015,Other (68)
2008,Orleans,68,3716.794380751808,2008-2015,Other (68)
2008,Oswego,68,14.757431279111866,2008-2015,Other (68)
2008,Putnam,68,12.990286763204914,2008-2015,Other (68)
2008,Rensselaer,68,37.3145171958748,2008-2015,Other (68)
2008,Rockland,68,2.703506944027087,2008-2015,Other (68)
2008,Saratoga,68,37.00768272838715,2008-2015,Other (68)
2008,Schenectady,68,3.5303548134787777,2008-2015,Other (68)
2008,Suffolk,68,142.68757247450966,2008-2015,Other (68)
2008,Ulster,68,4528.09678362556,2008-2015,Other (68)
2008,Washington,68,7.499981360298943,2008-2015,Other (68)
2008,Wayne,68,14840.681060110093,2008-2015,Other (68)
2008,Westchester,68,18.369591951552234,2008-2015,Other (68)
2008,Yates,68,3.804074801091813,2008-2015,Other (68)
2009,Albany,68,5.960599896658456,2008-2015,Other (68)
2009,Cayuga,68,115.79095378442008,2008-2015,Other (68)
2009,Clinton,68,591.0025556280202,2008-2015,Other (68)
2009,Columbia,68,320.32695380499064,2008-2015,Other (68)
2009,Dutchess,68,172.49701767184328,2008-2015,Other (68)
2009,Erie,68,15.366951339572964,2008-2015,Other (68)
2009,Essex,68,7.571191126351736,2008-2015,Other (68)
2009,Greene,68,3.845287087810333,2008-2015,Other (68)
2009,Livingston,68,3.4277483499450896,2008-2015,Other (68)
2009,Madison,68,3.723183305386702,2008-2015,Other (68)
2009,Monroe,68,1130.652736295172,2008-2015,Other (68)
2009,Niagara,68,4755.448415264642,2008-2015,Other (68)
2009,Oneida,68,8.51978153913828,2008-2015,Other (68)
2009,Onondaga,68,119.85625984716079,2008-2015,Other (68)
2009,Ontario,68,346.25092413217845,2008-2015,Other (68)
2009,Orange,68,432.68859424358544,2008-2015,Other (68)
2009,Orleans,68,5932.386187574708,2008-2015,Other (68)
2009,Oswego,68,62.381212657489684,2008-2015,Other (68)
2009,Rensselaer,68,52.57024372878293,2008-2015,Other (68)
2009,Rockland,68,3.48886510810309,2008-2015,Other (68)
2009,Saratoga,68,13.097526557767068,2008-2015,Other (68)
2009,Seneca,68,18.558966919064456,2008-2015,Other (68)
2009,Suffolk,68,284.3273998790728,2008-2015,Other (68)
2009,Ulster,68,3571.770798555929,2008-2015,Other (68)
2009,Wayne,68,12289.45142415632,2008-2015,Other (68)
2009,Westchester,68,16.502719986181003,2008-2015,Other (68)
2009,Yates,68,3.0896646716734306,2008-2015,Other (68)
2010,Albany,68,227.73747484885374,2008-2015,Other (68)
2010,Clinton,68,1288.937152152175,2008-2015,Other (68)
2010,Columbia,68,457.48547748667505,2008-2015,Other (68)
2010,Dutchess,68,773.0365751915175,2008-2015,Other (68)
2010,Essex,68,41.62834997564894,2008-2015,Other (68)
2010,Genesee,68,6.841935602461133,2008-2015,Other (68)
2010,Greene,68,56.13813405120481,2008-2015,Other (68)
2010,Madison,68,5.896167889615003,2008-2015,Other (68)
2010,Monroe,68,454.05952715721133,2008-2015,Other (68)
2010,Niagara,68,2430.3355775720083,2008-2015,Other (68)
2010,Oneida,68,7.837386740818278,2008-2015,Other (68)
2010,Onondaga,68,29.674452735581077,2008-2015,Other (68)
2010,Ontario,68,485.37462477500304,2008-2015,Other (68)
2010,Orange,68,505.1048079222779,2008-2015,Other (68)
2010,Orleans,68,2775.2444962953214,2008-2015,Other (68)
2010,Putnam,68,124.07405004878012,2008-2015,Other (68)
2010,Rensselaer,68,34.762138114143944,2008-2015,Other (68)
2010,Rockland,68,9.857452818456899,2008-2015,Other (68)
2010,Saratoga,68,9.751269943814563,2008-2015,Other (68)
2010,Schenectady,68,8.535892566069776,2008-2015,Other (68)
2010,Seneca,68,55.42868118496757,2008-2015,Other (68)
2010,Suffolk,68,52.00058391234245,2008-2015,Other (68)
2010,Ulster,68,5192.696706229092,2008-2015,Other (68)
2010,Wayne,68,15286.12998531511,2008-2015,Other (68)
2010,Westchester,68,117.68878888201675,2008-2015,Other (68)
2011,Albany,68,547.1945732509874,2008-2015,Other (68)
2011,Allegany,68,2.859257052081119,2008-2015,Other (68)
2011,Cayuga,68,28.913374832023084,2008-2015,Other (68)
2011,Clinton,68,51.25577756390537,2008-2015,Other (68)
2011,Columbia,68,570.9586006332149,2008-2015,Other (68)
2011,Dutchess,68,1583.6752574913564,2008-2015,Other (68)
2011,Greene,68,42.98118692449036,2008-2015,Other (68)
2011,Madison,68,3.786395507519628,2008-2015,Other (68)
2011,Monroe,68,1018.3649637387108,2008-2015,Other (68)
2011,Montgomery,68,37.82825935684046,2008-2015,Other (68)
2011,Niagara,68,2354.4646093905453,2008-2015,Other (68)
2011,Onondaga,68,139.86614096974415,2008-2015,Other (68)
2011,Ontario,68,336.5131581937811,2008-2015,Other (68)
2011,Orange,68,1145.1199771152076,2008-2015,Other (68)
2011,Orleans,68,2353.6390226938297,2008-2015,Other (68)
2011,Putnam,68,155.4152448300876,2008-2015,Other (68)
2011,Rockland,68,34.83544895409658,2008-2015,Other (68)
2011,Schenectady,68,152.14792075490175,2008-2015,Other (68)
2011,Seneca,68,7.694469527556448,2008-2015,Other (68)
2011,Ulster,68,6551.5867924176055,2008-2015,Other (68)
2011,Wayne,68,19874.635718583308,2008-2015,Other (68)
2011,Westchester,68,750.7961241150153,2008-2015,Other (68)
2011,Yates,68,26.397820109979413,2008-2015,Other (68)
2012,Albany,68,295.2906963833149,2008-2015,Other (68)
2012,Allegany,68,7.800379482508424,2008-2015,Other (68)
2012,Cayuga,68,63.443773139829396,2008-2015,Other (68)
2012,Clinton,68,1821.776076035873,2008-2015,Other (68)
2012,Columbia,68,905.6317848642261,2008-2015,Other (68)
2012,Dutchess,68,331.37919502806716,2008-2015,Other (68)
2012,Erie,68,48.63358187090244,2008-2015,Other (68)
2012,Essex,68,9.51468711064185,2008-2015,Other (68)
2012,Genesee,68,150.9604737318542,2008-2015,Other (68)
2012,Greene,68,17.98821870830809,2008-2015,Other (68)
2012,Jefferson,68,3.7878668627766587,2008-2015,Other (68)
2012,Livingston,68,4.242365468087079,2008-2015,Other (68)
2012,Monroe,68,1124.6877768231748,2008-2015,Other (68)
2012,Nassau,68,7.1644334662499105,2008-2015,Other (68)
2012,Niagara,68,2585.274873247329,2008-2015,Other (68)
2012,Oneida,68,7.837386740818278,2008-2015,Other (68)
2012,Onondaga,68,157.85537082046457,2008-2015,Other (68)
2012,Ontario,68,158.56790694278322,2008-2015,Other (68)
2012,Orange,68,778.7392201255225,2008-2015,Other (68)
2012,Orleans,68,4125.451400746321,2008-2015,Other (68)
2012,Oswego,68,102.36135571778615,2008-2015,Other (68)
2012,Putnam,68,82.23227216274648,2008-2015,Other (68)
2012,Rensselaer,68,34.3360475887223,2008-2015,Other (68)
2012,Rockland,68,5.433571535658572,2008-2015,Other (68)
2012,Saratoga,68,3.5215192907862534,2008-2015,Other (68)
2012,Schenectady,68,5.104930867768163,2008-2015,Other (68)
2012,Schoharie,68,20.891359878196493,2008-2015,Other (68)
2012,Seneca,68,17.751142411063984,2008-2015,Other (68)
2012,Suffolk,68,312.64057965132884,2008-2015,Other (68)
2012,Ulster,68,6833.032649626087,2008-2015,Other (68)
2012,Washington,68,3.8036714405515064,2008-2015,Other (68)
2012,Wayne,68,18421.404201972015,2008-2015,Other (68)
2012,Westchester,68,23.049682076613628,2008-2015,Other (68)
2012,Wyoming,68,23.61375563871969,2008-2015,Other (68)
2012,Yates,68,22.36799426977319,2008-2015,Other (68)
2013,Albany,68,261.63316764417345,2008-2015,Other (68)
2013,Clinton,68,878.5212014129544,2008-2015,Other (68)
2013,Columbia,68,376.46584497932855,2008-2015,Other (68)
2013,Dutchess,68,153.29505077162474,2008-2015,Other (68)
2013,Greene,68,7.266839126737858,2008-2015,Other (68)
2013,Monroe,68,269.10612376967725,2008-2015,Other (68)
2013,Niagara,68,1705.5314585754065,2008-2015,Other (68)
2013,Oneida,68,7.837386740818278,2008-2015,Other (68)
2013,Onondaga,68,98.01824015964048,2008-2015,Other (68)
2013,Ontario,68,332.78340185170214,2008-2015,Other (68)
2013,Orange,68,585.6225141547216,2008-2015,Other (68)
2013,Orleans,68,4140.824412237357,2008-2015,Other (68)
2013,Putnam,68,23.51234198394463,2008-2015,Other (68)
2013,Rensselaer,68,22.263767367313648,2008-2015,Other (68)
2013,Saratoga,68,10.707736803795946,2008-2015,Other (68)
2013,Schenectady,68,5.8910002451976275,2008-2015,Other (68)
2013,Seneca,68,6.300140204915354,2008-2015,Other (68)
2013,Suffolk,68,42.774753150706644,2008-2015,Other (68)
2013,Ulster,68,5895.242805336853,2008-2015,Other (68)
2013,Washington,68,7.499981360298943,2008-2015,Other (68)
2013,Wayne,68,5369.152967946392,2008-2015,Other (68)
2013,Westchester,68,16.21756475921996,2008-2015,Other (68)
2013,Yates,68,34.23791430172045,2008-2015,Other (68)
2014,Albany,68,280.47203161009577,2008-2015,Other (68)
2014,Cayuga,68,7.00154099571405,2008-2015,Other (68)
2014,Clinton,68,907.694453179463,2008-2015,Other (68)
2014,Columbia,68,138.46836686757285,2008-2015,Other (68)
2014,Dutchess,68,98.52510598780135,2008-2015,Other (68)
2014,Genesee,68,2.596934129262954,2008-2015,Other (68)
2014,Greene,68,2.8204529769661577,2008-2015,Other (68)
2014,Monroe,68,481.82452932022176,2008-2015,Other (68)
2014,Niagara,68,2127.610139920715,2008-2015,Other (68)
2014,Oneida,68,3.030335235781467,2008-2015,Other (68)
2014,Onondaga,68,134.9198878306634,2008-2015,Other (68)
2014,Ontario,68,210.00169295393178,2008-2015,Other (68)
2014,Orange,68,597.9147741185728,2008-2015,Other (68)
2014,Orleans,68,4132.868117566912,2008-2015,Other (68)
2014,Oswego,68,38.482819624603565,2008-2015,Other (68)
2014,Putnam,68,42.90598016533789,2008-2015,Other (68)
2014,Rensselaer,68,23.100117159239687,2008-2015,Other (68)
2014,Rockland,68,5.433571535658572,2008-2015,Other (68)
2014,Saratoga,68,10.698098736751728,2008-2015,Other (68)
2014,Schenectady,68,12.393378099063774,2008-2015,Other (68)
2014,Schoharie,68,2.3510694458068855,2008-2015,Other (68)
2014,Seneca,68,14.15901404992054,2008-2015,Other (68)
2014,Suffolk,68,9.340333925647638,2008-2015,Other (68)
2014,Ulster,68,6259.564063256966,2008-2015,Other (68)
2014,Wayne,68,5711.200757877834,2008-2015,Other (68)
2014,Yates,68,17.42201306304156,2008-2015,Other (68)
2015,Albany,68,332.3280303247701,2008-2015,Other (68)
2015,Cayuga,68,24.220000625559823,2008-2015,Other (68)
2015,Chautauqua,68,94.32377026732237,2008-2015,Other (68)
2015,Clinton,68,945.2635939834184,2008-2015,Other (68)
2015,Columbia,68,611.6712932750333,2008-2015,Other (68)
2015,Dutchess,68,201.91551571869752,2008-2015,Other (68)
2015,Erie,68,19.914582422844507,2008-2015,Other (68)
2015,Greene,68,4.461392251348989,2008-2015,Other (68)
2015,Monroe,68,710.9728714752041,2008-2015,Other (68)
2015,Niagara,68,3036.138844953366,2008-2015,Other (68)
2015,Oneida,68,7.837386740818278,2008-2015,Other (68)
2015,Onondaga,68,135.3443452157747,2008-2015,Other (68)
2015,Ontario,68,338.0762321404063,2008-2015,Other (68)
2015,Orange,68,792.5419498192983,2008-2015,Other (68)
2015,Orleans,68,5027.780525809974,2008-2015,Other (68)
2015,Oswego,68,44.23873077898102,2008-2015,Other (68)
2015,Putnam,68,21.16000071954199,2008-2015,Other (68)
2015,Rensselaer,68,27.27592248103213,2008-2015,Other (68)
2015,Rockland,68,5.433571535658572,2008-2015,Other (68)
2015,Saratoga,68,9.32645906601606,2008-2015,Other (68)
2015,Schenectady,68,16.308777755893765,2008-2015,Other (68)
2015,Schoharie,68,2.5463131164137356,2008-2015,Other (68)
2015,Seneca,68,13.669222258385908,2008-2015,Other (68)
2015,Suffolk,68,35.286280946343105,2008-2015,Other (68)
2015,Ulster,68,6767.721342452715,2008-2015,Other (68)
2015,Washington,68,3.8036714405515064,2008-2015,Other (68)
2015,Wayne,68,15017.854747130532,2008-2015,Other (68)
2015,Westchester,68,23.301768884189382,2008-2015,Other (68)
2016,Albany,68,344.3858764968001,2016-Bridge,Other (68)
2016,Cayuga,68,6.702198814150219,2016-Bridge,Other (68)
2016,Chautauqua,68,120.8208474336652,2016-Bridge,Other (68)
2016,Chemung,68,7.074844178473629,2016-Bridge,Other (68)
2016,Clinton,68,949.8437898840052,2016-Bridge,Other (68)
2016,Columbia,68,660.7161482531297,2016-Bridge,Other (68)
2016,Dutchess,68,296.3967027753339,2016-Bridge,Other (68)
2016,Erie,68,23.070986719428745,2016-Bridge,Other (68)
2016,Essex,68,3.416636464215884,2016-Bridge,Other (68)
2016,Genesee,68,2.38053140034717,2016-Bridge,Other (68)
2016,Greene,68,5.008821029132058,2016-Bridge,Other (68)
2016,Monroe,68,843.2980985163153,2016-Bridge,Other (68)
2016,Niagara,68,3657.5012767567646,2016-Bridge,Other (68)
2016,Oneida,68,11.753981668385949,2016-Bridge,Other (68)
2016,Onondaga,68,173.8769329960232,2016-Bridge,Other (68)
2016,Ontario,68,402.8163312491208,2016-Bridge,Other (68)
2016,Orange,68,867.9719082237234,2016-Bridge,Other (68)
2016,Orleans,68,5511.527774693349,2016-Bridge,Other (68)
2016,Oswego,68,43.83918182901522,2016-Bridge,Other (68)
2016,Putnam,68,25.901987941525917,2016-Bridge,Other (68)
2016,Rensselaer,68,36.33678245420187,2016-Bridge,Other (68)
2016,Rockland,68,8.471484259101725,2016-Bridge,Other (68)
2016,Saratoga,68,5.1242332608431385,2016-Bridge,Other (68)
2016,Schenectady,68,21.023742463985798,2016-Bridge,Other (68)
2016,Schoharie,68,14.83210801436087,2016-Bridge,Other (68)
2016,Seneca,68,11.659870901912178,2016-Bridge,Other (68)
2016,Suffolk,68,80.30184070410318,2016-Bridge,Other (68)
2016,Ulster,68,7021.841165723455,2016-Bridge,Other (68)
2016,Washington,68,4.609183617587773,2016-Bridge,Other (68)
2016,Wayne,68,15095.692265481573,2016-Bridge,Other (68)
2016,Westchester,68,26.211287883465232,2016-Bridge,Other (68)
2017,Albany,68,304.00215708824527,2017-2024,Other (68)
2017,Cayuga,68,5.30912324714894,2017-2024,Other (68)
2017,Chautauqua,68,63.988841221013956,2017-2024,Other (68)
2017,Clinton,68,1012.1846607719514,2017-2024,Other (68)
2017,Columbia,68,569.4814395448954,2017-2024,Other (68)
2017,Dutchess,68,223.28024138113318,2017-2024,Other (68)
2017,Erie,68,14.36454361788498,2017-2024,Other (68)
2017,Genesee,68,2.52804770004791,2017-2024,Other (68)
2017,Greene,68,4.66776252031772,2017-2024,Other (68)
2017,Monroe,68,1055.9893656685833,2017-2024,Other (68)
2017,Niagara,68,3460.1316069117784,2017-2024,Other (68)
2017,Oneida,68,8.22525083703281,2017-2024,Other (68)
2017,Onondaga,68,230.5810425910074,2017-2024,Other (68)
2017,Ontario,68,284.6646228829984,2017-2024,Other (68)
2017,Orange,68,855.6097325914864,2017-2024,Other (68)
2017,Orleans,68,7084.788417910838,2017-2024,Other (68)
2017,Oswego,68,43.96613597306802,2017-2024,Other (68)
2017,Putnam,68,20.50640560360705,2017-2024,Other (68)
2017,Rensselaer,68,32.76126313304786,2017-2024,Other (68)
2017,Rockland,68,3.58837985076357,2017-2024,Other (68)
2017,Saratoga,68,27.92036098839964,2017-2024,Other (68)
2017,Schenectady,68,25.316038995617042,2017-2024,Other (68)
2017,Schoharie,68,3.00873518346004,2017-2024,Other (68)
2017,Seneca,68,4.56219058815422,2017-2024,Other (68)
2017,Suffolk,68,121.14038397948504,2017-2024,Other (68)
2017,Ulster,68,6914.206866498362,2017-2024,Other (68)
2017,Washington,68,9.63904267082337,2017-2024,Other (68)
2017,Wayne,68,16897.308255507898,2017-2024,Other (68)
2017,Westchester,68,74.76460622245222,2017-2024,Other (68)
2018,Albany,68,307.2857233910873,2017-2024,Other (68)
2018,Cayuga,68,5.30912324714894,2017-2024,Other (68)
2018,Chautauqua,68,71.59019317249022,2017-2024,Other (68)
2018,Chemung,68,3.42302359703463,2017-2024,Other (68)
2018,Clinton,68,984.9605984355114,2017-2024,Other (68)
2018,Columbia,68,589.0354429355557,2017-2024,Other (68)
2018,Dutchess,68,228.55022704101444,2017-2024,Other (68)
2018,Erie,68,19.17697524388209,2017-2024,Other (68)
2018,Genesee,68,2.52804770004791,2017-2024,Other (68)
2018,Greene,68,4.66776252031772,2017-2024,Other (68)
2018,Monroe,68,1122.9565700032006,2017-2024,Other (68)
2018,Niagara,68,3933.7185006398886,2017-2024,Other (68)
2018,Oneida,68,8.22525083703281,2017-2024,Other (68)
2018,Onondaga,68,208.1080382104219,2017-2024,Other (68)
2018,Ontario,68,463.91468693947206,2017-2024,Other (68)
2018,Orange,68,870.9459973724476,2017-2024,Other (68)
2018,Orleans,68,7688.581376338436,2017-2024,Other (68)
2018,Oswego,68,43.96613597306802,2017-2024,Other (68)
2018,Putnam,68,16.57299906952888,2017-2024,Other (68)
2018,Rensselaer,68,39.48469011830214,2017-2024,Other (68)
2018,Rockland,68,3.58837985076357,2017-2024,Other (68)
2018,Saratoga,68,27.92036098839964,2017-2024,Other (68)
2018,Schenectady,68,31.79253559055288,2017-2024,Other (68)
2018,Schoharie,68,3.00873518346004,2017-2024,Other (68)
2018,Seneca,68,4.56219058815422,2017-2024,Other (68)
2018,Suffolk,68,48.19560986759939,2017-2024,Other (68)
2018,Ulster,68,6944.537212786153,2017-2024,Other (68)
2018,Washington,68,9.63904267082337,2017-2024,Other (68)
2018,Wayne,68,17547.51586029838,2017-2024,Other (68)
2018,Westchester,68,34.42549277581616,2017-2024,Other (68)
2019,Albany,68,329.3936975753984,2017-2024,Other (68)
2019,Cayuga,68,4.62870149572968,2017-2024,Other (68)
2019,Chautauqua,68,5.63219788785866,2017-2024,Other (68)
2019,Clinton,68,979.2421912557855,2017-2024,Other (68)
2019,Columbia,68,570.3712090549187,2017-2024,Other (68)
2019,Dutchess,68,206.16845743166715,2017-2024,Other (68)
2019,Erie,68,11.18510696964017,2017-2024,Other (68)
2019,Genesee,68,2.52804770004791,2017-2024,Other (68)
2019,Greene,68,12.60564237302718,2017-2024,Other (68)
2019,Monroe,68,1082.1733034034407,2017-2024,Other (68)
2019,Niagara,68,3891.9971871747507,2017-2024,Other (68)
2019,Onondaga,68,14.5699389180374,2017-2024,Other (68)
2019,Ontario,68,497.14021044548707,2017-2024,Other (68)
2019,Orange,68,833.523973230775,2017-2024,Other (68)
2019,Orleans,68,7680.615655648023,2017-2024,Other (68)
2019,Oswego,68,40.27582090597847,2017-2024,Other (68)
2019,Putnam,68,20.50640560360705,2017-2024,Other (68)
2019,Rensselaer,68,35.53620933947286,2017-2024,Other (68)
2019,Rockland,68,3.58837985076357,2017-2024,Other (68)
2019,Saratoga,68,30.8306464940264,2017-2024,Other (68)
2019,Schenectady,68,25.316038995617042,2017-2024,Other (68)
2019,Schoharie,68,3.00460579273097,2017-2024,Other (68)
2019,Seneca,68,4.56219058815422,2017-2024,Other (68)
2019,Suffolk,68,122.13028443410148,2017-2024,Other (68)
2019,Ulster,68,6827.671609047329,2017-2024,Other (68)
2019,Washington,68,14.479114926008961,2017-2024,Other (68)
2019,Wayne,68,19148.99740239447,2017-2024,Other (68)
2019,Westchester,68,34.42549277581616,2017-2024,Other (68)
2020,Albany,68,273.72970384589536,2017-2024,Other (68)
2020,Clinton,68,992.9454458082255,2017-2024,Other (68)
2020,Columbia,68,412.8186923427128,2017-2024,Other (68)
2020,Dutchess,68,202.76825842236,2017-2024,Other (68)
2020,Erie,68,11.18510696964017,2017-2024,Other (68)
2020,Genesee,68,2.52804770004791,2017-2024,Other (68)
2020,Greene,68,3.03612704105192,2017-2024,Other (68)
2020,Monroe,68,1144.3312518305775,2017-2024,Other (68)
2020,Niagara,68,3853.3580824833793,2017-2024,Other (68)
2020,Onondaga,68,14.56169578441089,2017-2024,Other (68)
2020,Ontario,68,369.4204511556129,2017-2024,Other (68)
2020,Orange,68,553.2950903638595,2017-2024,Other (68)
2020,Orleans,68,7763.366607856638,2017-2024,Other (68)
2020,Oswego,68,24.87625366205584,2017-2024,Other (68)
2020,Putnam,68,15.46837733513839,2017-2024,Other (68)
2020,Rensselaer,68,12.37291763226926,2017-2024,Other (68)
2020,Saratoga,68,16.57053136737823,2017-2024,Other (68)
2020,Schenectady,68,21.69471850703167,2017-2024,Other (68)
2020,Schoharie,68,3.00460579273097,2017-2024,Other (68)
2020,Seneca,68,4.56219058815422,2017-2024,Other (68)
2020,Suffolk,68,122.13028443410148,2017-2024,Other (68)
2020,Ulster,68,6770.0322012800225,2017-2024,Other (68)
2020,Washington,68,9.63904267082337,2017-2024,Other (68)
2020,Wayne,68,19405.85995007271,2017-2024,Other (68)
2020,Westchester,68,45.36315984703108,2017-2024,Other (68)
2021,Albany,68,38.03711989694726,2017-2024,Other (68)
2021,Clinton,68,966.5250516613986,2017-2024,Other (68)
2021,Columbia,68,232.7953134922522,2017-2024,Other (68)
2021,Dutchess,68,184.9607546847158,2017-2024,Other (68)
2021,Genesee,68,24.18182772858636,2017-2024,Other (68)
2021,Monroe,68,1114.3826635150422,2017-2024,Other (68)
2021,Niagara,68,3673.4108159742777,2017-2024,Other (68)
2021,Ontario,68,293.9104791643501,2017-2024,Other (68)
2021,Orange,68,424.690066904842,2017-2024,Other (68)
2021,Orleans,68,7855.944658862686,2017-2024,Other (68)
2021,Oswego,68,41.08520394453699,2017-2024,Other (68)
2021,Putnam,68,15.46837733513839,2017-2024,Other (68)
2021,Saratoga,68,6.46218098672097,2017-2024,Other (68)
2021,Schoharie,68,3.00460579273097,2017-2024,Other (68)
2021,Seneca,68,4.56219058815422,2017-2024,Other (68)
2021,Suffolk,68,112.84259338006574,2017-2024,Other (68)
2021,Ulster,68,744.1520854967728,2017-2024,Other (68)
2021,Washington,68,9.63904267082337,2017-2024,Other (68)
2021,Wayne,68,15969.935298582013,2017-2024,Other (68)
2021,Westchester,68,18.72723135990776,2017-2024,Other (68)
2022,Albany,68,4.60443044179323,2017-2024,Other (68)
2022,Clinton,68,966.1921192939358,2017-2024,Other (68)
2022,Columbia,68,205.64642104833217,2017-2024,Other (68)
2022,Dutchess,68,108.87914808165364,2017-2024,Other (68)
2022,Genesee,68,2.52804770004791,2017-2024,Other (68)
2022,Monroe,68,1123.6778927716625,2017-2024,Other (68)
2022,Niagara,68,3570.4267716511627,2017-2024,Other (68)
2022,Ontario,68,272.8719908043192,2017-2024,Other (68)
2022,Orange,68,388.7808271364273,2017-2024,Other (68)
2022,Orleans,68,7791.438665305469,2017-2024,Other (68)
2022,Oswego,68,30.23438815185159,2017-2024,Other (68)
2022,Saratoga,68,4.14095255059979,2017-2024,Other (68)
2022,Seneca,68,4.56219058815422,2017-2024,Other (68)
2022,Suffolk,68,100.40534670633164,2017-2024,Other (68)
2022,Ulster,68,5148.505213624723,2017-2024,Other (68)
2022,Wayne,68,16173.165993095718,2017-2024,Other (68)
2022,Westchester,68,13.824775798500909,2017-2024,Other (68)
2023,Albany,68,4.60443044179323,2017-2024,Other (68)
2023,Clinton,68,954.0110421053498,2017-2024,Other (68)
2023,Columbia,68,266.2824221754804,2017-2024,Other (68)
2023,Dutchess,68,117.17184542303688,2017-2024,Other (68)
2023,Genesee,68,28.46772574803488,2017-2024,Other (68)
2023,Monroe,68,1221.2284139190376,2017-2024,Other (68)
2023,Niagara,68,3356.7491644183533,2017-2024,Other (68)
2023,Ontario,68,256.5763274102341,2017-2024,Other (68)
2023,Orange,68,350.85707877009617,2017-2024,Other (68)
2023,Orleans,68,7922.526173921717,2017-2024,Other (68)
2023,Oswego,68,33.971205406533464,2017-2024,Other (68)
2023,Rensselaer,68,26.00145489113248,2017-2024,Other (68)
2023,Saratoga,68,7.692848031694,2017-2024,Other (68)
2023,Seneca,68,4.56219058815422,2017-2024,Other (68)
2023,Suffolk,68,76.98892817977483,2017-2024,Other (68)
2023,Ulster,68,4264.518209727244,2017-2024,Other (68)
2023,Washington,68,9.63904267082337,2017-2024,Other (68)
2023,Wayne,68,14664.029119632354,2017-2024,Other (68)
2023,Westchester,68,13.824775798500909,2017-2024,Other (68)
2023,Wyoming,68,12.3512418226107,2017-2024,Other (68)
2024,Cayuga,68,114.44278268764128,2017-2024,Other (68)
2024,Chemung,68,6.38845239486057,2017-2024,Other (68)
2024,Clinton,68,612.0525145072468,2017-2024,Other (68)
2024,Columbia,68,100.28109581269541,2017-2024,Other (68)
2024,Dutchess,68,213.6719240315026,2017-2024,Other (68)
2024,Monroe,68,763.4873687493298,2017-2024,Other (68)
2024,Niagara,68,2605.2365032627686,2017-2024,Other (68)
2024,Onondaga,68,5.662381614395439,2017-2024,Other (68)
2024,Orange,68,396.8811631546883,2017-2024,Other (68)
2024,Orleans,68,6240.403930369277,2017-2024,Other (68)
2024,Oswego,68,317.73704344275325,2017-2024,Other (68)
2024,Rensselaer,68,17.41317321729596,2017-2024,Other (68)
2024,Saratoga,68,10.63284852987117,2017-2024,Other (68)
2024,Schuyler,68,8.4282667279443,2017-2024,Other (68)
2024,Suffolk,68,42.337272014399474,2017-2024,Other (68)
2024,Ulster,68,3367.5191102821336,2017-2024,Other (68)
2024,Wayne,68,17313.66693830656,2017-2024,Other (68)
2024,Westchester,68,8.52162652716145,2017-2024,Other (68)
2008,Albany,111,77.67218459259813,2008-2015,Other (111)
2008,Allegany,111,20.442313148624418,2008-2015,Other (111)
2008,Broome,111,9.26809030566035,2008-2015,Other (111)
2008,Cattaraugus,111,8.388357901891705,2008-2015,Other (111)
2008,Cayuga,111,22.589464600625462,2008-2015,Other (111)
2008,Chautauqua,111,33.28221343525724,2008-2015,Other (111)
2008,Chemung,111,51.842111860372285,2008-2015,Other (111)
2008,Chenango,111,11.024052939621665,2008-2015,Other (111)
2008,Clinton,111,22.728536040393163,2008-2015,Other (111)
2008,Columbia,111,16.207459548858523,2008-2015,Other (111)
2008,Cortland,111,8.49407713899365,2008-2015,Other (111)
2008,Delaware,111,27.781702132801794,2008-2015,Other (111)
2008,Dutchess,111,21.24227901689124,2008-2015,Other (111)
2008,Erie,111,11.48875390185602,2008-2015,Other (111)
2008,Essex,111,22.148674491669155,2008-2015,Other (111)
2008,Franklin,111,45.147004844338646,2008-2015,Other (111)
2008,Fulton,111,28.205101026721536,2008-2015,Other (111)
2008,Genesee,111,94.33484468595236,2008-2015,Other (111)
2008,Greene,111,58.0397246158708,2008-2015,Other (111)
2008,Hamilton,111,8.427560175508654,2008-2015,Other (111)
2008,Herkimer,111,12.466624357138256,2008-2015,Other (111)
2008,Jefferson,111,226.20923920332677,2008-2015,Other (111)
2008,Lewis,111,118.3379487150888,2008-2015,Other (111)
2008,Livingston,111,5.573900523667758,2008-2015,Other (111)
2008,Madison,111,35.45671579459907,2008-2015,Other (111)
2008,Monroe,111,13.625243431881499,2008-2015,Other (111)
2008,Montgomery,111,20.476609254273473,2008-2015,Other (111)
2008,Niagara,111,57.216706595757834,2008-2015,Other (111)
2008,Oneida,111,59.21944893557054,2008-2015,Other (111)
2008,Onondaga,111,15.776290742818516,2008-2015,Other (111)
2008,Ontario,111,3.2278405575749662,2008-2015,Other (111)
2008,Orange,111,113.18220646881392,2008-2015,Other (111)
2008,Orleans,111,54.65259259649918,2008-2015,Other (111)
2008,Oswego,111,83.49171502344653,2008-2015,Other (111)
2008,Otsego,111,25.20735956038674,2008-2015,Other (111)
2008,Putnam,111,25.053809141647754,2008-2015,Other (111)
2008,Rensselaer,111,50.9523959272941,2008-2015,Other (111)
2008,Saratoga,111,43.558771868942166,2008-2015,Other (111)
2008,Schenectady,111,35.36196695739079,2008-2015,Other (111)
2008,Schoharie,111,85.81483261077295,2008-2015,Other (111)
2008,Schuyler,111,23.107130275206437,2008-2015,Other (111)
2008,Seneca,111,534.5790288694305,2008-2015,Other (111)
2008,St. Lawrence,111,377.5325058085332,2008-2015,Other (111)
2008,Steuben,111,39.17737541486919,2008-2015,Other (111)
2008,Suffolk,111,9.007130089938483,2008-2015,Other (111)
2008,Sullivan,111,102.93544510714949,2008-2015,Other (111)
2008,Tioga,111,10.847548437818892,2008-2015,Other (111)
2008,Tompkins,111,2.908585024427321,2008-2015,Other (111)
2008,Ulster,111,54.897996729405584,2008-2015,Other (111)
2008,Warren,111,19.01085305870876,2008-2015,Other (111)
2008,Washington,111,34.68573811438871,2008-2015,Other (111)
2008,Wayne,111,34.780136485449134,2008-2015,Other (111)
2008,Wyoming,111,9.261223318506843,2008-2015,Other (111)
2009,Albany,111,80.04567465188472,2008-2015,Other (111)
2009,Allegany,111,23.666687716950904,2008-2015,Other (111)
2009,Broome,111,13.705662076914658,2008-2015,Other (111)
2009,Cattaraugus,111,43.16034643396413,2008-2015,Other (111)
2009,Cayuga,111,39.463329674236014,2008-2015,Other (111)
2009,Chautauqua,111,72.52746092073748,2008-2015,Other (111)
2009,Chemung,111,43.75206572426802,2008-2015,Other (111)
2009,Clinton,111,76.19403745786782,2008-2015,Other (111)
2009,Columbia,111,34.74363308726677,2008-2015,Other (111)
2009,Cortland,111,8.49407713899365,2008-2015,Other (111)
2009,Delaware,111,30.853360666957165,2008-2015,Other (111)
2009,Dutchess,111,13.052594341290522,2008-2015,Other (111)
2009,Erie,111,30.5721935853909,2008-2015,Other (111)
2009,Essex,111,22.857985910360764,2008-2015,Other (111)
2009,Franklin,111,33.164027875041896,2008-2015,Other (111)
2009,Fulton,111,18.382358794324098,2008-2015,Other (111)
2009,Genesee,111,99.60297884581013,2008-2015,Other (111)
2009,Greene,111,69.54568204297708,2008-2015,Other (111)
2009,Hamilton,111,23.780745113963697,2008-2015,Other (111)
2009,Herkimer,111,12.631516883245332,2008-2015,Other (111)
2009,Jefferson,111,340.6345065480988,2008-2015,Other (111)
2009,Lewis,111,297.5764721545169,2008-2015,Other (111)
2009,Livingston,111,28.517939619443474,2008-2015,Other (111)
2009,Madison,111,24.876228748510698,2008-2015,Other (111)
2009,Monroe,111,31.13480094592417,2008-2015,Other (111)
2009,Montgomery,111,19.824557164461293,2008-2015,Other (111)
2009,Niagara,111,35.43355977725553,2008-2015,Other (111)
2009,Oneida,111,58.81431690408591,2008-2015,Other (111)
2009,Onondaga,111,13.263932205642426,2008-2015,Other (111)
2009,Ontario,111,10.584931448724987,2008-2015,Other (111)
2009,Orange,111,116.87727291684074,2008-2015,Other (111)
2009,Orleans,111,57.27628973649144,2008-2015,Other (111)
2009,Oswego,111,131.15492254405044,2008-2015,Other (111)
2009,Otsego,111,25.130254496308538,2008-2015,Other (111)
2009,Putnam,111,15.497797482380049,2008-2015,Other (111)
2009,Rensselaer,111,69.17276978216621,2008-2015,Other (111)
2009,Saratoga,111,65.28609704361811,2008-2015,Other (111)
2009,Schenectady,111,59.297448027072235,2008-2015,Other (111)
2009,Schoharie,111,164.4516795869138,2008-2015,Other (111)
2009,Schuyler,111,18.712202737579176,2008-2015,Other (111)
2009,Seneca,111,581.4212465680113,2008-2015,Other (111)
2009,St. Lawrence,111,476.4445558909255,2008-2015,Other (111)
2009,Steuben,111,34.41583435603154,2008-2015,Other (111)
2009,Suffolk,111,7.713342543021285,2008-2015,Other (111)
2009,Sullivan,111,105.72903017134193,2008-2015,Other (111)
2009,Tioga,111,7.376213814353955,2008-2015,Other (111)
2009,Tompkins,111,18.101260675405484,2008-2015,Other (111)
2009,Ulster,111,76.66426525781895,2008-2015,Other (111)
2009,Warren,111,21.570656397618645,2008-2015,Other (111)
2009,Washington,111,64.9568722218539,2008-2015,Other (111)
2009,Wayne,111,41.59655755165393,2008-2015,Other (111)
2009,Wyoming,111,11.9881833600001,2008-2015,Other (111)
2010,Albany,111,80.04244946037849,2008-2015,Other (111)
2010,Allegany,111,40.132258341233594,2008-2015,Other (111)
2010,Broome,111,36.09548416235434,2008-2015,Other (111)
2010,Cattaraugus,111,24.975007568973876,2008-2015,Other (111)
2010,Cayuga,111,36.58428741518036,2008-2015,Other (111)
2010,Chautauqua,111,24.750420349252014,2008-2015,Other (111)
2010,Chemung,111,55.043199152456104,2008-2015,Other (111)
2010,Chenango,111,50.16804374374642,2008-2015,Other (111)
2010,Clinton,111,54.65933773385461,2008-2015,Other (111)
2010,Columbia,111,18.770868515329923,2008-2015,Other (111)
2010,Delaware,111,28.853592501627006,2008-2015,Other (111)
2010,Dutchess,111,10.489050721806148,2008-2015,Other (111)
2010,Erie,111,10.559091344604859,2008-2015,Other (111)
2010,Essex,111,79.57465024121484,2008-2015,Other (111)
2010,Franklin,111,40.72777336760658,2008-2015,Other (111)
2010,Fulton,111,18.382358794324098,2008-2015,Other (111)
2010,Genesee,111,173.06537354726194,2008-2015,Other (111)
2010,Greene,111,80.93890247212592,2008-2015,Other (111)
2010,Hamilton,111,37.78226804189801,2008-2015,Other (111)
2010,Herkimer,111,19.35158486812088,2008-2015,Other (111)
2010,Jefferson,111,238.7693308383302,2008-2015,Other (111)
2010,Lewis,111,215.27571390549312,2008-2015,Other (111)
2010,Livingston,111,25.631920347497505,2008-2015,Other (111)
2010,Madison,111,26.59456066249472,2008-2015,Other (111)
2010,Monroe,111,21.24707080265296,2008-2015,Other (111)
2010,Montgomery,111,22.232668100965544,2008-2015,Other (111)
2010,Niagara,111,53.263266632435254,2008-2015,Other (111)
2010,Oneida,111,50.06003244251165,2008-2015,Other (111)
2010,Onondaga,111,17.058955317554222,2008-2015,Other (111)
2010,Ontario,111,9.463015550867429,2008-2015,Other (111)
2010,Orange,111,172.79334256665734,2008-2015,Other (111)
2010,Orleans,111,93.78993206955286,2008-2015,Other (111)
2010,Oswego,111,129.93972259945033,2008-2015,Other (111)
2010,Otsego,111,32.675287299340006,2008-2015,Other (111)
2010,Putnam,111,40.551606624027805,2008-2015,Other (111)
2010,Rensselaer,111,53.92222748419886,2008-2015,Other (111)
2010,Saratoga,111,37.05553031438456,2008-2015,Other (111)
2010,Schenectady,111,13.787387057751115,2008-2015,Other (111)
2010,Schoharie,111,159.77815014437726,2008-2015,Other (111)
2010,Schuyler,111,39.509242814721524,2008-2015,Other (111)
2010,Seneca,111,419.79108897291144,2008-2015,Other (111)
2010,St. Lawrence,111,636.6831248433209,2008-2015,Other (111)
2010,Steuben,111,64.06587443258535,2008-2015,Other (111)
2010,Sullivan,111,101.3015246746057,2008-2015,Other (111)
2010,Tioga,111,2.748901678203684,2008-2015,Other (111)
2010,Ulster,111,64.77726118671445,2008-2015,Other (111)
2010,Warren,111,13.124047025981817,2008-2015,Other (111)
2010,Washington,111,41.25820856810126,2008-2015,Other (111)
2010,Wayne,111,206.2667825559288,2008-2015,Other (111)
2010,Yates,111,7.853485423277678,2008-2015,Other (111)
2011,Albany,111,57.431549364626605,2008-2015,Other (111)
2011,Allegany,111,113.90767596836803,2008-2015,Other (111)
2011,Broome,111,42.79449138494,2008-2015,Other (111)
2011,Cattaraugus,111,52.3492174152276,2008-2015,Other (111)
2011,Cayuga,111,49.29488745184073,2008-2015,Other (111)
2011,Chautauqua,111,33.6709249764018,2008-2015,Other (111)
2011,Chemung,111,39.34102396615491,2008-2015,Other (111)
2011,Chenango,111,5.687424266248608,2008-2015,Other (111)
2011,Clinton,111,67.42914400806644,2008-2015,Other (111)
2011,Cortland,111,8.49407713899365,2008-2015,Other (111)
2011,Delaware,111,12.91956992475955,2008-2015,Other (111)
2011,Dutchess,111,19.393419222220516,2008-2015,Other (111)
2011,Erie,111,15.806551582343012,2008-2015,Other (111)
2011,Essex,111,40.89679320008446,2008-2015,Other (111)
2011,Franklin,111,84.98090199034048,2008-2015,Other (111)
2011,Fulton,111,11.293766176584437,2008-2015,Other (111)
2011,Genesee,111,81.63467631299547,2008-2015,Other (111)
2011,Greene,111,62.94111419845277,2008-2015,Other (111)
2011,Hamilton,111,23.780745113963697,2008-2015,Other (111)
2011,Herkimer,111,10.238148811580256,2008-2015,Other (111)
2011,Jefferson,111,249.537316653037,2008-2015,Other (111)
2011,Lewis,111,270.42760171958446,2008-2015,Other (111)
2011,Livingston,111,109.02190907550089,2008-2015,Other (111)
2011,Madison,111,83.21515091081758,2008-2015,Other (111)
2011,Monroe,111,59.037528322250076,2008-2015,Other (111)
2011,Montgomery,111,3.8857725700074157,2008-2015,Other (111)
2011,Niagara,111,12.891367596783574,2008-2015,Other (111)
2011,Oneida,111,30.918455856949468,2008-2015,Other (111)
2011,Onondaga,111,26.327231074044764,2008-2015,Other (111)
2011,Ontario,111,107.13748311277377,2008-2015,Other (111)
2011,Orange,111,1180.962463778312,2008-2015,Other (111)
2011,Orleans,111,63.81326403396375,2008-2015,Other (111)
2011,Oswego,111,44.42381589576775,2008-2015,Other (111)
2011,Otsego,111,41.90502318106125,2008-2015,Other (111)
2011,Putnam,111,40.551606624027805,2008-2015,Other (111)
2011,Rensselaer,111,12.223599511728072,2008-2015,Other (111)
2011,Saratoga,111,38.342264682869555,2008-2015,Other (111)
2011,Schenectady,111,35.55983749172161,2008-2015,Other (111)
2011,Schoharie,111,177.8280976441066,2008-2015,Other (111)
2011,Schuyler,111,6.299877830633126,2008-2015,Other (111)
2011,Seneca,111,217.01761938089922,2008-2015,Other (111)
2011,St. Lawrence,111,329.12014105225677,2008-2015,Other (111)
2011,Steuben,111,255.79737244975433,2008-2015,Other (111)
2011,Sullivan,111,88.44411416355595,2008-2015,Other (111)
2011,Tioga,111,37.51172661810316,2008-2015,Other (111)
2011,Tompkins,111,11.193300879266411,2008-2015,Other (111)
2011,Ulster,111,154.44588537671714,2008-2015,Other (111)
2011,Warren,111,34.7141984423096,2008-2015,Other (111)
2011,Washington,111,30.761520903839692,2008-2015,Other (111)
2011,Wayne,111,344.65046718350715,2008-2015,Other (111)
2011,Wyoming,111,3.1898448931150347,2008-2015,Other (111)
2011,Yates,111,244.65729375957656,2008-2015,Other (111)
2012,Albany,111,76.72482007254868,2008-2015,Other (111)
2012,Allegany,111,9.939214741048957,2008-2015,Other (111)
2012,Broome,111,36.09548416235434,2008-2015,Other (111)
2012,Cattaraugus,111,20.737829453499902,2008-2015,Other (111)
2012,Cayuga,111,80.13260174861384,2008-2015,Other (111)
2012,Chautauqua,111,7.415761007651714,2008-2015,Other (111)
2012,Chemung,111,20.802923025668782,2008-2015,Other (111)
2012,Chenango,111,5.6191996055829625,2008-2015,Other (111)
2012,Clinton,111,79.75665768529758,2008-2015,Other (111)
2012,Cortland,111,8.49407713899365,2008-2015,Other (111)
2012,Delaware,111,22.95204269008624,2008-2015,Other (111)
2012,Dutchess,111,6.425909357044307,2008-2015,Other (111)
2012,Erie,111,2.982265244433885,2008-2015,Other (111)
2012,Essex,111,59.89304812494684,2008-2015,Other (111)
2012,Franklin,111,35.828319199898125,2008-2015,Other (111)
2012,Fulton,111,30.64619634922527,2008-2015,Other (111)
2012,Genesee,111,91.21503360358257,2008-2015,Other (111)
2012,Greene,111,20.984239474905152,2008-2015,Other (111)
2012,Hamilton,111,34.561705019798815,2008-2015,Other (111)
2012,Herkimer,111,19.076505887055262,2008-2015,Other (111)
2012,Jefferson,111,208.18298470484166,2008-2015,Other (111)
2012,Lewis,111,324.7697397720663,2008-2015,Other (111)
2012,Livingston,111,35.60953890793241,2008-2015,Other (111)
2012,Madison,111,104.16576581577394,2008-2015,Other (111)
2012,Monroe,111,18.405486563765106,2008-2015,Other (111)
2012,Montgomery,111,51.905163817261716,2008-2015,Other (111)
2012,Niagara,111,66.5243716182982,2008-2015,Other (111)
2012,Oneida,111,75.44526230442402,2008-2015,Other (111)
2012,Onondaga,111,14.007935761087854,2008-2015,Other (111)
2012,Ontario,111,14.588480815874668,2008-2015,Other (111)
2012,Orange,111,1953.2612218877787,2008-2015,Other (111)
2012,Orleans,111,43.60647448603855,2008-2015,Other (111)
2012,Oswego,111,96.62043097770149,2008-2015,Other (111)
2012,Otsego,111,19.222808180907553,2008-2015,Other (111)
2012,Putnam,111,40.551606624027805,2008-2015,Other (111)
2012,Rensselaer,111,53.09288979607613,2008-2015,Other (111)
2012,Saratoga,111,63.58617730536582,2008-2015,Other (111)
2012,Schenectady,111,36.170019455632215,2008-2015,Other (111)
2012,Schoharie,111,138.58811207079532,2008-2015,Other (111)
2012,Schuyler,111,3.448679590118282,2008-2015,Other (111)
2012,Seneca,111,549.1173056069484,2008-2015,Other (111)
2012,St. Lawrence,111,397.95234820743605,2008-2015,Other (111)
2012,Steuben,111,116.1758571515207,2008-2015,Other (111)
2012,Suffolk,111,14.841261824042071,2008-2015,Other (111)
2012,Sullivan,111,127.37852600369534,2008-2015,Other (111)
2012,Ulster,111,73.81455936774663,2008-2015,Other (111)
2012,Warren,111,23.818975038803707,2008-2015,Other (111)
2012,Washington,111,49.88256537442881,2008-2015,Other (111)
2012,Wayne,111,190.2831070490929,2008-2015,Other (111)
2012,Yates,111,44.07553047148765,2008-2015,Other (111)
2013,Albany,111,58.347474148435914,2008-2015,Other (111)
2013,Allegany,111,22.103162479977932,2008-2015,Other (111)
2013,Broome,111,22.156861460275096,2008-2015,Other (111)
2013,Cattaraugus,111,49.62107613018678,2008-2015,Other (111)
2013,Cayuga,111,34.458575753051576,2008-2015,Other (111)
2013,Chautauqua,111,14.605335956574717,2008-2015,Other (111)
2013,Chemung,111,48.27528066526992,2008-2015,Other (111)
2013,Chenango,111,5.6191996055829625,2008-2015,Other (111)
2013,Clinton,111,55.707225722096766,2008-2015,Other (111)
2013,Cortland,111,8.49407713899365,2008-2015,Other (111)
2013,Delaware,111,13.400996879918477,2008-2015,Other (111)
2013,Dutchess,111,6.425909357044307,2008-2015,Other (111)
2013,Erie,111,30.26027128403881,2008-2015,Other (111)
2013,Essex,111,20.063680457161436,2008-2015,Other (111)
2013,Franklin,111,43.08674835302854,2008-2015,Other (111)
2013,Fulton,111,24.561749924124022,2008-2015,Other (111)
2013,Genesee,111,136.79385943995453,2008-2015,Other (111)
2013,Greene,111,19.000847379280913,2008-2015,Other (111)
2013,Hamilton,111,46.64802083742499,2008-2015,Other (111)
2013,Herkimer,111,21.22254392275438,2008-2015,Other (111)
2013,Jefferson,111,266.53172503392454,2008-2015,Other (111)
2013,Lewis,111,236.7755041672672,2008-2015,Other (111)
2013,Livingston,111,8.996489329015574,2008-2015,Other (111)
2013,Madison,111,79.00015211251566,2008-2015,Other (111)
2013,Monroe,111,24.37931659845419,2008-2015,Other (111)
2013,Montgomery,111,19.46333022981419,2008-2015,Other (111)
2013,Niagara,111,49.11178063724244,2008-2015,Other (111)
2013,Oneida,111,44.46503925925359,2008-2015,Other (111)
2013,Onondaga,111,16.0090747523596,2008-2015,Other (111)
2013,Ontario,111,9.361455262525821,2008-2015,Other (111)
2013,Orange,111,76.01431442970198,2008-2015,Other (111)
2013,Orleans,111,40.09385834495194,2008-2015,Other (111)
2013,Oswego,111,112.46957772377986,2008-2015,Other (111)
2013,Otsego,111,19.06765190293779,2008-2015,Other (111)
2013,Putnam,111,40.551606624027805,2008-2015,Other (111)
2013,Rensselaer,111,53.09288979607613,2008-2015,Other (111)
2013,Saratoga,111,72.54327678786623,2008-2015,Other (111)
2013,Schenectady,111,48.545987761711814,2008-2015,Other (111)
2013,Schoharie,111,188.9779072137413,2008-2015,Other (111)
2013,Schuyler,111,3.448679590118282,2008-2015,Other (111)
2013,Seneca,111,573.8289965337267,2008-2015,Other (111)
2013,St. Lawrence,111,467.12645326008015,2008-2015,Other (111)
2013,Steuben,111,58.55777685412839,2008-2015,Other (111)
2013,Sullivan,111,114.86287772965119,2008-2015,Other (111)
2013,Tioga,111,11.550330215480372,2008-2015,Other (111)
2013,Ulster,111,75.08825441643093,2008-2015,Other (111)
2013,Warren,111,24.861866509304065,2008-2015,Other (111)
2013,Washington,111,39.43806505319001,2008-2015,Other (111)
2013,Wayne,111,310.4855271670717,2008-2015,Other (111)
2013,Wyoming,111,13.134173850650598,2008-2015,Other (111)
2014,Albany,111,22.335376560360242,2008-2015,Other (111)
2014,Allegany,111,77.57866592295876,2008-2015,Other (111)
2014,Broome,111,40.37112143894639,2008-2015,Other (111)
2014,Cattaraugus,111,62.05618450637124,2008-2015,Other (111)
2014,Cayuga,111,16.449305235045134,2008-2015,Other (111)
2014,Chautauqua,111,38.87709466966108,2008-2015,Other (111)
2014,Chemung,111,59.62523232348809,2008-2015,Other (111)
2014,Chenango,111,3.3265764713355734,2008-2015,Other (111)
2014,Clinton,111,62.65267997430187,2008-2015,Other (111)
2014,Cortland,111,8.49407713899365,2008-2015,Other (111)
2014,Delaware,111,16.855995127472216,2008-2015,Other (111)
2014,Dutchess,111,10.933683895039653,2008-2015,Other (111)
2014,Erie,111,36.052247595929764,2008-2015,Other (111)
2014,Essex,111,43.80479521839043,2008-2015,Other (111)
2014,Franklin,111,37.257224127599066,2008-2015,Other (111)
2014,Fulton,111,18.382358794324098,2008-2015,Other (111)
2014,Genesee,111,90.16836370861147,2008-2015,Other (111)
2014,Greene,111,13.750437321788262,2008-2015,Other (111)
2014,Hamilton,111,57.459170103262835,2008-2015,Other (111)
2014,Herkimer,111,21.941450292307522,2008-2015,Other (111)
2014,Jefferson,111,90.72667551225646,2008-2015,Other (111)
2014,Lewis,111,179.49857132868482,2008-2015,Other (111)
2014,Livingston,111,36.88155590572558,2008-2015,Other (111)
2014,Madison,111,93.39027671820614,2008-2015,Other (111)
2014,Monroe,111,23.155085616879582,2008-2015,Other (111)
2014,Montgomery,111,25.96061951457952,2008-2015,Other (111)
2014,Niagara,111,31.061821182628783,2008-2015,Other (111)
2014,Oneida,111,28.42440986956202,2008-2015,Other (111)
2014,Onondaga,111,16.368213866110096,2008-2015,Other (111)
2014,Ontario,111,14.846221397996981,2008-2015,Other (111)
2014,Orange,111,54.21184747472632,2008-2015,Other (111)
2014,Orleans,111,29.619948767716632,2008-2015,Other (111)
2014,Oswego,111,39.214175719254854,2008-2015,Other (111)
2014,Otsego,111,26.16001644460036,2008-2015,Other (111)
2014,Putnam,111,40.551606624027805,2008-2015,Other (111)
2014,Rensselaer,111,15.102761652459103,2008-2015,Other (111)
2014,Saratoga,111,35.36709381872768,2008-2015,Other (111)
2014,Schenectady,111,7.494920488298532,2008-2015,Other (111)
2014,Schoharie,111,176.18508547223803,2008-2015,Other (111)
2014,Schuyler,111,7.051529664020494,2008-2015,Other (111)
2014,Seneca,111,363.837963833058,2008-2015,Other (111)
2014,St. Lawrence,111,347.60437750578734,2008-2015,Other (111)
2014,Steuben,111,49.3686890208001,2008-2015,Other (111)
2014,Sullivan,111,91.62386256278225,2008-2015,Other (111)
2014,Tioga,111,13.322110654286377,2008-2015,Other (111)
2014,Ulster,111,69.44566618219221,2008-2015,Other (111)
2014,Warren,111,3.4321423199452945,2008-2015,Other (111)
2014,Washington,111,19.77812775183954,2008-2015,Other (111)
2014,Wayne,111,136.92441403346874,2008-2015,Other (111)
2014,Wyoming,111,13.94600278170579,2008-2015,Other (111)
2015,Albany,111,55.221879990229354,2008-2015,Other (111)
2015,Allegany,111,42.776505647239915,2008-2015,Other (111)
2015,Broome,111,40.556828763164916,2008-2015,Other (111)
2015,Cattaraugus,111,40.60276879256432,2008-2015,Other (111)
2015,Cayuga,111,44.23913948273367,2008-2015,Other (111)
2015,Chautauqua,111,36.785878590343614,2008-2015,Other (111)
2015,Chemung,111,62.61611124465456,2008-2015,Other (111)
2015,Chenango,111,5.6191996055829625,2008-2015,Other (111)
2015,Clinton,111,63.03100919460539,2008-2015,Other (111)
2015,Columbia,111,25.648627956882024,2008-2015,Other (111)
2015,Cortland,111,8.49407713899365,2008-2015,Other (111)
2015,Delaware,111,13.241590515956045,2008-2015,Other (111)
2015,Dutchess,111,6.425909357044307,2008-2015,Other (111)
2015,Erie,111,23.67650448964041,2008-2015,Other (111)
2015,Essex,111,52.99567494643556,2008-2015,Other (111)
2015,Franklin,111,57.96459711337707,2008-2015,Other (111)
2015,Fulton,111,30.109672715314836,2008-2015,Other (111)
2015,Genesee,111,141.4425966387637,2008-2015,Other (111)
2015,Greene,111,55.11799426199673,2008-2015,Other (111)
2015,Hamilton,111,48.56926167172547,2008-2015,Other (111)
2015,Herkimer,111,21.04798944728165,2008-2015,Other (111)
2015,Jefferson,111,123.66169272166854,2008-2015,Other (111)
2015,Lewis,111,176.65296901155125,2008-2015,Other (111)
2015,Livingston,111,20.36895773833381,2008-2015,Other (111)
2015,Madison,111,90.12680591036712,2008-2015,Other (111)
2015,Monroe,111,22.698910680074064,2008-2015,Other (111)
2015,Montgomery,111,29.775598139071697,2008-2015,Other (111)
2015,Niagara,111,20.21098497399345,2008-2015,Other (111)
2015,Oneida,111,41.47395007545494,2008-2015,Other (111)
2015,Onondaga,111,24.2519009258271,2008-2015,Other (111)
2015,Ontario,111,5.8042042565477185,2008-2015,Other (111)
2015,Orange,111,143.92210238746804,2008-2015,Other (111)
2015,Orleans,111,123.36129279580715,2008-2015,Other (111)
2015,Oswego,111,103.31721957016772,2008-2015,Other (111)
2015,Otsego,111,46.47832724663186,2008-2015,Other (111)
2015,Putnam,111,40.551606624027805,2008-2015,Other (111)
2015,Rensselaer,111,46.21158965235689,2008-2015,Other (111)
2015,Saratoga,111,40.169944286246995,2008-2015,Other (111)
2015,Schenectady,111,24.00137376144115,2008-2015,Other (111)
2015,Schoharie,111,178.66159646021114,2008-2015,Other (111)
2015,Schuyler,111,3.448679590118282,2008-2015,Other (111)
2015,Seneca,111,543.9753386746746,2008-2015,Other (111)
2015,St. Lawrence,111,273.5401890340304,2008-2015,Other (111)
2015,Steuben,111,89.58998009878097,2008-2015,Other (111)
2015,Suffolk,111,8.554156250613644,2008-2015,Other (111)
2015,Sullivan,111,94.08510853233943,2008-2015,Other (111)
2015,Tioga,111,19.57279944532678,2008-2015,Other (111)
2015,Ulster,111,44.66749490722401,2008-2015,Other (111)
2015,Warren,111,19.11114429206006,2008-2015,Other (111)
2015,Washington,111,26.871341065317907,2008-2015,Other (111)
2015,Wayne,111,180.89381796474973,2008-2015,Other (111)
2015,Wyoming,111,13.94600278170579,2008-2015,Other (111)
2016,Albany,111,81.78288481380825,2016-Bridge,Other (111)
2016,Allegany,111,26.532940528668977,2016-Bridge,Other (111)
2016,Broome,111,34.87428856185152,2016-Bridge,Other (111)
2016,Cattaraugus,111,47.00113050499041,2016-Bridge,Other (111)
2016,Cayuga,111,10.170734168956066,2016-Bridge,Other (111)
2016,Chautauqua,111,3.0504836185056337,2016-Bridge,Other (111)
2016,Chemung,111,55.26091314866109,2016-Bridge,Other (111)
2016,Clinton,111,47.94200406087302,2016-Bridge,Other (111)
2016,Columbia,111,24.133018339371887,2016-Bridge,Other (111)
2016,Cortland,111,8.494111115404133,2016-Bridge,Other (111)
2016,Delaware,111,7.086052202683697,2016-Bridge,Other (111)
2016,Dutchess,111,4.057927763495353,2016-Bridge,Other (111)
2016,Erie,111,18.415141091085633,2016-Bridge,Other (111)
2016,Essex,111,14.551062379288652,2016-Bridge,Other (111)
2016,Franklin,111,44.67858487805077,2016-Bridge,Other (111)
2016,Fulton,111,21.452080437250935,2016-Bridge,Other (111)
2016,Genesee,111,162.84465712930162,2016-Bridge,Other (111)
2016,Greene,111,51.18193847378785,2016-Bridge,Other (111)
2016,Hamilton,111,13.880176725949791,2016-Bridge,Other (111)
2016,Herkimer,111,20.43531431750806,2016-Bridge,Other (111)
2016,Jefferson,111,82.65393195246861,2016-Bridge,Other (111)
2016,Lewis,111,136.70360799527467,2016-Bridge,Other (111)
2016,Livingston,111,24.42297591892293,2016-Bridge,Other (111)
2016,Madison,111,49.22757944656797,2016-Bridge,Other (111)
2016,Monroe,111,14.71934053322917,2016-Bridge,Other (111)
2016,Montgomery,111,32.94022336274179,2016-Bridge,Other (111)
2016,Niagara,111,59.21158325576499,2016-Bridge,Other (111)
2016,Oneida,111,52.959068707511975,2016-Bridge,Other (111)
2016,Onondaga,111,67.08945158144827,2016-Bridge,Other (111)
2016,Ontario,111,5.0761923439598995,2016-Bridge,Other (111)
2016,Orange,111,130.06358533854765,2016-Bridge,Other (111)
2016,Orleans,111,51.96989108908916,2016-Bridge,Other (111)
2016,Oswego,111,116.82149387634404,2016-Bridge,Other (111)
2016,Otsego,111,28.95735858362763,2016-Bridge,Other (111)
2016,Putnam,111,25.053909357184963,2016-Bridge,Other (111)
2016,Rensselaer,111,53.87798109935352,2016-Bridge,Other (111)
2016,Saratoga,111,59.056254703996764,2016-Bridge,Other (111)
2016,Schenectady,111,26.682727940743774,2016-Bridge,Other (111)
2016,Schoharie,111,110.83781315106754,2016-Bridge,Other (111)
2016,Schuyler,111,6.607761378942737,2016-Bridge,Other (111)
2016,Seneca,111,285.12501668605586,2016-Bridge,Other (111)
2016,St. Lawrence,111,157.35687525574758,2016-Bridge,Other (111)
2016,Steuben,111,39.99185914421683,2016-Bridge,Other (111)
2016,Suffolk,111,26.671768358977907,2016-Bridge,Other (111)
2016,Sullivan,111,102.15584753902317,2016-Bridge,Other (111)
2016,Tioga,111,8.915620316131461,2016-Bridge,Other (111)
2016,Tompkins,111,19.357910804889677,2016-Bridge,Other (111)
2016,Ulster,111,31.971308146250447,2016-Bridge,Other (111)
2016,Warren,111,28.71840676037615,2016-Bridge,Other (111)
2016,Washington,111,47.86191174482943,2016-Bridge,Other (111)
2016,Wayne,111,7.357518056312376,2016-Bridge,Other (111)
2016,Wyoming,111,10.594974475388433,2016-Bridge,Other (111)
2017,Allegany,111,9.15729185282837,2017-2024,Other (111)
2017,Cattaraugus,111,3.3349765285734,2017-2024,Other (111)
2017,Cayuga,111,9.70294561627442,2017-2024,Other (111)
2017,Cortland,111,16.07261867615,2017-2024,Other (111)
2017,Dutchess,111,10.40994277522308,2017-2024,Other (111)
2017,Erie,111,15.60229820236423,2017-2024,Other (111)
2017,Genesee,111,2.8304188012562,2017-2024,Other (111)
2017,Herkimer,111,3.03061028341713,2017-2024,Other (111)
2017,Lewis,111,18.42434791400886,2017-2024,Other (111)
2017,Livingston,111,10.61131142022547,2017-2024,Other (111)
2017,Onondaga,111,2.7479690540427,2017-2024,Other (111)
2017,Orange,111,46.28477937263072,2017-2024,Other (111)
2017,Orleans,111,6.16726944238996,2017-2024,Other (111)
2017,Seneca,111,11.7197032132449,2017-2024,Other (111)
2017,St. Lawrence,111,20.6492204661539,2017-2024,Other (111)
2017,Steuben,111,2.92922881319336,2017-2024,Other (111)
2017,Suffolk,111,9.045741671801391,2017-2024,Other (111)
2017,Ulster,111,8.47059340646431,2017-2024,Other (111)
2017,Wayne,111,14.823245979425591,2017-2024,Other (111)
2018,Allegany,111,3.2186599785202,2017-2024,Other (111)
2018,Cayuga,111,9.70294561627442,2017-2024,Other (111)
2018,Columbia,111,5.17746235458424,2017-2024,Other (111)
2018,Delaware,111,3.04141090148418,2017-2024,Other (111)
2018,Dutchess,111,10.40994277522308,2017-2024,Other (111)
2018,Erie,111,7.30138820320662,2017-2024,Other (111)
2018,Genesee,111,2.96600957424275,2017-2024,Other (111)
2018,Herkimer,111,3.03061028341713,2017-2024,Other (111)
2018,Jefferson,111,2.66496939427473,2017-2024,Other (111)
2018,Livingston,111,6.06026941926097,2017-2024,Other (111)
2018,Madison,111,34.4729105948682,2017-2024,Other (111)
2018,Monroe,111,12.295392038630009,2017-2024,Other (111)
2018,Onondaga,111,2.7479690540427,2017-2024,Other (111)
2018,Orange,111,12.5321273577499,2017-2024,Other (111)
2018,St. Lawrence,111,10.85537351687789,2017-2024,Other (111)
2018,Steuben,111,4.27820607582367,2017-2024,Other (111)
2018,Suffolk,111,3.27766058270915,2017-2024,Other (111)
2018,Ulster,111,11.25202361093937,2017-2024,Other (111)
2018,Wayne,111,3.70120869437001,2017-2024,Other (111)
2019,Allegany,111,3.2186599785202,2017-2024,Other (111)
2019,Broome,111,3.56839532516302,2017-2024,Other (111)
2019,Cattaraugus,111,12.17962815378317,2017-2024,Other (111)
2019,Cayuga,111,20.69451353912782,2017-2024,Other (111)
2019,Chemung,111,8.1583077949187,2017-2024,Other (111)
2019,Cortland,111,16.07261867615,2017-2024,Other (111)
2019,Delaware,111,3.04141090148418,2017-2024,Other (111)
2019,Dutchess,111,10.40994277522308,2017-2024,Other (111)
2019,Erie,111,7.30138820320662,2017-2024,Other (111)
2019,Genesee,111,7.14894524544857,2017-2024,Other (111)
2019,Greene,111,6.66165747908735,2017-2024,Other (111)
2019,Livingston,111,3.31938077057141,2017-2024,Other (111)
2019,Monroe,111,12.295392038630009,2017-2024,Other (111)
2019,Niagara,111,6.26852585015851,2017-2024,Other (111)
2019,Onondaga,111,2.7479690540427,2017-2024,Other (111)
2019,Orange,111,8.31885491445801,2017-2024,Other (111)
2019,Orleans,111,3.56900419001442,2017-2024,Other (111)
2019,Seneca,111,6.98750121551407,2017-2024,Other (111)
2019,Steuben,111,24.87519579767833,2017-2024,Other (111)
2019,Suffolk,111,12.32340225451054,2017-2024,Other (111)
2019,Wayne,111,3.70120869437001,2017-2024,Other (111)
2020,Allegany,111,5.53555726090365,2017-2024,Other (111)
2020,Broome,111,3.56839532516302,2017-2024,Other (111)
2020,Cattaraugus,111,21.772213325620967,2017-2024,Other (111)
2020,Cayuga,111,79.02668216788172,2017-2024,Other (111)
2020,Chautauqua,111,3.60244746575014,2017-2024,Other (111)
2020,Chemung,111,8.1583077949187,2017-2024,Other (111)
2020,Cortland,111,16.07261867615,2017-2024,Other (111)
2020,Delaware,111,3.04141090148418,2017-2024,Other (111)
2020,Dutchess,111,4.79633741677102,2017-2024,Other (111)
2020,Erie,111,7.30138820320662,2017-2024,Other (111)
2020,Genesee,111,16.40532295266412,2017-2024,Other (111)
2020,Livingston,111,3.31938077057141,2017-2024,Other (111)
2020,Monroe,111,13.359987576937,2017-2024,Other (111)
2020,Niagara,111,2.36208814402403,2017-2024,Other (111)
2020,Onondaga,111,2.7479690540427,2017-2024,Other (111)
2020,Orange,111,17.0585873305245,2017-2024,Other (111)
2020,Schuyler,111,3.57265544129391,2017-2024,Other (111)
2020,Seneca,111,45.78761436008267,2017-2024,Other (111)
2020,Steuben,111,67.62533772783883,2017-2024,Other (111)
2020,Suffolk,111,18.675784685466432,2017-2024,Other (111)
2020,Wayne,111,7.37308641002816,2017-2024,Other (111)
2021,Allegany,111,5.53555726090365,2017-2024,Other (111)
2021,Broome,111,3.56839532516302,2017-2024,Other (111)
2021,Cattaraugus,111,6.85629212555069,2017-2024,Other (111)
2021,Cayuga,111,20.69451353912782,2017-2024,Other (111)
2021,Chemung,111,8.1583077949187,2017-2024,Other (111)
2021,Cortland,111,16.07261867615,2017-2024,Other (111)
2021,Delaware,111,3.04141090148418,2017-2024,Other (111)
2021,Erie,111,7.30138820320662,2017-2024,Other (111)
2021,Livingston,111,3.31938077057141,2017-2024,Other (111)
2021,Monroe,111,8.79266293217443,2017-2024,Other (111)
2021,Onondaga,111,2.7479690540427,2017-2024,Other (111)
2021,Schuyler,111,3.57265544129391,2017-2024,Other (111)
2021,Seneca,111,6.98750121551407,2017-2024,Other (111)
2021,St. Lawrence,111,2.63349164529367,2017-2024,Other (111)
2021,Steuben,111,20.69887920471206,2017-2024,Other (111)
2021,Suffolk,111,12.32340225451054,2017-2024,Other (111)
2021,Wayne,111,3.70120869437001,2017-2024,Other (111)
2022,Broome,111,3.56839532516302,2017-2024,Other (111)
2022,Cattaraugus,111,21.772213325620967,2017-2024,Other (111)
2022,Cayuga,111,9.70294561627442,2017-2024,Other (111)
2022,Chemung,111,8.1583077949187,2017-2024,Other (111)
2022,Cortland,111,16.07261867615,2017-2024,Other (111)
2022,Erie,111,10.396762607747359,2017-2024,Other (111)
2022,Genesee,111,4.48892627956119,2017-2024,Other (111)
2022,Livingston,111,3.31938077057141,2017-2024,Other (111)
2022,Monroe,111,8.79266293217443,2017-2024,Other (111)
2022,Orange,111,17.0585873305245,2017-2024,Other (111)
2022,Orleans,111,3.56900419001442,2017-2024,Other (111)
2022,St. Lawrence,111,2.63349164529367,2017-2024,Other (111)
2022,Steuben,111,17.6677609086613,2017-2024,Other (111)
2022,Suffolk,111,17.95465657070161,2017-2024,Other (111)
2022,Wayne,111,3.70120869437001,2017-2024,Other (111)
2023,Allegany,111,5.53555726090365,2017-2024,Other (111)
2023,Broome,111,3.56839532516302,2017-2024,Other (111)
2023,Cattaraugus,111,21.772213325620967,2017-2024,Other (111)
2023,Cayuga,111,23.28802416952442,2017-2024,Other (111)
2023,Chautauqua,111,16.21902708232221,2017-2024,Other (111)
2023,Chemung,111,8.1583077949187,2017-2024,Other (111)
2023,Cortland,111,16.07261867615,2017-2024,Other (111)
2023,Delaware,111,3.04141090148418,2017-2024,Other (111)
2023,Erie,111,5.8522750532726,2017-2024,Other (111)
2023,Genesee,111,11.40819692527993,2017-2024,Other (111)
2023,Greene,111,6.66165747908735,2017-2024,Other (111)
2023,Jefferson,111,3.90414591196716,2017-2024,Other (111)
2023,Livingston,111,3.31938077057141,2017-2024,Other (111)
2023,Monroe,111,8.79266293217443,2017-2024,Other (111)
2023,Onondaga,111,9.49328055515192,2017-2024,Other (111)
2023,Orange,111,17.0585873305245,2017-2024,Other (111)
2023,Orleans,111,6.7955229271332,2017-2024,Other (111)
2023,Oswego,111,3.8386187840898,2017-2024,Other (111)
2023,Steuben,111,17.6677609086613,2017-2024,Other (111)
2023,Suffolk,111,17.95465657070161,2017-2024,Other (111)
2023,Wayne,111,3.70120869437001,2017-2024,Other (111)
2024,Albany,111,6.12551278671231,2017-2024,Other (111)
2024,Allegany,111,28.32123208543473,2017-2024,Other (111)
2024,Broome,111,3.56839532516302,2017-2024,Other (111)
2024,Cattaraugus,111,61.834039445553245,2017-2024,Other (111)
2024,Cayuga,111,23.28802416952442,2017-2024,Other (111)
2024,Chautauqua,111,41.33566378094892,2017-2024,Other (111)
2024,Chemung,111,63.41980209410099,2017-2024,Other (111)
2024,Chenango,111,2.84386245411222,2017-2024,Other (111)
2024,Clinton,111,12.20087502797207,2017-2024,Other (111)
2024,Columbia,111,7.976413754957001,2017-2024,Other (111)
2024,Cortland,111,34.41872164530139,2017-2024,Other (111)
2024,Delaware,111,10.5342838799675,2017-2024,Other (111)
2024,Dutchess,111,15.73199432195448,2017-2024,Other (111)
2024,Erie,111,17.9534588982305,2017-2024,Other (111)
2024,Franklin,111,22.38814692878329,2017-2024,Other (111)
2024,Genesee,111,13.70600957572069,2017-2024,Other (111)
2024,Greene,111,6.66165747908735,2017-2024,Other (111)
2024,Herkimer,111,15.25639475628861,2017-2024,Other (111)
2024,Jefferson,111,13.886585483388071,2017-2024,Other (111)
2024,Lewis,111,52.55330186533617,2017-2024,Other (111)
2024,Livingston,111,5.88157309996547,2017-2024,Other (111)
2024,Madison,111,8.11854105146884,2017-2024,Other (111)
2024,Monroe,111,19.50826859736133,2017-2024,Other (111)
2024,Montgomery,111,3.03866793601198,2017-2024,Other (111)
2024,Niagara,111,27.34056823365464,2017-2024,Other (111)
2024,Oneida,111,4.98247701553277,2017-2024,Other (111)
2024,Onondaga,111,8.70739354595265,2017-2024,Other (111)
2024,Ontario,111,4.41448051316097,2017-2024,Other (111)
2024,Orleans,111,6.25817697327589,2017-2024,Other (111)
2024,Oswego,111,62.5284015374136,2017-2024,Other (111)
2024,Otsego,111,4.1745755041547,2017-2024,Other (111)
2024,Saratoga,111,3.9339817480975,2017-2024,Other (111)
2024,Schenectady,111,8.17869761632666,2017-2024,Other (111)
2024,Schoharie,111,3.79894639689543,2017-2024,Other (111)
2024,Schuyler,111,6.4435942514750195,2017-2024,Other (111)
2024,St. Lawrence,111,7.00530497053174,2017-2024,Other (111)
2024,Steuben,111,50.90301698286202,2017-2024,Other (111)
2024,Suffolk,111,7.76664898652832,2017-2024,Other (111)
2024,Sullivan,111,3.17502474517818,2017-2024,Other (111)
2024,Tioga,111,2.71278070000837,2017-2024,Other (111)
2024,Tompkins,111,6.01416283426229,2017-2024,Other (111)
2024,Washington,111,9.210954047685568,2017-2024,Other (111)
2024,Wayne,111,15.74439342807883,2017-2024,Other (111)
2008,Albany,122,34.8523277906117,2008-2015,Other (122)
2008,Cattaraugus,122,6.53727387497036,2008-2015,Other (122)
2008,Chemung,122,24.497645382760872,2008-2015,Other (122)
2008,Clinton,122,69.45983057594152,2008-2015,Other (122)
2008,Cortland,122,9.36790458032298,2008-2015,Other (122)
2008,Dutchess,122,71.30970034831525,2008-2015,Other (122)
2008,Erie,122,47.77405823792058,2008-2015,Other (122)
2008,Essex,122,5.356333393803062,2008-2015,Other (122)
2008,Franklin,122,2.9008584347874806,2008-2015,Other (122)
2008,Fulton,122,3.50356160014932,2008-2015,Other (122)
2008,Genesee,122,5.362236208817741,2008-2015,Other (122)
2008,Greene,122,11.229478498364827,2008-2015,Other (122)
2008,Jefferson,122,16.49651448329747,2008-2015,Other (122)
2008,Livingston,122,14.977767317546265,2008-2015,Other (122)
2008,Monroe,122,63.332596739550105,2008-2015,Other (122)
2008,Montgomery,122,35.385231076684384,2008-2015,Other (122)
2008,Niagara,122,37.83432966448269,2008-2015,Other (122)
2008,Oneida,122,3.3802790851153044,2008-2015,Other (122)
2008,Onondaga,122,25.463488211481373,2008-2015,Other (122)
2008,Ontario,122,21.914900089044874,2008-2015,Other (122)
2008,Orange,122,178.48662073340603,2008-2015,Other (122)
2008,Putnam,122,7.608217399870317,2008-2015,Other (122)
2008,Rensselaer,122,56.879550359054264,2008-2015,Other (122)
2008,Rockland,122,8.635491104936996,2008-2015,Other (122)
2008,Saratoga,122,69.41754936850552,2008-2015,Other (122)
2008,Schenectady,122,8.227967663278218,2008-2015,Other (122)
2008,Schoharie,122,2.74588278404615,2008-2015,Other (122)
2008,Schuyler,122,6.327497180070029,2008-2015,Other (122)
2008,St. Lawrence,122,30.049179684200848,2008-2015,Other (122)
2008,Steuben,122,4.2466418337712755,2008-2015,Other (122)
2008,Suffolk,122,215.46022547335127,2008-2015,Other (122)
2008,Sullivan,122,4.775465803090429,2008-2015,Other (122)
2008,Tioga,122,21.560442185654093,2008-2015,Other (122)
2008,Ulster,122,91.99590687423627,2008-2015,Other (122)
2008,Warren,122,5.298224867046139,2008-2015,Other (122)
2008,Washington,122,10.647978880562029,2008-2015,Other (122)
2008,Wayne,122,3.325079821337344,2008-2015,Other (122)
2009,Albany,122,5.907405320708161,2008-2015,Other (122)
2009,Allegany,122,12.831171940785422,2008-2015,Other (122)
2009,Broome,122,19.878921159115738,2008-2015,Other (122)
2009,Cattaraugus,122,15.348286429751116,2008-2015,Other (122)
2009,Chautauqua,122,3.0156354359882105,2008-2015,Other (122)
2009,Clinton,122,27.032555774572554,2008-2015,Other (122)
2009,Columbia,122,2.7911116952832344,2008-2015,Other (122)
2009,Delaware,122,2.8920684593859645,2008-2015,Other (122)
2009,Dutchess,122,78.66452272578505,2008-2015,Other (122)
2009,Erie,122,21.18953625625914,2008-2015,Other (122)
2009,Franklin,122,2.9008584347874806,2008-2015,Other (122)
2009,Genesee,122,5.946933771553871,2008-2015,Other (122)
2009,Greene,122,3.416468009649659,2008-2015,Other (122)
2009,Jefferson,122,6.179618025737371,2008-2015,Other (122)
2009,Livingston,122,5.83204415345886,2008-2015,Other (122)
2009,Madison,122,4.634968662934434,2008-2015,Other (122)
2009,Monroe,122,50.9203783507348,2008-2015,Other (122)
2009,Montgomery,122,17.026339771832227,2008-2015,Other (122)
2009,Niagara,122,27.74393615084994,2008-2015,Other (122)
2009,Oneida,122,20.99385855548272,2008-2015,Other (122)
2009,Onondaga,122,29.473366923725628,2008-2015,Other (122)
2009,Ontario,122,10.309249963266682,2008-2015,Other (122)
2009,Orange,122,101.59725493369208,2008-2015,Other (122)
2009,Putnam,122,2.911763768358707,2008-2015,Other (122)
2009,Rensselaer,122,12.332390409248529,2008-2015,Other (122)
2009,Rockland,122,8.635491104936996,2008-2015,Other (122)
2009,Saratoga,122,43.259391993059495,2008-2015,Other (122)
2009,Schenectady,122,22.784504965450008,2008-2015,Other (122)
2009,Schoharie,122,3.9873107810126522,2008-2015,Other (122)
2009,St. Lawrence,122,35.60955175985152,2008-2015,Other (122)
2009,Steuben,122,13.59584420388984,2008-2015,Other (122)
2009,Suffolk,122,98.97903274839359,2008-2015,Other (122)
2009,Tioga,122,30.22107739368575,2008-2015,Other (122)
2009,Ulster,122,42.955779375352755,2008-2015,Other (122)
2009,Washington,122,4.096388956860928,2008-2015,Other (122)
2010,Albany,122,6.707883384238693,2008-2015,Other (122)
2010,Allegany,122,9.178551190004304,2008-2015,Other (122)
2010,Broome,122,3.1250857716526257,2008-2015,Other (122)
2010,Cattaraugus,122,2.5328511696999354,2008-2015,Other (122)
2010,Chautauqua,122,7.894438730428218,2008-2015,Other (122)
2010,Chemung,122,10.251670052403616,2008-2015,Other (122)
2010,Clinton,122,68.51305049070744,2008-2015,Other (122)
2010,Columbia,122,28.84148421160714,2008-2015,Other (122)
2010,Dutchess,122,66.24544548218093,2008-2015,Other (122)
2010,Erie,122,27.439961606297583,2008-2015,Other (122)
2010,Essex,122,15.278002630011613,2008-2015,Other (122)
2010,Genesee,122,3.4019185095036737,2008-2015,Other (122)
2010,Greene,122,8.748137165022914,2008-2015,Other (122)
2010,Livingston,122,15.30857155482907,2008-2015,Other (122)
2010,Monroe,122,16.163998292082987,2008-2015,Other (122)
2010,Montgomery,122,6.266012512724527,2008-2015,Other (122)
2010,Niagara,122,23.22160341912023,2008-2015,Other (122)
2010,Oneida,122,15.157576483587555,2008-2015,Other (122)
2010,Onondaga,122,8.512790167928813,2008-2015,Other (122)
2010,Ontario,122,4.570032454919109,2008-2015,Other (122)
2010,Rensselaer,122,20.678767569171917,2008-2015,Other (122)
2010,Saratoga,122,3.511463387701751,2008-2015,Other (122)
2010,Schenectady,122,4.855984840117929,2008-2015,Other (122)
2010,Schoharie,122,6.892222348881339,2008-2015,Other (122)
2010,Seneca,122,3.3678660721947926,2008-2015,Other (122)
2010,St. Lawrence,122,5.7420775366598455,2008-2015,Other (122)
2010,Suffolk,122,246.9185392609947,2008-2015,Other (122)
2010,Ulster,122,28.331254361604913,2008-2015,Other (122)
2010,Washington,122,54.09045627988039,2008-2015,Other (122)
2010,Wyoming,122,3.057134832404974,2008-2015,Other (122)
2010,Yates,122,2.9879843646049253,2008-2015,Other (122)
2011,Albany,122,19.543306137154858,2008-2015,Other (122)
2011,Broome,122,26.107568665132234,2008-2015,Other (122)
2011,Cattaraugus,122,2.839355104215256,2008-2015,Other (122)
2011,Chautauqua,122,6.806438631046973,2008-2015,Other (122)
2011,Chemung,122,24.541252772943864,2008-2015,Other (122)
2011,Clinton,122,55.27204148869315,2008-2015,Other (122)
2011,Cortland,122,9.36790458032298,2008-2015,Other (122)
2011,Dutchess,122,99.23081340801345,2008-2015,Other (122)
2011,Erie,122,34.99420303173036,2008-2015,Other (122)
2011,Franklin,122,6.982241428994403,2008-2015,Other (122)
2011,Genesee,122,9.27874764396193,2008-2015,Other (122)
2011,Greene,122,11.872754522961287,2008-2015,Other (122)
2011,Jefferson,122,14.416210998533575,2008-2015,Other (122)
2011,Livingston,122,11.797447510051914,2008-2015,Other (122)
2011,Madison,122,2.6061293803966294,2008-2015,Other (122)
2011,Monroe,122,76.43786024642817,2008-2015,Other (122)
2011,Montgomery,122,7.656450881587576,2008-2015,Other (122)
2011,Niagara,122,34.95863572388063,2008-2015,Other (122)
2011,Oneida,122,12.003567706099929,2008-2015,Other (122)
2011,Onondaga,122,32.72519555232331,2008-2015,Other (122)
2011,Ontario,122,25.538918426798592,2008-2015,Other (122)
2011,Orange,122,157.8124926853679,2008-2015,Other (122)
2011,Orleans,122,3.7365221839643636,2008-2015,Other (122)
2011,Oswego,122,3.4454952969652077,2008-2015,Other (122)
2011,Putnam,122,7.608217399870317,2008-2015,Other (122)
2011,Rensselaer,122,82.51594291401351,2008-2015,Other (122)
2011,Rockland,122,8.635491104936996,2008-2015,Other (122)
2011,Saratoga,122,44.95217232719739,2008-2015,Other (122)
2011,Schenectady,122,16.54195243581731,2008-2015,Other (122)
2011,Schoharie,122,9.929367865254155,2008-2015,Other (122)
2011,St. Lawrence,122,48.68287261124406,2008-2015,Other (122)
2011,Suffolk,122,167.28155492542288,2008-2015,Other (122)
2011,Tioga,122,24.857923431739316,2008-2015,Other (122)
2011,Ulster,122,83.79848700925484,2008-2015,Other (122)
2011,Warren,122,24.622390468106722,2008-2015,Other (122)
2011,Washington,122,10.711858513381538,2008-2015,Other (122)
2011,Wyoming,122,3.606224335682975,2008-2015,Other (122)
2012,Albany,122,19.543306137154858,2008-2015,Other (122)
2012,Allegany,122,7.127150278072101,2008-2015,Other (122)
2012,Broome,122,22.982482893479606,2008-2015,Other (122)
2012,Cattaraugus,122,10.965322781353212,2008-2015,Other (122)
2012,Chautauqua,122,18.65294620361619,2008-2015,Other (122)
2012,Chemung,122,16.320766235567962,2008-2015,Other (122)
2012,Clinton,122,113.58650112550731,2008-2015,Other (122)
2012,Cortland,122,9.36790458032298,2008-2015,Other (122)
2012,Dutchess,122,85.49458453238272,2008-2015,Other (122)
2012,Erie,122,92.69076867215993,2008-2015,Other (122)
2012,Essex,122,5.356333393803062,2008-2015,Other (122)
2012,Franklin,122,2.9008584347874806,2008-2015,Other (122)
2012,Genesee,122,3.4019185095036737,2008-2015,Other (122)
2012,Greene,122,16.471349667771797,2008-2015,Other (122)
2012,Herkimer,122,4.6096601033452185,2008-2015,Other (122)
2012,Jefferson,122,14.911519804410183,2008-2015,Other (122)
2012,Livingston,122,5.83204415345886,2008-2015,Other (122)
2012,Madison,122,3.4994109327866174,2008-2015,Other (122)
2012,Monroe,122,61.735703784475724,2008-2015,Other (122)
2012,Montgomery,122,22.496126177952448,2008-2015,Other (122)
2012,Niagara,122,51.211043366228154,2008-2015,Other (122)
2012,Oneida,122,4.859554297500812,2008-2015,Other (122)
2012,Onondaga,122,30.478653761840718,2008-2015,Other (122)
2012,Ontario,122,10.309249963266682,2008-2015,Other (122)
2012,Orange,122,91.88998577125913,2008-2015,Other (122)
2012,Orleans,122,36.130508022512956,2008-2015,Other (122)
2012,Otsego,122,7.432631496074917,2008-2015,Other (122)
2012,Putnam,122,2.911763768358707,2008-2015,Other (122)
2012,Rensselaer,122,79.5280711537503,2008-2015,Other (122)
2012,Rockland,122,8.635491104936996,2008-2015,Other (122)
2012,Saratoga,122,53.99375978252416,2008-2015,Other (122)
2012,Schenectady,122,22.784504965450008,2008-2015,Other (122)
2012,Schoharie,122,6.733193565058802,2008-2015,Other (122)
2012,Schuyler,122,2.5366429954440144,2008-2015,Other (122)
2012,St. Lawrence,122,41.49305604053963,2008-2015,Other (122)
2012,Steuben,122,2.651436376269904,2008-2015,Other (122)
2012,Suffolk,122,193.05679583265496,2008-2015,Other (122)
2012,Sullivan,122,4.775465803090429,2008-2015,Other (122)
2012,Tioga,122,24.857923431739316,2008-2015,Other (122)
2012,Ulster,122,65.80185765117002,2008-2015,Other (122)
2012,Warren,122,9.033629685266009,2008-2015,Other (122)
2012,Washington,122,19.655538451104167,2008-2015,Other (122)
2012,Wyoming,122,3.057134832404974,2008-2015,Other (122)
2013,Albany,122,22.496896702272846,2008-2015,Other (122)
2013,Allegany,122,3.027568433701299,2008-2015,Other (122)
2013,Broome,122,14.739242077721444,2008-2015,Other (122)
2013,Chemung,122,24.30552524073638,2008-2015,Other (122)
2013,Clinton,122,73.81685944337548,2008-2015,Other (122)
2013,Columbia,122,7.12556979121814,2008-2015,Other (122)
2013,Dutchess,122,80.12263287967671,2008-2015,Other (122)
2013,Erie,122,57.40924854754525,2008-2015,Other (122)
2013,Essex,122,5.356333393803062,2008-2015,Other (122)
2013,Franklin,122,2.9008584347874806,2008-2015,Other (122)
2013,Genesee,122,18.644307896356892,2008-2015,Other (122)
2013,Greene,122,17.25056437085172,2008-2015,Other (122)
2013,Jefferson,122,8.83768011814922,2008-2015,Other (122)
2013,Livingston,122,11.42636167497544,2008-2015,Other (122)
2013,Monroe,122,59.54492856292196,2008-2015,Other (122)
2013,Montgomery,122,13.251177397054422,2008-2015,Other (122)
2013,Niagara,122,31.29396895121082,2008-2015,Other (122)
2013,Oneida,122,4.859554297500812,2008-2015,Other (122)
2013,Onondaga,122,28.746275359913692,2008-2015,Other (122)
2013,Ontario,122,18.536643777737844,2008-2015,Other (122)
2013,Orange,122,84.44826014608253,2008-2015,Other (122)
2013,Orleans,122,27.985065814998755,2008-2015,Other (122)
2013,Oswego,122,3.4454952969652077,2008-2015,Other (122)
2013,Rensselaer,122,18.997069834106156,2008-2015,Other (122)
2013,Rockland,122,8.635491104936996,2008-2015,Other (122)
2013,Saratoga,122,43.869091352369836,2008-2015,Other (122)
2013,Schenectady,122,14.470520192910913,2008-2015,Other (122)
2013,Seneca,122,6.117257987016012,2008-2015,Other (122)
2013,St. Lawrence,122,38.58221487120188,2008-2015,Other (122)
2013,Suffolk,122,201.78953993774394,2008-2015,Other (122)
2013,Tioga,122,16.197288223707655,2008-2015,Other (122)
2013,Ulster,122,69.52646600038703,2008-2015,Other (122)
2013,Washington,122,6.831931658372039,2008-2015,Other (122)
2014,Albany,122,41.657310758513205,2008-2015,Other (122)
2014,Allegany,122,19.61808179074498,2008-2015,Other (122)
2014,Broome,122,21.96507583074892,2008-2015,Other (122)
2014,Cattaraugus,122,11.288269715785063,2008-2015,Other (122)
2014,Cayuga,122,9.146416912236429,2008-2015,Other (122)
2014,Chautauqua,122,67.03304362683608,2008-2015,Other (122)
2014,Chemung,122,13.637094413118698,2008-2015,Other (122)
2014,Chenango,122,4.35440336389302,2008-2015,Other (122)
2014,Clinton,122,115.07492422208199,2008-2015,Other (122)
2014,Columbia,122,34.558088490422264,2008-2015,Other (122)
2014,Cortland,122,6.845534711060562,2008-2015,Other (122)
2014,Dutchess,122,232.6148251153559,2008-2015,Other (122)
2014,Erie,122,153.22046379024135,2008-2015,Other (122)
2014,Essex,122,8.861233155437263,2008-2015,Other (122)
2014,Franklin,122,43.770948733678566,2008-2015,Other (122)
2014,Fulton,122,15.876741119464464,2008-2015,Other (122)
2014,Genesee,122,25.15012324221461,2008-2015,Other (122)
2014,Greene,122,11.555806131152444,2008-2015,Other (122)
2014,Hamilton,122,2.840424157572903,2008-2015,Other (122)
2014,Herkimer,122,38.04255755357194,2008-2015,Other (122)
2014,Jefferson,122,100.15301025772436,2008-2015,Other (122)
2014,Lewis,122,4.3880044900108235,2008-2015,Other (122)
2014,Livingston,122,31.29563453219637,2008-2015,Other (122)
2014,Madison,122,14.738661401853156,2008-2015,Other (122)
2014,Monroe,122,184.89108750178724,2008-2015,Other (122)
2014,Montgomery,122,50.04884267338053,2008-2015,Other (122)
2014,Niagara,122,100.26799792653618,2008-2015,Other (122)
2014,Oneida,122,19.907372766117994,2008-2015,Other (122)
2014,Onondaga,122,49.611566300738296,2008-2015,Other (122)
2014,Ontario,122,48.659872377559545,2008-2015,Other (122)
2014,Orange,122,209.532458010222,2008-2015,Other (122)
2014,Orleans,122,30.87934655502779,2008-2015,Other (122)
2014,Oswego,122,11.060128788823352,2008-2015,Other (122)
2014,Otsego,122,24.28734981774231,2008-2015,Other (122)
2014,Putnam,122,17.320336153238014,2008-2015,Other (122)
2014,Rensselaer,122,70.62022873976373,2008-2015,Other (122)
2014,Saratoga,122,136.26558022503656,2008-2015,Other (122)
2014,Schenectady,122,39.12828375846617,2008-2015,Other (122)
2014,Schoharie,122,3.0142420982361657,2008-2015,Other (122)
2014,Schuyler,122,7.3609701320062335,2008-2015,Other (122)
2014,Seneca,122,2.5791018253285998,2008-2015,Other (122)
2014,St. Lawrence,122,29.547045443094618,2008-2015,Other (122)
2014,Steuben,122,35.33313231887968,2008-2015,Other (122)
2014,Suffolk,122,133.65138233815222,2008-2015,Other (122)
2014,Sullivan,122,56.04946302547537,2008-2015,Other (122)
2014,Tioga,122,9.462199227949046,2008-2015,Other (122)
2014,Tompkins,122,3.371712208902183,2008-2015,Other (122)
2014,Ulster,122,44.12150144780535,2008-2015,Other (122)
2014,Warren,122,16.846095268175134,2008-2015,Other (122)
2014,Washington,122,44.755122260310785,2008-2015,Other (122)
2014,Wayne,122,42.06658332795077,2008-2015,Other (122)
2014,Wyoming,122,6.663359168087949,2008-2015,Other (122)
2014,Yates,122,4.377655216963527,2008-2015,Other (122)
2015,Albany,122,29.58892649276074,2008-2015,Other (122)
2015,Allegany,122,7.770515920748641,2008-2015,Other (122)
2015,Broome,122,6.377353381818508,2008-2015,Other (122)
2015,Cattaraugus,122,12.547922326748758,2008-2015,Other (122)
2015,Cayuga,122,12.564839342582076,2008-2015,Other (122)
2015,Chautauqua,122,27.83041554741081,2008-2015,Other (122)
2015,Chemung,122,11.025185579993405,2008-2015,Other (122)
2015,Clinton,122,92.1695664827987,2008-2015,Other (122)
2015,Columbia,122,41.96030637636278,2008-2015,Other (122)
2015,Delaware,122,2.7053333672980777,2008-2015,Other (122)
2015,Dutchess,122,294.93528336444353,2008-2015,Other (122)
2015,Erie,122,84.48586045466394,2008-2015,Other (122)
2015,Essex,122,21.851035565558057,2008-2015,Other (122)
2015,Franklin,122,23.00290049347863,2008-2015,Other (122)
2015,Fulton,122,9.525129639802937,2008-2015,Other (122)
2015,Genesee,122,21.513477983820056,2008-2015,Other (122)
2015,Greene,122,11.492627216017246,2008-2015,Other (122)
2015,Hamilton,122,2.840424157572903,2008-2015,Other (122)
2015,Herkimer,122,18.601152428794606,2008-2015,Other (122)
2015,Jefferson,122,85.89066861203936,2008-2015,Other (122)
2015,Lewis,122,4.3880044900108235,2008-2015,Other (122)
2015,Livingston,122,11.5940043863368,2008-2015,Other (122)
2015,Madison,122,5.690210174664999,2008-2015,Other (122)
2015,Monroe,122,184.04981400957212,2008-2015,Other (122)
2015,Montgomery,122,9.858342950702948,2008-2015,Other (122)
2015,Niagara,122,54.25009284641825,2008-2015,Other (122)
2015,Oneida,122,19.890969855835575,2008-2015,Other (122)
2015,Onondaga,122,25.328133706706165,2008-2015,Other (122)
2015,Ontario,122,16.479848407325335,2008-2015,Other (122)
2015,Orange,122,214.55691678893697,2008-2015,Other (122)
2015,Orleans,122,30.46808598583834,2008-2015,Other (122)
2015,Otsego,122,9.30795776595673,2008-2015,Other (122)
2015,Putnam,122,10.880178680439087,2008-2015,Other (122)
2015,Rensselaer,122,94.96135281878216,2008-2015,Other (122)
2015,Saratoga,122,128.77327872627725,2008-2015,Other (122)
2015,Schenectady,122,46.0131921346185,2008-2015,Other (122)
2015,Schoharie,122,6.733193565058802,2008-2015,Other (122)
2015,Schuyler,122,3.790854184626015,2008-2015,Other (122)
2015,Seneca,122,3.3678660721947926,2008-2015,Other (122)
2015,St. Lawrence,122,47.156690022198596,2008-2015,Other (122)
2015,Steuben,122,9.895628392596821,2008-2015,Other (122)
2015,Suffolk,122,128.7758507903961,2008-2015,Other (122)
2015,Sullivan,122,34.60416106442637,2008-2015,Other (122)
2015,Tioga,122,9.462199227949046,2008-2015,Other (122)
2015,Tompkins,122,3.371712208902183,2008-2015,Other (122)
2015,Ulster,122,34.133376309819496,2008-2015,Other (122)
2015,Warren,122,10.144075081300006,2008-2015,Other (122)
2015,Washington,122,37.20628990959652,2008-2015,Other (122)
2015,Wayne,122,22.317108360595622,2008-2015,Other (122)
2015,Westchester,122,2.6219572164265084,2008-2015,Other (122)
2015,Wyoming,122,3.057134832404974,2008-2015,Other (122)
2015,Yates,122,7.365639581568452,2008-2015,Other (122)
2016,Albany,122,41.07105127456364,2016-Bridge,Other (122)
2016,Allegany,122,2.8155937549016032,2016-Bridge,Other (122)
2016,Cattaraugus,122,33.67584707628907,2016-Bridge,Other (122)
2016,Cayuga,122,4.339893476156698,2016-Bridge,Other (122)
2016,Chautauqua,122,42.75033574081023,2016-Bridge,Other (122)
2016,Chemung,122,17.27321819605074,2016-Bridge,Other (122)
2016,Chenango,122,4.354420781558728,2016-Bridge,Other (122)
2016,Clinton,122,79.49962538488442,2016-Bridge,Other (122)
2016,Columbia,122,28.74022654050247,2016-Bridge,Other (122)
2016,Cortland,122,6.185709728804172,2016-Bridge,Other (122)
2016,Dutchess,122,255.68741480729253,2016-Bridge,Other (122)
2016,Erie,122,55.35552825930938,2016-Bridge,Other (122)
2016,Essex,122,25.49125235270802,2016-Bridge,Other (122)
2016,Franklin,122,25.84384164352536,2016-Bridge,Other (122)
2016,Fulton,122,6.017579892909561,2016-Bridge,Other (122)
2016,Genesee,122,12.921586292744717,2016-Bridge,Other (122)
2016,Herkimer,122,22.9234506304874,2016-Bridge,Other (122)
2016,Jefferson,122,86.11174838503821,2016-Bridge,Other (122)
2016,Livingston,122,6.048609752914123,2016-Bridge,Other (122)
2016,Madison,122,7.649179924846732,2016-Bridge,Other (122)
2016,Monroe,122,109.69477710156886,2016-Bridge,Other (122)
2016,Montgomery,122,9.944687440935331,2016-Bridge,Other (122)
2016,Niagara,122,23.362329149747392,2016-Bridge,Other (122)
2016,Oneida,122,4.268291980052665,2016-Bridge,Other (122)
2016,Onondaga,122,13.155896990535414,2016-Bridge,Other (122)
2016,Ontario,122,34.38971301673604,2016-Bridge,Other (122)
2016,Orange,122,184.53349402550464,2016-Bridge,Other (122)
2016,Orleans,122,2.6048788295991363,2016-Bridge,Other (122)
2016,Otsego,122,18.847156008240198,2016-Bridge,Other (122)
2016,Putnam,122,18.65081758379924,2016-Bridge,Other (122)
2016,Rensselaer,122,78.42866585554275,2016-Bridge,Other (122)
2016,Saratoga,122,97.10729382716053,2016-Bridge,Other (122)
2016,Schenectady,122,18.981062410302584,2016-Bridge,Other (122)
2016,Schoharie,122,2.745893767610237,2016-Bridge,Other (122)
2016,Seneca,122,10.83703387332919,2016-Bridge,Other (122)
2016,St. Lawrence,122,46.194238018215685,2016-Bridge,Other (122)
2016,Steuben,122,3.4957499796970537,2016-Bridge,Other (122)
2016,Suffolk,122,120.06217824997464,2016-Bridge,Other (122)
2016,Sullivan,122,29.02403016291197,2016-Bridge,Other (122)
2016,Tompkins,122,3.3717256957914787,2016-Bridge,Other (122)
2016,Ulster,122,29.168871663834608,2016-Bridge,Other (122)
2016,Warren,122,11.069855720733656,2016-Bridge,Other (122)
2016,Washington,122,38.778265226216114,2016-Bridge,Other (122)
2016,Wayne,122,8.885375883701528,2016-Bridge,Other (122)
2017,Allegany,122,3.98301174885084,2017-2024,Other (122)
2017,Cattaraugus,122,6.97376691088099,2017-2024,Other (122)
2017,Chautauqua,122,9.63917502120194,2017-2024,Other (122)
2017,Clinton,122,7.67714082818601,2017-2024,Other (122)
2017,Columbia,122,3.37230772989636,2017-2024,Other (122)
2017,Cortland,122,2.84476522891574,2017-2024,Other (122)
2017,Dutchess,122,4.04487954168262,2017-2024,Other (122)
2017,Erie,122,15.946385544208809,2017-2024,Other (122)
2017,Essex,122,4.03376612239238,2017-2024,Other (122)
2017,Jefferson,122,10.8101023166813,2017-2024,Other (122)
2017,Niagara,122,3.42113203149225,2017-2024,Other (122)
2017,Ontario,122,2.62149512185377,2017-2024,Other (122)
2017,Orange,122,5.10087295956583,2017-2024,Other (122)
2017,Orleans,122,13.615901243842579,2017-2024,Other (122)
2017,Rensselaer,122,10.7870490765571,2017-2024,Other (122)
2017,Schuyler,122,5.48149194889788,2017-2024,Other (122)
2017,St. Lawrence,122,6.79998229840675,2017-2024,Other (122)
2017,Suffolk,122,6.55535616104146,2017-2024,Other (122)
2017,Washington,122,3.4338174036244,2017-2024,Other (122)
2018,Allegany,122,2.21067244223989,2017-2024,Other (122)
2018,Cattaraugus,122,6.97376691088099,2017-2024,Other (122)
2018,Chautauqua,122,5.90109692341057,2017-2024,Other (122)
2018,Clinton,122,2.81087856479761,2017-2024,Other (122)
2018,Columbia,122,3.37230772989636,2017-2024,Other (122)
2018,Erie,122,10.47663996024857,2017-2024,Other (122)
2018,Fulton,122,5.53765031989882,2017-2024,Other (122)
2018,Genesee,122,4.39304165392357,2017-2024,Other (122)
2018,Jefferson,122,11.71828176847818,2017-2024,Other (122)
2018,Niagara,122,10.22660564718406,2017-2024,Other (122)
2018,Onondaga,122,3.70897952887591,2017-2024,Other (122)
2018,Ontario,122,2.62149512185377,2017-2024,Other (122)
2018,Orange,122,8.507577404854391,2017-2024,Other (122)
2018,Orleans,122,9.57760843371635,2017-2024,Other (122)
2018,Rensselaer,122,10.7870490765571,2017-2024,Other (122)
2018,St. Lawrence,122,6.79998229840675,2017-2024,Other (122)
2018,Steuben,122,3.25788792790422,2017-2024,Other (122)
2018,Suffolk,122,6.55535616104146,2017-2024,Other (122)
2018,Ulster,122,9.47606060983672,2017-2024,Other (122)
2018,Washington,122,10.01086112543539,2017-2024,Other (122)
2019,Albany,122,45.98671773833061,2017-2024,Other (122)
2019,Allegany,122,25.95994177008928,2017-2024,Other (122)
2019,Cattaraugus,122,12.47650555859936,2017-2024,Other (122)
2019,Cayuga,122,10.56158249487839,2017-2024,Other (122)
2019,Chautauqua,122,40.48626466085676,2017-2024,Other (122)
2019,Chenango,122,7.77470627357016,2017-2024,Other (122)
2019,Clinton,122,31.63701565373784,2017-2024,Other (122)
2019,Columbia,122,8.68952870266403,2017-2024,Other (122)
2019,Dutchess,122,5.02376330328836,2017-2024,Other (122)
2019,Erie,122,30.37095861171212,2017-2024,Other (122)
2019,Essex,122,3.86488638416376,2017-2024,Other (122)
2019,Franklin,122,2.71044088518387,2017-2024,Other (122)
2019,Genesee,122,14.61199429937258,2017-2024,Other (122)
2019,Greene,122,5.51017347608353,2017-2024,Other (122)
2019,Herkimer,122,10.8684820608158,2017-2024,Other (122)
2019,Jefferson,122,20.17141669634388,2017-2024,Other (122)
2019,Livingston,122,16.56475955500354,2017-2024,Other (122)
2019,Madison,122,16.969280727137182,2017-2024,Other (122)
2019,Monroe,122,6.68146717820125,2017-2024,Other (122)
2019,Montgomery,122,18.65876192486499,2017-2024,Other (122)
2019,Niagara,122,21.75506085518279,2017-2024,Other (122)
2019,Oneida,122,8.16892244180712,2017-2024,Other (122)
2019,Onondaga,122,66.83936857386873,2017-2024,Other (122)
2019,Ontario,122,7.15012782915138,2017-2024,Other (122)
2019,Orange,122,20.97841227483631,2017-2024,Other (122)
2019,Orleans,122,23.58534164983455,2017-2024,Other (122)
2019,Oswego,122,2.69584333789115,2017-2024,Other (122)
2019,Otsego,122,12.476854861299731,2017-2024,Other (122)
2019,Rensselaer,122,32.73934661731231,2017-2024,Other (122)
2019,Saratoga,122,69.38500793894248,2017-2024,Other (122)
2019,Schoharie,122,4.48837506904598,2017-2024,Other (122)
2019,St. Lawrence,122,18.26110511588865,2017-2024,Other (122)
2019,Steuben,122,4.7508127939371,2017-2024,Other (122)
2019,Suffolk,122,13.94967983368309,2017-2024,Other (122)
2019,Tioga,122,10.5898148943174,2017-2024,Other (122)
2019,Ulster,122,6.759036463548171,2017-2024,Other (122)
2019,Washington,122,26.36332047254328,2017-2024,Other (122)
2019,Wyoming,122,4.18420103511161,2017-2024,Other (122)
2020,Albany,122,52.9825287960821,2017-2024,Other (122)
2020,Allegany,122,15.9315050348083,2017-2024,Other (122)
2020,Cattaraugus,122,15.85017245500301,2017-2024,Other (122)
2020,Cayuga,122,9.87199696109511,2017-2024,Other (122)
2020,Chautauqua,122,48.087600142853,2017-2024,Other (122)
2020,Chenango,122,7.77470627357016,2017-2024,Other (122)
2020,Clinton,122,20.01902599092722,2017-2024,Other (122)
2020,Columbia,122,8.68952870266403,2017-2024,Other (122)
2020,Dutchess,122,5.02376330328836,2017-2024,Other (122)
2020,Erie,122,30.67307148278084,2017-2024,Other (122)
2020,Essex,122,3.86488638416376,2017-2024,Other (122)
2020,Franklin,122,2.71044088518387,2017-2024,Other (122)
2020,Genesee,122,28.99184511183898,2017-2024,Other (122)
2020,Greene,122,5.51017347608353,2017-2024,Other (122)
2020,Herkimer,122,10.8684820608158,2017-2024,Other (122)
2020,Jefferson,122,25.65365396051155,2017-2024,Other (122)
2020,Livingston,122,13.69673191647501,2017-2024,Other (122)
2020,Madison,122,16.969280727137182,2017-2024,Other (122)
2020,Monroe,122,14.342899640497471,2017-2024,Other (122)
2020,Montgomery,122,3.13703771987979,2017-2024,Other (122)
2020,Niagara,122,41.699965559998,2017-2024,Other (122)
2020,Oneida,122,8.16892244180712,2017-2024,Other (122)
2020,Onondaga,122,69.79349401971,2017-2024,Other (122)
2020,Ontario,122,7.15012782915138,2017-2024,Other (122)
2020,Orange,122,18.31886442077475,2017-2024,Other (122)
2020,Orleans,122,23.58534164983455,2017-2024,Other (122)
2020,Oswego,122,5.562435180711271,2017-2024,Other (122)
2020,Otsego,122,12.476854861299731,2017-2024,Other (122)
2020,Rensselaer,122,25.26062952505994,2017-2024,Other (122)
2020,Saratoga,122,69.38500793894248,2017-2024,Other (122)
2020,Schenectady,122,2.44558876326567,2017-2024,Other (122)
2020,Schoharie,122,4.48837506904598,2017-2024,Other (122)
2020,St. Lawrence,122,18.26110511588865,2017-2024,Other (122)
2020,Steuben,122,9.782834458112081,2017-2024,Other (122)
2020,Suffolk,122,18.703869126368772,2017-2024,Other (122)
2020,Tioga,122,7.5253867581674,2017-2024,Other (122)
2020,Ulster,122,7.02337404220233,2017-2024,Other (122)
2020,Washington,122,25.42340371732982,2017-2024,Other (122)
2020,Wyoming,122,4.18420103511161,2017-2024,Other (122)
2021,Albany,122,10.608745787446502,2017-2024,Other (122)
2021,Allegany,122,3.35913846534299,2017-2024,Other (122)
2021,Cattaraugus,122,11.68561391289509,2017-2024,Other (122)
2021,Cayuga,122,8.31757674786792,2017-2024,Other (122)
2021,Chautauqua,122,20.7932695460056,2017-2024,Other (122)
2021,Chemung,122,9.29411973298715,2017-2024,Other (122)
2021,Chenango,122,7.2534210126562595,2017-2024,Other (122)
2021,Clinton,122,35.90361853567442,2017-2024,Other (122)
2021,Columbia,122,3.37230772989636,2017-2024,Other (122)
2021,Cortland,122,23.765853184992558,2017-2024,Other (122)
2021,Delaware,122,3.33129644420519,2017-2024,Other (122)
2021,Dutchess,122,11.806009390615401,2017-2024,Other (122)
2021,Erie,122,52.7446362417748,2017-2024,Other (122)
2021,Franklin,122,29.59949363407438,2017-2024,Other (122)
2021,Fulton,122,17.710902165124992,2017-2024,Other (122)
2021,Genesee,122,5.54778433203052,2017-2024,Other (122)
2021,Greene,122,15.28481079696009,2017-2024,Other (122)
2021,Herkimer,122,14.434434693174211,2017-2024,Other (122)
2021,Jefferson,122,32.81370412967196,2017-2024,Other (122)
2021,Lewis,122,4.79888786049653,2017-2024,Other (122)
2021,Livingston,122,24.58503622628576,2017-2024,Other (122)
2021,Madison,122,14.571584690508,2017-2024,Other (122)
2021,Monroe,122,33.901396179942,2017-2024,Other (122)
2021,Montgomery,122,9.72703786964485,2017-2024,Other (122)
2021,Niagara,122,36.83142888382883,2017-2024,Other (122)
2021,Oneida,122,4.8510415161546,2017-2024,Other (122)
2021,Onondaga,122,52.44931458097205,2017-2024,Other (122)
2021,Ontario,122,15.99621970334582,2017-2024,Other (122)
2021,Orange,122,33.93252102396388,2017-2024,Other (122)
2021,Orleans,122,15.4240467948304,2017-2024,Other (122)
2021,Oswego,122,11.8382516916655,2017-2024,Other (122)
2021,Otsego,122,8.50734238386598,2017-2024,Other (122)
2021,Rensselaer,122,42.2452794911747,2017-2024,Other (122)
2021,Saratoga,122,16.67099103859335,2017-2024,Other (122)
2021,Schenectady,122,9.97223875237145,2017-2024,Other (122)
2021,Schoharie,122,4.48837506904598,2017-2024,Other (122)
2021,Seneca,122,10.05126042341322,2017-2024,Other (122)
2021,St. Lawrence,122,39.24568028342768,2017-2024,Other (122)
2021,Steuben,122,11.19915479523554,2017-2024,Other (122)
2021,Suffolk,122,48.98269361657583,2017-2024,Other (122)
2021,Tioga,122,3.56325122831353,2017-2024,Other (122)
2021,Tompkins,122,6.52210446077471,2017-2024,Other (122)
2021,Ulster,122,10.73642471343797,2017-2024,Other (122)
2021,Washington,122,23.68836669321223,2017-2024,Other (122)
2021,Wyoming,122,5.74362904864639,2017-2024,Other (122)
2021,Yates,122,10.60363877134725,2017-2024,Other (122)
2022,Albany,122,10.608745787446502,2017-2024,Other (122)
2022,Allegany,122,3.35913846534299,2017-2024,Other (122)
2022,Cattaraugus,122,7.31097882860679,2017-2024,Other (122)
2022,Cayuga,122,8.31757674786792,2017-2024,Other (122)
2022,Chautauqua,122,32.8640717698111,2017-2024,Other (122)
2022,Chemung,122,2.83136276304019,2017-2024,Other (122)
2022,Chenango,122,3.65715484067148,2017-2024,Other (122)
2022,Clinton,122,43.33514675963727,2017-2024,Other (122)
2022,Columbia,122,6.4622272754346906,2017-2024,Other (122)
2022,Cortland,122,12.7858925679236,2017-2024,Other (122)
2022,Dutchess,122,7.7611298489327805,2017-2024,Other (122)
2022,Erie,122,47.2079454228335,2017-2024,Other (122)
2022,Franklin,122,16.191248046902672,2017-2024,Other (122)
2022,Fulton,122,17.710902165124992,2017-2024,Other (122)
2022,Genesee,122,9.081033729389269,2017-2024,Other (122)
2022,Greene,122,12.17460189638439,2017-2024,Other (122)
2022,Herkimer,122,13.59540270114924,2017-2024,Other (122)
2022,Jefferson,122,36.2484350141867,2017-2024,Other (122)
2022,Lewis,122,4.79888786049653,2017-2024,Other (122)
2022,Livingston,122,24.30689996750558,2017-2024,Other (122)
2022,Madison,122,14.571584690508,2017-2024,Other (122)
2022,Monroe,122,30.51407275597518,2017-2024,Other (122)
2022,Montgomery,122,7.16769166797873,2017-2024,Other (122)
2022,Niagara,122,40.03951588358072,2017-2024,Other (122)
2022,Oneida,122,16.4390804379025,2017-2024,Other (122)
2022,Onondaga,122,62.78066989106277,2017-2024,Other (122)
2022,Ontario,122,15.99621970334582,2017-2024,Other (122)
2022,Orange,122,84.48700712147756,2017-2024,Other (122)
2022,Orleans,122,18.91649150422156,2017-2024,Other (122)
2022,Oswego,122,15.27610644862568,2017-2024,Other (122)
2022,Otsego,122,8.66233833776953,2017-2024,Other (122)
2022,Rensselaer,122,43.00723290688984,2017-2024,Other (122)
2022,Saratoga,122,16.67099103859335,2017-2024,Other (122)
2022,Schenectady,122,9.97223875237145,2017-2024,Other (122)
2022,Schoharie,122,4.48837506904598,2017-2024,Other (122)
2022,Seneca,122,5.14345900522088,2017-2024,Other (122)
2022,St. Lawrence,122,39.24568028342768,2017-2024,Other (122)
2022,Steuben,122,14.09257366200574,2017-2024,Other (122)
2022,Suffolk,122,52.20039608560964,2017-2024,Other (122)
2022,Tompkins,122,3.90654731865631,2017-2024,Other (122)
2022,Ulster,122,7.02337404220233,2017-2024,Other (122)
2022,Washington,122,9.81592232064093,2017-2024,Other (122)
2022,Wyoming,122,2.72006567048078,2017-2024,Other (122)
2022,Yates,122,3.04670623258026,2017-2024,Other (122)
2023,Albany,122,14.69607429388382,2017-2024,Other (122)
2023,Allegany,122,3.35913846534299,2017-2024,Other (122)
2023,Cattaraugus,122,10.4650913390428,2017-2024,Other (122)
2023,Cayuga,122,4.77472967753819,2017-2024,Other (122)
2023,Chautauqua,122,31.56028204307946,2017-2024,Other (122)
2023,Chemung,122,2.83136276304019,2017-2024,Other (122)
2023,Chenango,122,3.65715484067148,2017-2024,Other (122)
2023,Clinton,122,34.25737932532299,2017-2024,Other (122)
2023,Columbia,122,3.37230772989636,2017-2024,Other (122)
2023,Cortland,122,7.70170538583486,2017-2024,Other (122)
2023,Dutchess,122,7.7611298489327805,2017-2024,Other (122)
2023,Erie,122,39.06218179484285,2017-2024,Other (122)
2023,Franklin,122,10.61426838710447,2017-2024,Other (122)
2023,Fulton,122,17.710902165124992,2017-2024,Other (122)
2023,Genesee,122,5.54778433203052,2017-2024,Other (122)
2023,Greene,122,12.17460189638439,2017-2024,Other (122)
2023,Herkimer,122,13.59540270114924,2017-2024,Other (122)
2023,Jefferson,122,35.52995396416966,2017-2024,Other (122)
2023,Lewis,122,4.79888786049653,2017-2024,Other (122)
2023,Livingston,122,21.438872328977048,2017-2024,Other (122)
2023,Madison,122,14.571584690508,2017-2024,Other (122)
2023,Monroe,122,30.51407275597518,2017-2024,Other (122)
2023,Montgomery,122,7.16769166797873,2017-2024,Other (122)
2023,Niagara,122,39.90139703016675,2017-2024,Other (122)
2023,Oneida,122,8.6896083091345,2017-2024,Other (122)
2023,Onondaga,122,55.883758784697264,2017-2024,Other (122)
2023,Ontario,122,15.99621970334582,2017-2024,Other (122)
2023,Orange,122,81.827459267416,2017-2024,Other (122)
2023,Orleans,122,15.4240467948304,2017-2024,Other (122)
2023,Oswego,122,11.8382516916655,2017-2024,Other (122)
2023,Otsego,122,11.95597562332764,2017-2024,Other (122)
2023,Rensselaer,122,25.17951762146254,2017-2024,Other (122)
2023,Saratoga,122,20.03060190282833,2017-2024,Other (122)
2023,Schenectady,122,9.97223875237145,2017-2024,Other (122)
2023,Schoharie,122,4.48837506904598,2017-2024,Other (122)
2023,Seneca,122,14.63923105527846,2017-2024,Other (122)
2023,St. Lawrence,122,39.24568028342768,2017-2024,Other (122)
2023,Steuben,122,19.62389477896944,2017-2024,Other (122)
2023,Suffolk,122,57.3127920801697,2017-2024,Other (122)
2023,Ulster,122,7.02337404220233,2017-2024,Other (122)
2023,Washington,122,9.81592232064093,2017-2024,Other (122)
2023,Wyoming,122,5.74362904864639,2017-2024,Other (122)
2023,Yates,122,5.7422412737799196,2017-2024,Other (122)
2024,Albany,122,32.36228762777661,2017-2024,Other (122)
2024,Allegany,122,15.9315050348083,2017-2024,Other (122)
2024,Cattaraugus,122,16.42200894753728,2017-2024,Other (122)
2024,Cayuga,122,27.913365531026137,2017-2024,Other (122)
2024,Chautauqua,122,16.66156272797111,2017-2024,Other (122)
2024,Chemung,122,3.64213417616073,2017-2024,Other (122)
2024,Clinton,122,44.41732719356844,2017-2024,Other (122)
2024,Columbia,122,10.221442748326119,2017-2024,Other (122)
2024,Delaware,122,6.9640857933778,2017-2024,Other (122)
2024,Dutchess,122,9.792879858524179,2017-2024,Other (122)
2024,Erie,122,202.87240116173024,2017-2024,Other (122)
2024,Franklin,122,14.04037849639881,2017-2024,Other (122)
2024,Fulton,122,15.11306405155884,2017-2024,Other (122)
2024,Genesee,122,14.47744299550661,2017-2024,Other (122)
2024,Greene,122,3.19680156278849,2017-2024,Other (122)
2024,Herkimer,122,6.489319193836231,2017-2024,Other (122)
2024,Jefferson,122,54.79347132497378,2017-2024,Other (122)
2024,Livingston,122,21.638687564824,2017-2024,Other (122)
2024,Madison,122,16.969280727137182,2017-2024,Other (122)
2024,Monroe,122,100.33546850275857,2017-2024,Other (122)
2024,Montgomery,122,10.90601311712666,2017-2024,Other (122)
2024,Niagara,122,260.17370097628145,2017-2024,Other (122)
2024,Oneida,122,20.75513152265925,2017-2024,Other (122)
2024,Onondaga,122,86.79984756825803,2017-2024,Other (122)
2024,Ontario,122,44.247503826208174,2017-2024,Other (122)
2024,Orange,122,292.26474930233735,2017-2024,Other (122)
2024,Orleans,122,32.59864128266031,2017-2024,Other (122)
2024,Oswego,122,36.99374854059462,2017-2024,Other (122)
2024,Rensselaer,122,70.03028592887662,2017-2024,Other (122)
2024,Saratoga,122,98.82919491806204,2017-2024,Other (122)
2024,Schoharie,122,10.04198601397713,2017-2024,Other (122)
2024,Seneca,122,37.44471477453956,2017-2024,Other (122)
2024,St. Lawrence,122,57.990412996011514,2017-2024,Other (122)
2024,Steuben,122,14.2302730912863,2017-2024,Other (122)
2024,Suffolk,122,161.34025957200004,2017-2024,Other (122)
2024,Tioga,122,9.19080753288552,2017-2024,Other (122)
2024,Tompkins,122,8.31057038743799,2017-2024,Other (122)
2024,Ulster,122,75.97050080728035,2017-2024,Other (122)
2024,Washington,122,9.09639213294685,2017-2024,Other (122)
2024,Wayne,122,18.322409530634758,2017-2024,Other (122)
2024,Wyoming,122,10.29164816119529,2017-2024,Other (122)
2008,Albany,123,5.833562731350052,2008-2015,Other (123)
2008,Broome,123,29.893526180742395,2008-2015,Other (123)
2008,Cattaraugus,123,14.960004622806157,2008-2015,Other (123)
2008,Chautauqua,123,21.62105637960392,2008-2015,Other (123)
2008,Chemung,123,8.537309249283156,2008-2015,Other (123)
2008,Clinton,123,17.245985041285596,2008-2015,Other (123)
2008,Dutchess,123,6.112015601820101,2008-2015,Other (123)
2008,Erie,123,63.43301196470868,2008-2015,Other (123)
2008,Franklin,123,7.4982613699783265,2008-2015,Other (123)
2008,Genesee,123,16.317676051602977,2008-2015,Other (123)
2008,Herkimer,123,3.2676647525836144,2008-2015,Other (123)
2008,Jefferson,123,6.330592973489667,2008-2015,Other (123)
2008,Livingston,123,10.3845377841238,2008-2015,Other (123)
2008,Monroe,123,18.269420361884194,2008-2015,Other (123)
2008,Niagara,123,29.97515183124571,2008-2015,Other (123)
2008,Oneida,123,5.836282071895164,2008-2015,Other (123)
2008,Onondaga,123,26.455669599674707,2008-2015,Other (123)
2008,Ontario,123,9.584036543123236,2008-2015,Other (123)
2008,Orange,123,3.441949471651711,2008-2015,Other (123)
2008,Otsego,123,5.138743698775334,2008-2015,Other (123)
2008,Putnam,123,3.1468354780593226,2008-2015,Other (123)
2008,Rensselaer,123,5.942976718285573,2008-2015,Other (123)
2008,Saratoga,123,7.588926446219411,2008-2015,Other (123)
2008,Schenectady,123,12.195943563484374,2008-2015,Other (123)
2008,St. Lawrence,123,6.618494556684057,2008-2015,Other (123)
2008,Suffolk,123,6.831948876363335,2008-2015,Other (123)
2008,Tioga,123,15.098174164557184,2008-2015,Other (123)
2008,Ulster,123,3.257633740380978,2008-2015,Other (123)
2008,Washington,123,33.60712784184343,2008-2015,Other (123)
2008,Yates,123,3.85622159215607,2008-2015,Other (123)
2009,Albany,123,5.833562731350052,2008-2015,Other (123)
2009,Allegany,123,3.9278638021872676,2008-2015,Other (123)
2009,Broome,123,26.864933831873273,2008-2015,Other (123)
2009,Cattaraugus,123,5.729929597545733,2008-2015,Other (123)
2009,Chautauqua,123,21.62105637960392,2008-2015,Other (123)
2009,Chemung,123,16.77379762517486,2008-2015,Other (123)
2009,Clinton,123,2.75724389755113,2008-2015,Other (123)
2009,Dutchess,123,6.112015601820101,2008-2015,Other (123)
2009,Erie,123,69.70407053016851,2008-2015,Other (123)
2009,Franklin,123,7.4982613699783265,2008-2015,Other (123)
2009,Genesee,123,25.08183076992439,2008-2015,Other (123)
2009,Greene,123,13.643313923067776,2008-2015,Other (123)
2009,Herkimer,123,6.568584512514018,2008-2015,Other (123)
2009,Jefferson,123,9.148530730820742,2008-2015,Other (123)
2009,Livingston,123,10.350869742578798,2008-2015,Other (123)
2009,Monroe,123,21.00534216138197,2008-2015,Other (123)
2009,Montgomery,123,4.999290331739639,2008-2015,Other (123)
2009,Niagara,123,24.676116444554445,2008-2015,Other (123)
2009,Onondaga,123,42.66232730889993,2008-2015,Other (123)
2009,Ontario,123,2.916792219781272,2008-2015,Other (123)
2009,Orange,123,31.065960471924218,2008-2015,Other (123)
2009,Orleans,123,2.6285280788069985,2008-2015,Other (123)
2009,Otsego,123,13.708189292419503,2008-2015,Other (123)
2009,Putnam,123,3.1468354780593226,2008-2015,Other (123)
2009,Saratoga,123,12.374227474707212,2008-2015,Other (123)
2009,Schenectady,123,12.195943563484374,2008-2015,Other (123)
2009,Schoharie,123,4.159531138538082,2008-2015,Other (123)
2009,Seneca,123,9.788123468766246,2008-2015,Other (123)
2009,St. Lawrence,123,4.387683805661112,2008-2015,Other (123)
2009,Suffolk,123,3.7176222231913116,2008-2015,Other (123)
2009,Tioga,123,15.098174164557184,2008-2015,Other (123)
2009,Warren,123,3.404474555097055,2008-2015,Other (123)
2009,Washington,123,10.131749415362563,2008-2015,Other (123)
2009,Yates,123,3.85622159215607,2008-2015,Other (123)
2010,Albany,123,5.833562731350052,2008-2015,Other (123)
2010,Broome,123,2.89163221484308,2008-2015,Other (123)
2010,Dutchess,123,18.78410115804011,2008-2015,Other (123)
2010,Erie,123,37.89409588309937,2008-2015,Other (123)
2010,Greene,123,4.598595144810511,2008-2015,Other (123)
2010,Madison,123,5.039928901535157,2008-2015,Other (123)
2010,Niagara,123,5.875035139430026,2008-2015,Other (123)
2010,Ontario,123,2.916792219781272,2008-2015,Other (123)
2010,Saratoga,123,2.952616170026489,2008-2015,Other (123)
2010,Washington,123,13.179843349985166,2008-2015,Other (123)
2010,Yates,123,3.85622159215607,2008-2015,Other (123)
2011,Albany,123,5.833562731350052,2008-2015,Other (123)
2011,Broome,123,23.761372097509405,2008-2015,Other (123)
2011,Cattaraugus,123,5.729929597545733,2008-2015,Other (123)
2011,Chautauqua,123,21.62105637960392,2008-2015,Other (123)
2011,Chemung,123,16.77379762517486,2008-2015,Other (123)
2011,Clinton,123,2.75724389755113,2008-2015,Other (123)
2011,Dutchess,123,21.319558774496667,2008-2015,Other (123)
2011,Erie,123,33.87860472550776,2008-2015,Other (123)
2011,Franklin,123,7.4982613699783265,2008-2015,Other (123)
2011,Genesee,123,16.317676051602977,2008-2015,Other (123)
2011,Greene,123,4.598595144810511,2008-2015,Other (123)
2011,Jefferson,123,6.330592973489667,2008-2015,Other (123)
2011,Livingston,123,7.372788700522494,2008-2015,Other (123)
2011,Monroe,123,22.138796383331144,2008-2015,Other (123)
2011,Niagara,123,15.120527104604584,2008-2015,Other (123)
2011,Oneida,123,4.080187535323574,2008-2015,Other (123)
2011,Onondaga,123,16.22726287867465,2008-2015,Other (123)
2011,Ontario,123,6.667244323341964,2008-2015,Other (123)
2011,Orange,123,7.441725625176596,2008-2015,Other (123)
2011,Putnam,123,3.1468354780593226,2008-2015,Other (123)
2011,Saratoga,123,4.581691834400287,2008-2015,Other (123)
2011,Schenectady,123,12.195943563484374,2008-2015,Other (123)
2011,St. Lawrence,123,3.669543276259786,2008-2015,Other (123)
2011,Suffolk,123,9.623423708709318,2008-2015,Other (123)
2011,Tioga,123,15.098174164557184,2008-2015,Other (123)
2011,Washington,123,39.06466080225799,2008-2015,Other (123)
2011,Yates,123,7.390107650349139,2008-2015,Other (123)
2012,Albany,123,5.833562731350052,2008-2015,Other (123)
2012,Broome,123,23.761372097509405,2008-2015,Other (123)
2012,Cattaraugus,123,5.729929597545733,2008-2015,Other (123)
2012,Chautauqua,123,15.578394073260151,2008-2015,Other (123)
2012,Chemung,123,16.77379762517486,2008-2015,Other (123)
2012,Clinton,123,2.75724389755113,2008-2015,Other (123)
2012,Dutchess,123,2.5354576164565583,2008-2015,Other (123)
2012,Erie,123,37.47849015458975,2008-2015,Other (123)
2012,Franklin,123,7.4982613699783265,2008-2015,Other (123)
2012,Genesee,123,21.679912260420718,2008-2015,Other (123)
2012,Greene,123,17.79285594328018,2008-2015,Other (123)
2012,Jefferson,123,3.074691044559779,2008-2015,Other (123)
2012,Livingston,123,10.3845377841238,2008-2015,Other (123)
2012,Monroe,123,18.269420361884194,2008-2015,Other (123)
2012,Niagara,123,3.385405291064948,2008-2015,Other (123)
2012,Oneida,123,5.836282071895164,2008-2015,Other (123)
2012,Onondaga,123,27.46302130474977,2008-2015,Other (123)
2012,Ontario,123,2.916792219781272,2008-2015,Other (123)
2012,Oswego,123,3.3794644090983863,2008-2015,Other (123)
2012,Otsego,123,5.138743698775334,2008-2015,Other (123)
2012,Putnam,123,3.1468354780593226,2008-2015,Other (123)
2012,Saratoga,123,7.588926446219411,2008-2015,Other (123)
2012,Schenectady,123,12.195943563484374,2008-2015,Other (123)
2012,Suffolk,123,3.7176222231913116,2008-2015,Other (123)
2012,Tioga,123,15.098174164557184,2008-2015,Other (123)
2012,Washington,123,48.362955208129875,2008-2015,Other (123)
2012,Yates,123,3.5338860581930693,2008-2015,Other (123)
2013,Albany,123,5.833562731350052,2008-2015,Other (123)
2013,Broome,123,22.237610183303254,2008-2015,Other (123)
2013,Chautauqua,123,21.62105637960392,2008-2015,Other (123)
2013,Chemung,123,16.77379762517486,2008-2015,Other (123)
2013,Clinton,123,2.75724389755113,2008-2015,Other (123)
2013,Dutchess,123,22.36065914340365,2008-2015,Other (123)
2013,Franklin,123,7.4982613699783265,2008-2015,Other (123)
2013,Genesee,123,16.317676051602977,2008-2015,Other (123)
2013,Greene,123,4.598595144810511,2008-2015,Other (123)
2013,Jefferson,123,9.148530730820742,2008-2015,Other (123)
2013,Livingston,123,7.372788700522494,2008-2015,Other (123)
2013,Monroe,123,18.269420361884194,2008-2015,Other (123)
2013,Niagara,123,7.517968549625026,2008-2015,Other (123)
2013,Oneida,123,5.836282071895164,2008-2015,Other (123)
2013,Onondaga,123,23.203840971077025,2008-2015,Other (123)
2013,Ontario,123,2.916792219781272,2008-2015,Other (123)
2013,Orange,123,14.186897601666796,2008-2015,Other (123)
2013,Otsego,123,5.138743698775334,2008-2015,Other (123)
2013,Putnam,123,3.1468354780593226,2008-2015,Other (123)
2013,Saratoga,123,3.008896015659841,2008-2015,Other (123)
2013,Schenectady,123,12.195943563484374,2008-2015,Other (123)
2013,St. Lawrence,123,3.669543276259786,2008-2015,Other (123)
2013,Tioga,123,15.098174164557184,2008-2015,Other (123)
2013,Washington,123,12.346388340494492,2008-2015,Other (123)
2014,Albany,123,12.605254043746317,2008-2015,Other (123)
2014,Allegany,123,39.97503966059309,2008-2015,Other (123)
2014,Broome,123,25.525942478520715,2008-2015,Other (123)
2014,Cattaraugus,123,40.12636206724286,2008-2015,Other (123)
2014,Cayuga,123,38.25451393636219,2008-2015,Other (123)
2014,Chautauqua,123,58.53598016882736,2008-2015,Other (123)
2014,Chemung,123,13.514128444177059,2008-2015,Other (123)
2014,Chenango,123,37.3144950890311,2008-2015,Other (123)
2014,Clinton,123,79.60807520538664,2008-2015,Other (123)
2014,Columbia,123,11.952239027177178,2008-2015,Other (123)
2014,Cortland,123,6.10154869929648,2008-2015,Other (123)
2014,Delaware,123,20.334237922219177,2008-2015,Other (123)
2014,Dutchess,123,24.011758170296105,2008-2015,Other (123)
2014,Erie,123,87.35792756027105,2008-2015,Other (123)
2014,Essex,123,2.9482750229290415,2008-2015,Other (123)
2014,Franklin,123,26.711640928641337,2008-2015,Other (123)
2014,Fulton,123,13.611686628508782,2008-2015,Other (123)
2014,Genesee,123,36.307470951518795,2008-2015,Other (123)
2014,Greene,123,6.083765958711638,2008-2015,Other (123)
2014,Herkimer,123,33.984393201401076,2008-2015,Other (123)
2014,Jefferson,123,59.566262596206926,2008-2015,Other (123)
2014,Lewis,123,4.345325492378588,2008-2015,Other (123)
2014,Livingston,123,15.423102476022919,2008-2015,Other (123)
2014,Madison,123,15.083704094433351,2008-2015,Other (123)
2014,Monroe,123,149.16224813344948,2008-2015,Other (123)
2014,Montgomery,123,26.10307924152361,2008-2015,Other (123)
2014,Niagara,123,116.63670987147624,2008-2015,Other (123)
2014,Oneida,123,49.33199072492413,2008-2015,Other (123)
2014,Onondaga,123,58.702708511760584,2008-2015,Other (123)
2014,Ontario,123,60.133281936199765,2008-2015,Other (123)
2014,Orange,123,110.67642329401254,2008-2015,Other (123)
2014,Orleans,123,27.837478257285284,2008-2015,Other (123)
2014,Oswego,123,23.561627717271868,2008-2015,Other (123)
2014,Otsego,123,31.00493147913909,2008-2015,Other (123)
2014,Putnam,123,6.408271949292974,2008-2015,Other (123)
2014,Rensselaer,123,16.549747662702494,2008-2015,Other (123)
2014,Saratoga,123,50.52084366513586,2008-2015,Other (123)
2014,Schenectady,123,27.736239282134562,2008-2015,Other (123)
2014,Schoharie,123,16.02576378742746,2008-2015,Other (123)
2014,Schuyler,123,3.11426679234289,2008-2015,Other (123)
2014,St. Lawrence,123,67.7326249888518,2008-2015,Other (123)
2014,Steuben,123,68.73883524084032,2008-2015,Other (123)
2014,Suffolk,123,10.846231273709819,2008-2015,Other (123)
2014,Sullivan,123,13.406940464096927,2008-2015,Other (123)
2014,Tioga,123,5.351214947925856,2008-2015,Other (123)
2014,Tompkins,123,7.365829092331218,2008-2015,Other (123)
2014,Ulster,123,39.3652718556046,2008-2015,Other (123)
2014,Warren,123,7.431848299606619,2008-2015,Other (123)
2014,Washington,123,10.482755737284382,2008-2015,Other (123)
2014,Wayne,123,43.69641894779893,2008-2015,Other (123)
2014,Wyoming,123,17.73082861885746,2008-2015,Other (123)
2014,Yates,123,13.27964561523508,2008-2015,Other (123)
2015,Albany,123,5.81224621111399,2008-2015,Other (123)
2015,Allegany,123,5.19916436485697,2008-2015,Other (123)
2015,Broome,123,51.38484269099835,2008-2015,Other (123)
2015,Cattaraugus,123,21.988770315575664,2008-2015,Other (123)
2015,Cayuga,123,3.0477243922921806,2008-2015,Other (123)
2015,Chautauqua,123,46.4948560861688,2008-2015,Other (123)
2015,Chemung,123,10.735263807436764,2008-2015,Other (123)
2015,Chenango,123,8.9747205787196,2008-2015,Other (123)
2015,Clinton,123,29.415812943501585,2008-2015,Other (123)
2015,Columbia,123,7.722732534697392,2008-2015,Other (123)
2015,Delaware,123,6.374990866494736,2008-2015,Other (123)
2015,Dutchess,123,5.091617093213905,2008-2015,Other (123)
2015,Erie,123,71.09037492011483,2008-2015,Other (123)
2015,Essex,123,2.9482750229290415,2008-2015,Other (123)
2015,Franklin,123,11.375752847698497,2008-2015,Other (123)
2015,Fulton,123,2.934945935613474,2008-2015,Other (123)
2015,Genesee,123,46.66111429670383,2008-2015,Other (123)
2015,Greene,123,6.791709941010733,2008-2015,Other (123)
2015,Herkimer,123,6.177817145909295,2008-2015,Other (123)
2015,Jefferson,123,38.3825841300565,2008-2015,Other (123)
2015,Lewis,123,4.345325492378588,2008-2015,Other (123)
2015,Livingston,123,7.372788700522494,2008-2015,Other (123)
2015,Madison,123,7.305419287887265,2008-2015,Other (123)
2015,Monroe,123,132.95117595513372,2008-2015,Other (123)
2015,Niagara,123,49.61259169324134,2008-2015,Other (123)
2015,Oneida,123,48.318120564613984,2008-2015,Other (123)
2015,Onondaga,123,54.47731469979782,2008-2015,Other (123)
2015,Ontario,123,43.94623537115725,2008-2015,Other (123)
2015,Orange,123,71.68886176341698,2008-2015,Other (123)
2015,Orleans,123,15.77679634133904,2008-2015,Other (123)
2015,Oswego,123,10.719191100982833,2008-2015,Other (123)
2015,Otsego,123,2.872090587762392,2008-2015,Other (123)
2015,Putnam,123,6.408271949292974,2008-2015,Other (123)
2015,Saratoga,123,29.41644724945237,2008-2015,Other (123)
2015,Schenectady,123,9.09133895168695,2008-2015,Other (123)
2015,Schoharie,123,4.159531138538082,2008-2015,Other (123)
2015,St. Lawrence,123,41.49347870288199,2008-2015,Other (123)
2015,Steuben,123,35.46959385437476,2008-2015,Other (123)
2015,Suffolk,123,11.024102960123813,2008-2015,Other (123)
2015,Sullivan,123,17.13501229143637,2008-2015,Other (123)
2015,Tioga,123,5.351214947925856,2008-2015,Other (123)
2015,Tompkins,123,3.052761091937787,2008-2015,Other (123)
2015,Ulster,123,12.899416940073689,2008-2015,Other (123)
2015,Warren,123,8.266439251754715,2008-2015,Other (123)
2015,Washington,123,22.31474410877521,2008-2015,Other (123)
2015,Wayne,123,31.187670009235692,2008-2015,Other (123)
2015,Wyoming,123,3.173732078607133,2008-2015,Other (123)
2015,Yates,123,7.774979056673201,2008-2015,Other (123)
2016,Albany,123,2.7621749839477903,2016-Bridge,Other (123)
2016,Allegany,123,2.592319740512919,2016-Bridge,Other (123)
2016,Broome,123,34.37835793269613,2016-Bridge,Other (123)
2016,Cattaraugus,123,5.729952517332882,2016-Bridge,Other (123)
2016,Chautauqua,123,36.76603524262455,2016-Bridge,Other (123)
2016,Chenango,123,5.482603212162582,2016-Bridge,Other (123)
2016,Clinton,123,20.58507129091746,2016-Bridge,Other (123)
2016,Columbia,123,7.46082339901881,2016-Bridge,Other (123)
2016,Cortland,123,3.7104502719791004,2016-Bridge,Other (123)
2016,Delaware,123,2.3227746777958718,2016-Bridge,Other (123)
2016,Dutchess,123,6.965101294724212,2016-Bridge,Other (123)
2016,Erie,123,24.693383565686993,2016-Bridge,Other (123)
2016,Franklin,123,7.010600502493419,2016-Bridge,Other (123)
2016,Fulton,123,2.9349581544161487,2016-Bridge,Other (123)
2016,Genesee,123,16.046609606125884,2016-Bridge,Other (123)
2016,Greene,123,6.179251355520143,2016-Bridge,Other (123)
2016,Jefferson,123,25.279340670093575,2016-Bridge,Other (123)
2016,Lewis,123,4.166888350689619,2016-Bridge,Other (123)
2016,Livingston,123,14.77146999492992,2016-Bridge,Other (123)
2016,Madison,123,5.108312714768531,2016-Bridge,Other (123)
2016,Monroe,123,72.61971691617237,2016-Bridge,Other (123)
2016,Montgomery,123,15.50028699041355,2016-Bridge,Other (123)
2016,Niagara,123,40.382663087870796,2016-Bridge,Other (123)
2016,Oneida,123,7.352294837781249,2016-Bridge,Other (123)
2016,Onondaga,123,46.952262665518184,2016-Bridge,Other (123)
2016,Ontario,123,31.22764431922721,2016-Bridge,Other (123)
2016,Orange,123,66.2062152662287,2016-Bridge,Other (123)
2016,Oswego,123,5.487549961587672,2016-Bridge,Other (123)
2016,Otsego,123,5.476071035913266,2016-Bridge,Other (123)
2016,Putnam,123,3.1468480654389968,2016-Bridge,Other (123)
2016,Rensselaer,123,5.214936403832117,2016-Bridge,Other (123)
2016,Saratoga,123,34.111255525334805,2016-Bridge,Other (123)
2016,Schenectady,123,16.37768550816475,2016-Bridge,Other (123)
2016,St. Lawrence,123,19.0650104971646,2016-Bridge,Other (123)
2016,Steuben,123,16.25383441744595,2016-Bridge,Other (123)
2016,Suffolk,123,18.69485781883572,2016-Bridge,Other (123)
2016,Sullivan,123,18.794099465156812,2016-Bridge,Other (123)
2016,Tioga,123,12.867210869555445,2016-Bridge,Other (123)
2016,Ulster,123,21.443238608518257,2016-Bridge,Other (123)
2016,Warren,123,3.6440584778152982,2016-Bridge,Other (123)
2016,Washington,123,18.138578037753984,2016-Bridge,Other (123)
2016,Wayne,123,19.44250294329713,2016-Bridge,Other (123)
2017,Chautauqua,123,6.85581784096507,2017-2024,Other (123)
2017,Niagara,123,5.13146354241405,2017-2024,Other (123)
2017,Orange,123,2.72723818977929,2017-2024,Other (123)
2017,Orleans,123,3.55003048115883,2017-2024,Other (123)
2017,Washington,123,9.57760937090026,2017-2024,Other (123)
2018,Chautauqua,123,3.78368832095062,2017-2024,Other (123)
2018,Erie,123,4.13945341400442,2017-2024,Other (123)
2018,Niagara,123,5.13146354241405,2017-2024,Other (123)
2018,Orange,123,2.72723818977929,2017-2024,Other (123)
2018,Rensselaer,123,11.4188626663916,2017-2024,Other (123)
2018,Steuben,123,4.34033228838385,2017-2024,Other (123)
2019,Albany,123,24.60092010003543,2017-2024,Other (123)
2019,Allegany,123,13.05856933297432,2017-2024,Other (123)
2019,Cattaraugus,123,16.69082620070712,2017-2024,Other (123)
2019,Cayuga,123,28.39509922027582,2017-2024,Other (123)
2019,Chautauqua,123,6.8443400154760194,2017-2024,Other (123)
2019,Chemung,123,12.51029312056548,2017-2024,Other (123)
2019,Chenango,123,10.6716850070623,2017-2024,Other (123)
2019,Clinton,123,30.62431934042019,2017-2024,Other (123)
2019,Columbia,123,30.931907342307,2017-2024,Other (123)
2019,Cortland,123,8.56622315975278,2017-2024,Other (123)
2019,Delaware,123,6.63512734942874,2017-2024,Other (123)
2019,Dutchess,123,2.85376729729032,2017-2024,Other (123)
2019,Erie,123,69.17481464782502,2017-2024,Other (123)
2019,Franklin,123,20.43625542445126,2017-2024,Other (123)
2019,Fulton,123,27.30774285238602,2017-2024,Other (123)
2019,Genesee,123,16.666498241592578,2017-2024,Other (123)
2019,Herkimer,123,3.45680892509141,2017-2024,Other (123)
2019,Jefferson,123,3.77797004679963,2017-2024,Other (123)
2019,Madison,123,3.08488644246172,2017-2024,Other (123)
2019,Monroe,123,14.70334966841927,2017-2024,Other (123)
2019,Montgomery,123,2.68587225968644,2017-2024,Other (123)
2019,Niagara,123,35.389928099511536,2017-2024,Other (123)
2019,Oneida,123,23.260061602304962,2017-2024,Other (123)
2019,Onondaga,123,41.936791173613905,2017-2024,Other (123)
2019,Ontario,123,37.52466827005729,2017-2024,Other (123)
2019,Orange,123,23.11314894543462,2017-2024,Other (123)
2019,Otsego,123,14.99445557956202,2017-2024,Other (123)
2019,Rensselaer,123,32.55119919162839,2017-2024,Other (123)
2019,Saratoga,123,17.785485206772748,2017-2024,Other (123)
2019,Schenectady,123,2.75244935760392,2017-2024,Other (123)
2019,Schoharie,123,11.92214329334983,2017-2024,Other (123)
2019,St. Lawrence,123,51.75527499803165,2017-2024,Other (123)
2019,Steuben,123,31.74817396851244,2017-2024,Other (123)
2019,Suffolk,123,3.93635591757118,2017-2024,Other (123)
2019,Sullivan,123,8.47215145786289,2017-2024,Other (123)
2019,Tioga,123,13.71849236977563,2017-2024,Other (123)
2019,Tompkins,123,4.72204184406658,2017-2024,Other (123)
2019,Warren,123,2.73056828954629,2017-2024,Other (123)
2019,Washington,123,17.38626604082605,2017-2024,Other (123)
2019,Wayne,123,2.77218696829927,2017-2024,Other (123)
2019,Wyoming,123,34.18592232618964,2017-2024,Other (123)
2020,Albany,123,24.60092010003543,2017-2024,Other (123)
2020,Allegany,123,13.05856933297432,2017-2024,Other (123)
2020,Cattaraugus,123,16.69082620070712,2017-2024,Other (123)
2020,Cayuga,123,37.80155461316621,2017-2024,Other (123)
2020,Chautauqua,123,10.251633242322299,2017-2024,Other (123)
2020,Chemung,123,6.04753615061852,2017-2024,Other (123)
2020,Clinton,123,30.62431934042019,2017-2024,Other (123)
2020,Columbia,123,30.931907342307,2017-2024,Other (123)
2020,Cortland,123,8.56622315975278,2017-2024,Other (123)
2020,Delaware,123,6.63512734942874,2017-2024,Other (123)
2020,Dutchess,123,2.85376729729032,2017-2024,Other (123)
2020,Erie,123,89.64685105455378,2017-2024,Other (123)
2020,Franklin,123,20.43625542445126,2017-2024,Other (123)
2020,Fulton,123,27.30774285238602,2017-2024,Other (123)
2020,Genesee,123,20.59919728264632,2017-2024,Other (123)
2020,Herkimer,123,3.45680892509141,2017-2024,Other (123)
2020,Jefferson,123,9.31925383466946,2017-2024,Other (123)
2020,Livingston,123,7.74214041250204,2017-2024,Other (123)
2020,Madison,123,21.22829343640412,2017-2024,Other (123)
2020,Monroe,123,25.33679103575627,2017-2024,Other (123)
2020,Montgomery,123,2.68587225968644,2017-2024,Other (123)
2020,Niagara,123,27.9706003606236,2017-2024,Other (123)
2020,Oneida,123,11.67202268055706,2017-2024,Other (123)
2020,Onondaga,123,41.936791173613905,2017-2024,Other (123)
2020,Ontario,123,18.92355121573039,2017-2024,Other (123)
2020,Orange,123,23.11314894543462,2017-2024,Other (123)
2020,Orleans,123,2.64066075793762,2017-2024,Other (123)
2020,Oswego,123,11.8382516916655,2017-2024,Other (123)
2020,Otsego,123,14.99445557956202,2017-2024,Other (123)
2020,Rensselaer,123,24.88410179589706,2017-2024,Other (123)
2020,Saratoga,123,23.12976449313542,2017-2024,Other (123)
2020,Schenectady,123,2.75244935760392,2017-2024,Other (123)
2020,Schoharie,123,11.92214329334983,2017-2024,Other (123)
2020,St. Lawrence,123,45.3406748616694,2017-2024,Other (123)
2020,Steuben,123,28.49028604060822,2017-2024,Other (123)
2020,Suffolk,123,3.93635591757118,2017-2024,Other (123)
2020,Tioga,123,13.71849236977563,2017-2024,Other (123)
2020,Warren,123,2.73056828954629,2017-2024,Other (123)
2020,Washington,123,17.38626604082605,2017-2024,Other (123)
2020,Wayne,123,2.77218696829927,2017-2024,Other (123)
2020,Wyoming,123,34.18592232618964,2017-2024,Other (123)
2021,Albany,123,56.58012150499448,2017-2024,Other (123)
2021,Allegany,123,54.85716161239322,2017-2024,Other (123)
2021,Broome,123,2.67210147208732,2017-2024,Other (123)
2021,Cattaraugus,123,50.327489435445855,2017-2024,Other (123)
2021,Cayuga,123,23.51191280953336,2017-2024,Other (123)
2021,Chautauqua,123,43.26185492357734,2017-2024,Other (123)
2021,Chemung,123,3.64213417616073,2017-2024,Other (123)
2021,Chenango,123,28.505313488496412,2017-2024,Other (123)
2021,Clinton,123,52.44838368782898,2017-2024,Other (123)
2021,Columbia,123,36.24912831507467,2017-2024,Other (123)
2021,Delaware,123,9.714435460116631,2017-2024,Other (123)
2021,Dutchess,123,12.32894854397389,2017-2024,Other (123)
2021,Erie,123,115.74839066633278,2017-2024,Other (123)
2021,Franklin,123,28.84350463885121,2017-2024,Other (123)
2021,Fulton,123,3.24202887228516,2017-2024,Other (123)
2021,Genesee,123,45.41307408327849,2017-2024,Other (123)
2021,Herkimer,123,6.733027401710039,2017-2024,Other (123)
2021,Jefferson,123,28.73221483072616,2017-2024,Other (123)
2021,Livingston,123,24.34500267977047,2017-2024,Other (123)
2021,Madison,123,6.493529939350781,2017-2024,Other (123)
2021,Monroe,123,72.78529066018947,2017-2024,Other (123)
2021,Montgomery,123,15.705781006608039,2017-2024,Other (123)
2021,Niagara,123,69.1328208941079,2017-2024,Other (123)
2021,Oneida,123,34.10113082558454,2017-2024,Other (123)
2021,Onondaga,123,58.27203303266834,2017-2024,Other (123)
2021,Ontario,123,62.5159990983052,2017-2024,Other (123)
2021,Orange,123,39.58688507073555,2017-2024,Other (123)
2021,Otsego,123,18.91795924108201,2017-2024,Other (123)
2021,Rensselaer,123,31.00229664725287,2017-2024,Other (123)
2021,Saratoga,123,60.19520656446822,2017-2024,Other (123)
2021,Schenectady,123,11.79476769523243,2017-2024,Other (123)
2021,Schoharie,123,7.858506163952921,2017-2024,Other (123)
2021,St. Lawrence,123,91.19763405136877,2017-2024,Other (123)
2021,Steuben,123,54.72549579737955,2017-2024,Other (123)
2021,Suffolk,123,8.36769804898621,2017-2024,Other (123)
2021,Sullivan,123,3.16694458954292,2017-2024,Other (123)
2021,Tioga,123,17.90210305238454,2017-2024,Other (123)
2021,Tompkins,123,7.75223196130089,2017-2024,Other (123)
2021,Ulster,123,3.66417203876374,2017-2024,Other (123)
2021,Warren,123,2.73056828954629,2017-2024,Other (123)
2021,Washington,123,29.49160450503388,2017-2024,Other (123)
2021,Wayne,123,2.77218696829927,2017-2024,Other (123)
2021,Wyoming,123,54.76244973723608,2017-2024,Other (123)
2021,Yates,123,3.99613616229952,2017-2024,Other (123)
2022,Albany,123,36.31269099474158,2017-2024,Other (123)
2022,Allegany,123,54.85716161239322,2017-2024,Other (123)
2022,Broome,123,2.67210147208732,2017-2024,Other (123)
2022,Cattaraugus,123,53.11267310509411,2017-2024,Other (123)
2022,Cayuga,123,30.3789263251129,2017-2024,Other (123)
2022,Chautauqua,123,34.10397977034451,2017-2024,Other (123)
2022,Chemung,123,3.64213417616073,2017-2024,Other (123)
2022,Chenango,123,31.80838076077729,2017-2024,Other (123)
2022,Clinton,123,55.89244410898874,2017-2024,Other (123)
2022,Columbia,123,40.15724469139573,2017-2024,Other (123)
2022,Delaware,123,9.714435460116631,2017-2024,Other (123)
2022,Dutchess,123,2.85376729729032,2017-2024,Other (123)
2022,Erie,123,115.74839066633278,2017-2024,Other (123)
2022,Franklin,123,28.84350463885121,2017-2024,Other (123)
2022,Fulton,123,3.24202887228516,2017-2024,Other (123)
2022,Genesee,123,42.79322384184797,2017-2024,Other (123)
2022,Herkimer,123,6.177734746807889,2017-2024,Other (123)
2022,Jefferson,123,35.72505972095206,2017-2024,Other (123)
2022,Livingston,123,19.74676698907313,2017-2024,Other (123)
2022,Madison,123,6.493529939350781,2017-2024,Other (123)
2022,Monroe,123,83.62126070319788,2017-2024,Other (123)
2022,Montgomery,123,15.705781006608039,2017-2024,Other (123)
2022,Niagara,123,79.56490957359149,2017-2024,Other (123)
2022,Oneida,123,26.13186230451054,2017-2024,Other (123)
2022,Onondaga,123,54.81037948327143,2017-2024,Other (123)
2022,Ontario,123,65.12999422107706,2017-2024,Other (123)
2022,Orange,123,42.47252542955577,2017-2024,Other (123)
2022,Otsego,123,14.99445557956202,2017-2024,Other (123)
2022,Rensselaer,123,38.63059596333383,2017-2024,Other (123)
2022,Saratoga,123,54.85092727810555,2017-2024,Other (123)
2022,Schenectady,123,11.79476769523243,2017-2024,Other (123)
2022,Schoharie,123,7.858506163952921,2017-2024,Other (123)
2022,St. Lawrence,123,91.19763405136877,2017-2024,Other (123)
2022,Steuben,123,57.775567213248905,2017-2024,Other (123)
2022,Suffolk,123,8.36769804898621,2017-2024,Other (123)
2022,Sullivan,123,3.16694458954292,2017-2024,Other (123)
2022,Tioga,123,17.90210305238454,2017-2024,Other (123)
2022,Tompkins,123,7.75223196130089,2017-2024,Other (123)
2022,Ulster,123,3.66417203876374,2017-2024,Other (123)
2022,Warren,123,2.73056828954629,2017-2024,Other (123)
2022,Washington,123,33.32286729075215,2017-2024,Other (123)
2022,Wayne,123,2.77218696829927,2017-2024,Other (123)
2022,Wyoming,123,51.40278205690694,2017-2024,Other (123)
2022,Yates,123,7.5553669776653,2017-2024,Other (123)
2023,Albany,123,36.31269099474158,2017-2024,Other (123)
2023,Allegany,123,51.673185567016,2017-2024,Other (123)
2023,Broome,123,3.36888597232651,2017-2024,Other (123)
2023,Cattaraugus,123,44.18568580590887,2017-2024,Other (123)
2023,Cayuga,123,33.22719786874427,2017-2024,Other (123)
2023,Chautauqua,123,38.58498009954073,2017-2024,Other (123)
2023,Chemung,123,3.64213417616073,2017-2024,Other (123)
2023,Chenango,123,17.83362848143411,2017-2024,Other (123)
2023,Clinton,123,55.553182333663166,2017-2024,Other (123)
2023,Columbia,123,40.15724469139573,2017-2024,Other (123)
2023,Delaware,123,9.714435460116631,2017-2024,Other (123)
2023,Dutchess,123,2.85376729729032,2017-2024,Other (123)
2023,Erie,123,115.27007650739836,2017-2024,Other (123)
2023,Franklin,123,28.84350463885121,2017-2024,Other (123)
2023,Fulton,123,3.24202887228516,2017-2024,Other (123)
2023,Genesee,123,42.77548889334663,2017-2024,Other (123)
2023,Herkimer,123,3.45680892509141,2017-2024,Other (123)
2023,Jefferson,123,28.07385452330382,2017-2024,Other (123)
2023,Livingston,123,22.77284561938252,2017-2024,Other (123)
2023,Madison,123,3.08488644246172,2017-2024,Other (123)
2023,Monroe,123,98.70325396575288,2017-2024,Other (123)
2023,Montgomery,123,15.705781006608039,2017-2024,Other (123)
2023,Niagara,123,75.6965008540005,2017-2024,Other (123)
2023,Oneida,123,24.82568927060618,2017-2024,Other (123)
2023,Onondaga,123,54.81037948327143,2017-2024,Other (123)
2023,Ontario,123,53.49766299735169,2017-2024,Other (123)
2023,Orange,123,42.47252542955577,2017-2024,Other (123)
2023,Otsego,123,14.99445557956202,2017-2024,Other (123)
2023,Rensselaer,123,28.08734050309297,2017-2024,Other (123)
2023,Saratoga,123,54.26954981161519,2017-2024,Other (123)
2023,Schenectady,123,11.79476769523243,2017-2024,Other (123)
2023,Schoharie,123,4.99469286863766,2017-2024,Other (123)
2023,St. Lawrence,123,91.19763405136877,2017-2024,Other (123)
2023,Steuben,123,54.72549579737955,2017-2024,Other (123)
2023,Suffolk,123,8.36769804898621,2017-2024,Other (123)
2023,Sullivan,123,11.63909604740581,2017-2024,Other (123)
2023,Tioga,123,17.90210305238454,2017-2024,Other (123)
2023,Tompkins,123,7.75223196130089,2017-2024,Other (123)
2023,Ulster,123,3.66417203876374,2017-2024,Other (123)
2023,Warren,123,2.73056828954629,2017-2024,Other (123)
2023,Washington,123,30.09868744721361,2017-2024,Other (123)
2023,Wayne,123,2.77218696829927,2017-2024,Other (123)
2023,Wyoming,123,55.2649933452803,2017-2024,Other (123)
2023,Yates,123,3.99613616229952,2017-2024,Other (123)
2024,Albany,123,29.36361547363692,2017-2024,Other (123)
2024,Allegany,123,22.762767996993702,2017-2024,Other (123)
2024,Broome,123,12.13897669691,2017-2024,Other (123)
2024,Cattaraugus,123,37.90665379959617,2017-2024,Other (123)
2024,Cayuga,123,20.13363312463229,2017-2024,Other (123)
2024,Chautauqua,123,25.40486740057398,2017-2024,Other (123)
2024,Chenango,123,29.1084316540477,2017-2024,Other (123)
2024,Clinton,123,13.41278218225086,2017-2024,Other (123)
2024,Columbia,123,36.24912831507467,2017-2024,Other (123)
2024,Cortland,123,3.48203597766404,2017-2024,Other (123)
2024,Delaware,123,3.4521428155543,2017-2024,Other (123)
2024,Dutchess,123,67.27377163451415,2017-2024,Other (123)
2024,Erie,123,118.06894996550906,2017-2024,Other (123)
2024,Franklin,123,15.51808706028513,2017-2024,Other (123)
2024,Fulton,123,24.06571398010086,2017-2024,Other (123)
2024,Genesee,123,56.433187915253285,2017-2024,Other (123)
2024,Greene,123,5.32995800538112,2017-2024,Other (123)
2024,Herkimer,123,10.87335703328247,2017-2024,Other (123)
2024,Jefferson,123,23.72592559404395,2017-2024,Other (123)
2024,Livingston,123,92.28002388981136,2017-2024,Other (123)
2024,Madison,123,26.82842422260631,2017-2024,Other (123)
2024,Monroe,123,108.78627635906928,2017-2024,Other (123)
2024,Montgomery,123,35.33904655724209,2017-2024,Other (123)
2024,Niagara,123,33.67288012819171,2017-2024,Other (123)
2024,Oneida,123,44.85272743328897,2017-2024,Other (123)
2024,Onondaga,123,71.24952025774628,2017-2024,Other (123)
2024,Ontario,123,92.61754042358852,2017-2024,Other (123)
2024,Orange,123,171.6453284556824,2017-2024,Other (123)
2024,Oswego,123,4.07990491818495,2017-2024,Other (123)
2024,Otsego,123,22.20604360795199,2017-2024,Other (123)
2024,Rensselaer,123,34.24979989221836,2017-2024,Other (123)
2024,Saratoga,123,57.150917166378704,2017-2024,Other (123)
2024,Schenectady,123,24.773195606584572,2017-2024,Other (123)
2024,Schoharie,123,18.65536627645706,2017-2024,Other (123)
2024,Seneca,123,12.704852806590392,2017-2024,Other (123)
2024,St. Lawrence,123,35.24335462128958,2017-2024,Other (123)
2024,Steuben,123,28.56293419588006,2017-2024,Other (123)
2024,Suffolk,123,30.397921630595917,2017-2024,Other (123)
2024,Sullivan,123,13.65603383120057,2017-2024,Other (123)
2024,Tioga,123,3.12467326241806,2017-2024,Other (123)
2024,Tompkins,123,12.71909293257043,2017-2024,Other (123)
2024,Ulster,123,6.27256951702247,2017-2024,Other (123)
2024,Warren,123,6.654751058216959,2017-2024,Other (123)
2024,Washington,123,25.17854316679381,2017-2024,Other (123)
2024,Wayne,123,17.06941978290981,2017-2024,Other (123)
2024,Wyoming,123,40.153239261996774,2017-2024,Other (123)
2008,Albany,124,17.128924199980876,2008-2015,Other (124)
2008,Cattaraugus,124,9.02228256519485,2008-2015,Other (124)
2008,Chenango,124,5.873528506465986,2008-2015,Other (124)
2008,Erie,124,3.4930831380246508,2008-2015,Other (124)
2008,Fulton,124,14.309400760968005,2008-2015,Other (124)
2008,Genesee,124,13.697155104125091,2008-2015,Other (124)
2008,Greene,124,4.598595144810511,2008-2015,Other (124)
2008,Jefferson,124,33.592742727393556,2008-2015,Other (124)
2008,Livingston,124,3.7072865436327462,2008-2015,Other (124)
2008,Monroe,124,22.860951539286532,2008-2015,Other (124)
2008,Montgomery,124,7.051583769288228,2008-2015,Other (124)
2008,Niagara,124,7.496657297363667,2008-2015,Other (124)
2008,Oneida,124,22.21818376961898,2008-2015,Other (124)
2008,Onondaga,124,40.196539296281145,2008-2015,Other (124)
2008,Ontario,124,12.46663703478713,2008-2015,Other (124)
2008,Orange,124,10.122931292117721,2008-2015,Other (124)
2008,Orleans,124,2.8970111091861197,2008-2015,Other (124)
2008,Oswego,124,11.655732664842285,2008-2015,Other (124)
2008,Saratoga,124,2.952616170026489,2008-2015,Other (124)
2008,Suffolk,124,5.9058014855180065,2008-2015,Other (124)
2009,Albany,124,12.460204206221539,2008-2015,Other (124)
2009,Cattaraugus,124,9.02228256519485,2008-2015,Other (124)
2009,Cayuga,124,3.5013864211320787,2008-2015,Other (124)
2009,Chenango,124,3.4050152078387432,2008-2015,Other (124)
2009,Clinton,124,11.566426040700891,2008-2015,Other (124)
2009,Dutchess,124,11.741110959499258,2008-2015,Other (124)
2009,Erie,124,6.155230277754812,2008-2015,Other (124)
2009,Essex,124,7.286743168511568,2008-2015,Other (124)
2009,Fulton,124,21.54333379790696,2008-2015,Other (124)
2009,Genesee,124,10.684501032467963,2008-2015,Other (124)
2009,Greene,124,13.153549522485104,2008-2015,Other (124)
2009,Jefferson,124,36.25080481980541,2008-2015,Other (124)
2009,Livingston,124,3.7072865436327462,2008-2015,Other (124)
2009,Monroe,124,22.860951539286532,2008-2015,Other (124)
2009,Montgomery,124,17.44783744638362,2008-2015,Other (124)
2009,Oneida,124,19.143100826149876,2008-2015,Other (124)
2009,Onondaga,124,23.272860763777253,2008-2015,Other (124)
2009,Ontario,124,5.675515670674763,2008-2015,Other (124)
2009,Orange,124,29.419601284913412,2008-2015,Other (124)
2009,Orleans,124,2.8970111091861197,2008-2015,Other (124)
2009,Oswego,124,11.655732664842285,2008-2015,Other (124)
2009,Saratoga,124,5.7085126464449845,2008-2015,Other (124)
2009,St. Lawrence,124,3.669543276259786,2008-2015,Other (124)
2009,Suffolk,124,5.9058014855180065,2008-2015,Other (124)
2009,Ulster,124,5.554721366869655,2008-2015,Other (124)
2009,Washington,124,17.477942851888425,2008-2015,Other (124)
2009,Wyoming,124,2.944136406033944,2008-2015,Other (124)
2010,Essex,124,2.702698373891705,2008-2015,Other (124)
2010,Fulton,124,14.309400760968005,2008-2015,Other (124)
2010,Wayne,124,2.965191927128996,2008-2015,Other (124)
2011,Albany,124,12.460204206221539,2008-2015,Other (124)
2011,Cattaraugus,124,9.02228256519485,2008-2015,Other (124)
2011,Erie,124,3.4930831380246508,2008-2015,Other (124)
2011,Fulton,124,14.309400760968005,2008-2015,Other (124)
2011,Genesee,124,10.684501032467963,2008-2015,Other (124)
2011,Jefferson,124,33.592742727393556,2008-2015,Other (124)
2011,Livingston,124,3.7072865436327462,2008-2015,Other (124)
2011,Monroe,124,22.860951539286532,2008-2015,Other (124)
2011,Montgomery,124,7.051583769288228,2008-2015,Other (124)
2011,Oneida,124,18.137996234295407,2008-2015,Other (124)
2011,Onondaga,124,35.9373589626084,2008-2015,Other (124)
2011,Ontario,124,12.46663703478713,2008-2015,Other (124)
2011,Orange,124,10.122931292117721,2008-2015,Other (124)
2011,Orleans,124,2.8970111091861197,2008-2015,Other (124)
2011,Oswego,124,8.276268255743899,2008-2015,Other (124)
2012,Albany,124,12.460204206221539,2008-2015,Other (124)
2012,Cattaraugus,124,9.02228256519485,2008-2015,Other (124)
2012,Erie,124,3.4930831380246508,2008-2015,Other (124)
2012,Fulton,124,14.309400760968005,2008-2015,Other (124)
2012,Genesee,124,10.684501032467963,2008-2015,Other (124)
2012,Jefferson,124,33.592742727393556,2008-2015,Other (124)
2012,Livingston,124,3.7072865436327462,2008-2015,Other (124)
2012,Monroe,124,22.860951539286532,2008-2015,Other (124)
2012,Montgomery,124,7.051583769288228,2008-2015,Other (124)
2012,Oneida,124,19.143100826149876,2008-2015,Other (124)
2012,Onondaga,124,35.9373589626084,2008-2015,Other (124)
2012,Ontario,124,12.46663703478713,2008-2015,Other (124)
2012,Orange,124,10.122931292117721,2008-2015,Other (124)
2012,Orleans,124,2.8970111091861197,2008-2015,Other (124)
2012,Oswego,124,8.276268255743899,2008-2015,Other (124)
2012,St. Lawrence,124,3.669543276259786,2008-2015,Other (124)
2012,Suffolk,124,5.9058014855180065,2008-2015,Other (124)
2013,Albany,124,12.460204206221539,2008-2015,Other (124)
2013,Cattaraugus,124,14.752212162740584,2008-2015,Other (124)
2013,Erie,124,3.4930831380246508,2008-2015,Other (124)
2013,Fulton,124,14.309400760968005,2008-2015,Other (124)
2013,Genesee,124,10.684501032467963,2008-2015,Other (124)
2013,Jefferson,124,33.592742727393556,2008-2015,Other (124)
2013,Livingston,124,3.7072865436327462,2008-2015,Other (124)
2013,Monroe,124,22.860951539286532,2008-2015,Other (124)
2013,Montgomery,124,7.051583769288228,2008-2015,Other (124)
2013,Oneida,124,22.21818376961898,2008-2015,Other (124)
2013,Onondaga,124,40.196539296281145,2008-2015,Other (124)
2013,Ontario,124,5.675515670674763,2008-2015,Other (124)
2013,Orange,124,10.122931292117721,2008-2015,Other (124)
2013,Orleans,124,2.8970111091861197,2008-2015,Other (124)
2013,Oswego,124,11.655732664842285,2008-2015,Other (124)
2013,Saratoga,124,2.952616170026489,2008-2015,Other (124)
2013,Suffolk,124,5.9058014855180065,2008-2015,Other (124)
2014,Albany,124,40.77125735153335,2008-2015,Other (124)
2014,Allegany,124,4.671210780484085,2008-2015,Other (124)
2014,Broome,124,8.20484660643906,2008-2015,Other (124)
2014,Cattaraugus,124,15.749915423430755,2008-2015,Other (124)
2014,Cayuga,124,30.261337497789924,2008-2015,Other (124)
2014,Chautauqua,124,13.452159159265074,2008-2015,Other (124)
2014,Chemung,124,48.76211078834257,2008-2015,Other (124)
2014,Chenango,124,11.883255877430065,2008-2015,Other (124)
2014,Clinton,124,28.922858253159767,2008-2015,Other (124)
2014,Columbia,124,2.793204850583076,2008-2015,Other (124)
2014,Cortland,124,19.487959269034846,2008-2015,Other (124)
2014,Delaware,124,3.075318766959698,2008-2015,Other (124)
2014,Dutchess,124,13.410231966843899,2008-2015,Other (124)
2014,Erie,124,77.16159494476085,2008-2015,Other (124)
2014,Franklin,124,18.799675301600885,2008-2015,Other (124)
2014,Fulton,124,28.76071397959938,2008-2015,Other (124)
2014,Genesee,124,82.57504319075458,2008-2015,Other (124)
2014,Greene,124,19.766469473250787,2008-2015,Other (124)
2014,Herkimer,124,14.409979873197061,2008-2015,Other (124)
2014,Jefferson,124,60.71255446412418,2008-2015,Other (124)
2014,Lewis,124,5.13550377474107,2008-2015,Other (124)
2014,Livingston,124,26.142474037104474,2008-2015,Other (124)
2014,Madison,124,11.582299489215632,2008-2015,Other (124)
2014,Monroe,124,61.62118899020874,2008-2015,Other (124)
2014,Montgomery,124,41.073647333228564,2008-2015,Other (124)
2014,Niagara,124,83.93810878472895,2008-2015,Other (124)
2014,Oneida,124,51.67070486052219,2008-2015,Other (124)
2014,Onondaga,124,101.81486525604163,2008-2015,Other (124)
2014,Ontario,124,44.90567211819671,2008-2015,Other (124)
2014,Orange,124,62.11710617379511,2008-2015,Other (124)
2014,Orleans,124,16.62084791596681,2008-2015,Other (124)
2014,Oswego,124,26.51175497466037,2008-2015,Other (124)
2014,Otsego,124,3.469863729868805,2008-2015,Other (124)
2014,Saratoga,124,41.10005247984948,2008-2015,Other (124)
2014,Schoharie,124,23.462702255332655,2008-2015,Other (124)
2014,Seneca,124,12.403224521064804,2008-2015,Other (124)
2014,St. Lawrence,124,46.656031966867346,2008-2015,Other (124)
2014,Steuben,124,43.572726492306906,2008-2015,Other (124)
2014,Suffolk,124,19.29502628400808,2008-2015,Other (124)
2014,Sullivan,124,22.569679316941794,2008-2015,Other (124)
2014,Tompkins,124,6.052548077736931,2008-2015,Other (124)
2014,Ulster,124,9.850659822050137,2008-2015,Other (124)
2014,Warren,124,3.404474555097055,2008-2015,Other (124)
2014,Washington,124,18.315345251287187,2008-2015,Other (124)
2014,Wayne,124,53.91393138024942,2008-2015,Other (124)
2014,Wyoming,124,11.913602387521246,2008-2015,Other (124)
2015,Albany,124,49.80371024003588,2008-2015,Other (124)
2015,Broome,124,8.20484660643906,2008-2015,Other (124)
2015,Cattaraugus,124,9.02228256519485,2008-2015,Other (124)
2015,Cayuga,124,20.5416019658905,2008-2015,Other (124)
2015,Chautauqua,124,10.840415829001278,2008-2015,Other (124)
2015,Chemung,124,64.3797499019353,2008-2015,Other (124)
2015,Chenango,124,12.67721970104082,2008-2015,Other (124)
2015,Clinton,124,9.378695581431769,2008-2015,Other (124)
2015,Columbia,124,13.034386587391133,2008-2015,Other (124)
2015,Cortland,124,13.686436157143698,2008-2015,Other (124)
2015,Dutchess,124,9.002609077036615,2008-2015,Other (124)
2015,Erie,124,37.35194559220678,2008-2015,Other (124)
2015,Essex,124,21.73744499313135,2008-2015,Other (124)
2015,Franklin,124,10.92619027067004,2008-2015,Other (124)
2015,Fulton,124,24.69813977371873,2008-2015,Other (124)
2015,Genesee,124,61.67254134263401,2008-2015,Other (124)
2015,Greene,124,11.018332308227874,2008-2015,Other (124)
2015,Jefferson,124,57.02082289844995,2008-2015,Other (124)
2015,Lewis,124,13.036094867852608,2008-2015,Other (124)
2015,Livingston,124,18.46515033023456,2008-2015,Other (124)
2015,Madison,124,5.808885231540052,2008-2015,Other (124)
2015,Monroe,124,48.22046073871395,2008-2015,Other (124)
2015,Montgomery,124,29.04657845590483,2008-2015,Other (124)
2015,Niagara,124,46.84212443291598,2008-2015,Other (124)
2015,Oneida,124,43.632411135044755,2008-2015,Other (124)
2015,Onondaga,124,84.21282638375423,2008-2015,Other (124)
2015,Ontario,124,29.732279986444535,2008-2015,Other (124)
2015,Orange,124,26.802835644245665,2008-2015,Other (124)
2015,Orleans,124,5.525539187993118,2008-2015,Other (124)
2015,Oswego,124,26.51175497466037,2008-2015,Other (124)
2015,Otsego,124,7.37291996124978,2008-2015,Other (124)
2015,Rensselaer,124,5.103027560230034,2008-2015,Other (124)
2015,Saratoga,124,45.47902090030244,2008-2015,Other (124)
2015,Schoharie,124,2.4159770228583763,2008-2015,Other (124)
2015,Seneca,124,2.6050093047319565,2008-2015,Other (124)
2015,St. Lawrence,124,30.30718133057697,2008-2015,Other (124)
2015,Steuben,124,16.03492749865863,2008-2015,Other (124)
2015,Suffolk,124,16.431264370950757,2008-2015,Other (124)
2015,Sullivan,124,14.747652656624188,2008-2015,Other (124)
2015,Ulster,124,6.532216261990875,2008-2015,Other (124)
2015,Warren,124,3.404474555097055,2008-2015,Other (124)
2015,Washington,124,8.4935926677161,2008-2015,Other (124)
2015,Wayne,124,35.99985172809319,2008-2015,Other (124)
2016,Albany,124,40.29478427917145,2016-Bridge,Other (124)
2016,Allegany,124,4.745873808541964,2016-Bridge,Other (124)
2016,Broome,124,8.809896155399386,2016-Bridge,Other (124)
2016,Cattaraugus,124,8.66814136648782,2016-Bridge,Other (124)
2016,Cayuga,124,7.697836358125961,2016-Bridge,Other (124)
2016,Chautauqua,124,3.212863034097963,2016-Bridge,Other (124)
2016,Chemung,124,58.6741080669853,2016-Bridge,Other (124)
2016,Chenango,124,13.091021298444232,2016-Bridge,Other (124)
2016,Clinton,124,24.92333480648493,2016-Bridge,Other (124)
2016,Columbia,124,4.1076811356244995,2016-Bridge,Other (124)
2016,Cortland,124,5.4109282598877035,2016-Bridge,Other (124)
2016,Erie,124,15.852168484188935,2016-Bridge,Other (124)
2016,Essex,124,10.840588274999984,2016-Bridge,Other (124)
2016,Franklin,124,19.391942175392362,2016-Bridge,Other (124)
2016,Fulton,124,10.208051796669444,2016-Bridge,Other (124)
2016,Genesee,124,46.87729614263744,2016-Bridge,Other (124)
2016,Greene,124,5.728195208892774,2016-Bridge,Other (124)
2016,Jefferson,124,61.8453102022403,2016-Bridge,Other (124)
2016,Lewis,124,10.823163420638856,2016-Bridge,Other (124)
2016,Livingston,124,7.085026002948665,2016-Bridge,Other (124)
2016,Monroe,124,48.45753939939604,2016-Bridge,Other (124)
2016,Montgomery,124,14.487746720982932,2016-Bridge,Other (124)
2016,Niagara,124,31.228920542906867,2016-Bridge,Other (124)
2016,Oneida,124,23.83026979524614,2016-Bridge,Other (124)
2016,Onondaga,124,60.04269024338075,2016-Bridge,Other (124)
2016,Ontario,124,30.078075631167955,2016-Bridge,Other (124)
2016,Orange,124,31.588839039617824,2016-Bridge,Other (124)
2016,Orleans,124,3.3738653691139087,2016-Bridge,Other (124)
2016,Oswego,124,23.312234839069585,2016-Bridge,Other (124)
2016,Otsego,124,3.2518331500402784,2016-Bridge,Other (124)
2016,Saratoga,124,21.883545406101504,2016-Bridge,Other (124)
2016,Schoharie,124,2.597206948993081,2016-Bridge,Other (124)
2016,Seneca,124,2.749742175879661,2016-Bridge,Other (124)
2016,St. Lawrence,124,24.601289482152442,2016-Bridge,Other (124)
2016,Steuben,124,23.983097809565063,2016-Bridge,Other (124)
2016,Suffolk,124,29.21127850688088,2016-Bridge,Other (124)
2016,Sullivan,124,17.127235974760364,2016-Bridge,Other (124)
2016,Ulster,124,12.617123203029852,2016-Bridge,Other (124)
2016,Warren,124,3.4134709657394717,2016-Bridge,Other (124)
2016,Washington,124,19.54186259381354,2016-Bridge,Other (124)
2016,Wayne,124,23.753495986011,2016-Bridge,Other (124)
2016,Yates,124,2.6702578999929214,2016-Bridge,Other (124)
2017,Cayuga,124,8.098047020971,2017-2024,Other (124)
2018,Cayuga,124,8.098047020971,2017-2024,Other (124)
2019,Albany,124,13.250093102698859,2017-2024,Other (124)
2019,Cayuga,124,20.24903885553278,2017-2024,Other (124)
2019,Chemung,124,3.31350246152399,2017-2024,Other (124)
2019,Chenango,124,13.80710912757476,2017-2024,Other (124)
2019,Clinton,124,44.21012994286864,2017-2024,Other (124)
2019,Columbia,124,9.33467158802787,2017-2024,Other (124)
2019,Cortland,124,5.48006943484432,2017-2024,Other (124)
2019,Delaware,124,5.48889640493911,2017-2024,Other (124)
2019,Erie,124,11.340472869693759,2017-2024,Other (124)
2019,Franklin,124,9.11864060191595,2017-2024,Other (124)
2019,Fulton,124,13.655238552762018,2017-2024,Other (124)
2019,Genesee,124,20.74874365727772,2017-2024,Other (124)
2019,Greene,124,29.6107690407404,2017-2024,Other (124)
2019,Herkimer,124,6.67338516991129,2017-2024,Other (124)
2019,Jefferson,124,12.599492066451369,2017-2024,Other (124)
2019,Livingston,124,6.547025585013181,2017-2024,Other (124)
2019,Monroe,124,21.618551069489783,2017-2024,Other (124)
2019,Montgomery,124,6.86707801283367,2017-2024,Other (124)
2019,Niagara,124,31.86593637636964,2017-2024,Other (124)
2019,Oneida,124,2.92074781172068,2017-2024,Other (124)
2019,Onondaga,124,15.96765136683327,2017-2024,Other (124)
2019,Ontario,124,27.76509320113277,2017-2024,Other (124)
2019,Orange,124,55.03067512551476,2017-2024,Other (124)
2019,Orleans,124,10.58375885302302,2017-2024,Other (124)
2019,Rensselaer,124,7.9644568892631,2017-2024,Other (124)
2019,Saratoga,124,12.00052218257459,2017-2024,Other (124)
2019,Schenectady,124,9.04231833762851,2017-2024,Other (124)
2019,Schoharie,124,9.62772660254999,2017-2024,Other (124)
2019,Schuyler,124,3.14672021728565,2017-2024,Other (124)
2019,Seneca,124,7.527118700932959,2017-2024,Other (124)
2019,St. Lawrence,124,27.20727580172532,2017-2024,Other (124)
2019,Steuben,124,7.82622393351739,2017-2024,Other (124)
2019,Suffolk,124,3.15229569140429,2017-2024,Other (124)
2019,Tioga,124,35.68473972557018,2017-2024,Other (124)
2019,Washington,124,3.11194386334413,2017-2024,Other (124)
2019,Wayne,124,11.969409504352111,2017-2024,Other (124)
2019,Wyoming,124,23.40361639921091,2017-2024,Other (124)
2020,Albany,124,9.9528371549499,2017-2024,Other (124)
2020,Cattaraugus,124,3.41416583930686,2017-2024,Other (124)
2020,Cayuga,124,20.24903885553278,2017-2024,Other (124)
2020,Chemung,124,3.31350246152399,2017-2024,Other (124)
2020,Chenango,124,13.80710912757476,2017-2024,Other (124)
2020,Clinton,124,44.21012994286864,2017-2024,Other (124)
2020,Columbia,124,9.33467158802787,2017-2024,Other (124)
2020,Cortland,124,5.48006943484432,2017-2024,Other (124)
2020,Delaware,124,5.48889640493911,2017-2024,Other (124)
2020,Erie,124,7.86284657723551,2017-2024,Other (124)
2020,Franklin,124,9.11864060191595,2017-2024,Other (124)
2020,Fulton,124,13.655238552762018,2017-2024,Other (124)
2020,Genesee,124,23.38632884720958,2017-2024,Other (124)
2020,Greene,124,29.6107690407404,2017-2024,Other (124)
2020,Herkimer,124,3.63770714379224,2017-2024,Other (124)
2020,Jefferson,124,12.18635803511369,2017-2024,Other (124)
2020,Livingston,124,6.547025585013181,2017-2024,Other (124)
2020,Monroe,124,21.618551069489783,2017-2024,Other (124)
2020,Montgomery,124,6.86707801283367,2017-2024,Other (124)
2020,Niagara,124,31.86593637636964,2017-2024,Other (124)
2020,Oneida,124,2.92074781172068,2017-2024,Other (124)
2020,Onondaga,124,15.96765136683327,2017-2024,Other (124)
2020,Ontario,124,27.76509320113277,2017-2024,Other (124)
2020,Orange,124,55.03067512551476,2017-2024,Other (124)
2020,Orleans,124,10.58375885302302,2017-2024,Other (124)
2020,Rensselaer,124,7.9644568892631,2017-2024,Other (124)
2020,Saratoga,124,12.00052218257459,2017-2024,Other (124)
2020,Schenectady,124,9.04231833762851,2017-2024,Other (124)
2020,Schoharie,124,9.62772660254999,2017-2024,Other (124)
2020,Schuyler,124,3.14672021728565,2017-2024,Other (124)
2020,Seneca,124,7.527118700932959,2017-2024,Other (124)
2020,St. Lawrence,124,15.89592126267282,2017-2024,Other (124)
2020,Steuben,124,7.82622393351739,2017-2024,Other (124)
2020,Suffolk,124,3.15229569140429,2017-2024,Other (124)
2020,Tioga,124,35.68473972557018,2017-2024,Other (124)
2020,Washington,124,3.11194386334413,2017-2024,Other (124)
2020,Wayne,124,11.969409504352111,2017-2024,Other (124)
2020,Wyoming,124,23.40361639921091,2017-2024,Other (124)
2021,Albany,124,12.61802283747972,2017-2024,Other (124)
2021,Allegany,124,3.59639801858334,2017-2024,Other (124)
2021,Broome,124,8.42125124107458,2017-2024,Other (124)
2021,Cattaraugus,124,10.33180404359386,2017-2024,Other (124)
2021,Cayuga,124,54.69296650914544,2017-2024,Other (124)
2021,Chautauqua,124,28.079068144747367,2017-2024,Other (124)
2021,Chemung,124,12.38014561348292,2017-2024,Other (124)
2021,Chenango,124,17.11558627043782,2017-2024,Other (124)
2021,Clinton,124,35.88442851301284,2017-2024,Other (124)
2021,Columbia,124,9.33467158802787,2017-2024,Other (124)
2021,Cortland,124,8.962105412508361,2017-2024,Other (124)
2021,Delaware,124,12.124023754367851,2017-2024,Other (124)
2021,Dutchess,124,7.942243042226259,2017-2024,Other (124)
2021,Erie,124,15.01189079316182,2017-2024,Other (124)
2021,Franklin,124,8.9013817064737,2017-2024,Other (124)
2021,Fulton,124,22.77052682567458,2017-2024,Other (124)
2021,Genesee,124,53.60478008742502,2017-2024,Other (124)
2021,Greene,124,29.6107690407404,2017-2024,Other (124)
2021,Herkimer,124,6.38140359847975,2017-2024,Other (124)
2021,Jefferson,124,30.36100376330172,2017-2024,Other (124)
2021,Lewis,124,3.04360703304375,2017-2024,Other (124)
2021,Livingston,124,9.25034129526824,2017-2024,Other (124)
2021,Monroe,124,51.00388152700409,2017-2024,Other (124)
2021,Montgomery,124,66.70697765486594,2017-2024,Other (124)
2021,Niagara,124,57.28705017010049,2017-2024,Other (124)
2021,Oneida,124,6.68088257174802,2017-2024,Other (124)
2021,Onondaga,124,19.90004745734034,2017-2024,Other (124)
2021,Ontario,124,28.021444904638848,2017-2024,Other (124)
2021,Orange,124,45.913242177197716,2017-2024,Other (124)
2021,Orleans,124,25.66404315239301,2017-2024,Other (124)
2021,Oswego,124,8.87201077475478,2017-2024,Other (124)
2021,Otsego,124,3.43362563430867,2017-2024,Other (124)
2021,Rensselaer,124,7.9644568892631,2017-2024,Other (124)
2021,Richmond,124,2.98873910506516,2017-2024,Other (124)
2021,Saratoga,124,25.102455171822612,2017-2024,Other (124)
2021,Schoharie,124,19.52626992915048,2017-2024,Other (124)
2021,Schuyler,124,3.14672021728565,2017-2024,Other (124)
2021,Seneca,124,37.93461114513391,2017-2024,Other (124)
2021,St. Lawrence,124,71.01550348761826,2017-2024,Other (124)
2021,Steuben,124,12.16655622190124,2017-2024,Other (124)
2021,Suffolk,124,7.3923645225777,2017-2024,Other (124)
2021,Tioga,124,43.21012648373758,2017-2024,Other (124)
2021,Washington,124,7.170586551943931,2017-2024,Other (124)
2021,Wayne,124,27.149748100269168,2017-2024,Other (124)
2021,Wyoming,124,43.365060087202934,2017-2024,Other (124)
2022,Albany,124,12.61802283747972,2017-2024,Other (124)
2022,Allegany,124,3.59639801858334,2017-2024,Other (124)
2022,Broome,124,8.42125124107458,2017-2024,Other (124)
2022,Cattaraugus,124,13.49094508977924,2017-2024,Other (124)
2022,Cayuga,124,54.69296650914544,2017-2024,Other (124)
2022,Chautauqua,124,28.079068144747367,2017-2024,Other (124)
2022,Chemung,124,12.38014561348292,2017-2024,Other (124)
2022,Chenango,124,17.11558627043782,2017-2024,Other (124)
2022,Clinton,124,39.52988447336518,2017-2024,Other (124)
2022,Columbia,124,9.33467158802787,2017-2024,Other (124)
2022,Cortland,124,12.299312080102,2017-2024,Other (124)
2022,Delaware,124,12.124023754367851,2017-2024,Other (124)
2022,Dutchess,124,7.942243042226259,2017-2024,Other (124)
2022,Erie,124,17.99831490605962,2017-2024,Other (124)
2022,Franklin,124,13.29855022295647,2017-2024,Other (124)
2022,Fulton,124,22.77052682567458,2017-2024,Other (124)
2022,Genesee,124,46.29556557348588,2017-2024,Other (124)
2022,Greene,124,29.6107690407404,2017-2024,Other (124)
2022,Herkimer,124,6.38140359847975,2017-2024,Other (124)
2022,Jefferson,124,30.36100376330172,2017-2024,Other (124)
2022,Lewis,124,3.04360703304375,2017-2024,Other (124)
2022,Livingston,124,9.25034129526824,2017-2024,Other (124)
2022,Monroe,124,51.00388152700409,2017-2024,Other (124)
2022,Montgomery,124,82.22870185985113,2017-2024,Other (124)
2022,Niagara,124,49.86772243121255,2017-2024,Other (124)
2022,Oneida,124,6.68088257174802,2017-2024,Other (124)
2022,Onondaga,124,19.90004745734034,2017-2024,Other (124)
2022,Ontario,124,28.021444904638848,2017-2024,Other (124)
2022,Orange,124,45.913242177197716,2017-2024,Other (124)
2022,Orleans,124,25.66404315239301,2017-2024,Other (124)
2022,Oswego,124,8.87201077475478,2017-2024,Other (124)
2022,Otsego,124,3.43362563430867,2017-2024,Other (124)
2022,Richmond,124,2.98873910506516,2017-2024,Other (124)
2022,Saratoga,124,25.102455171822612,2017-2024,Other (124)
2022,Schoharie,124,19.52626992915048,2017-2024,Other (124)
2022,Schuyler,124,3.14672021728565,2017-2024,Other (124)
2022,Seneca,124,51.772726936317106,2017-2024,Other (124)
2022,St. Lawrence,124,74.88334419195886,2017-2024,Other (124)
2022,Steuben,124,12.16655622190124,2017-2024,Other (124)
2022,Suffolk,124,10.30020773303761,2017-2024,Other (124)
2022,Tioga,124,46.27455461988758,2017-2024,Other (124)
2022,Washington,124,7.170586551943931,2017-2024,Other (124)
2022,Wayne,124,27.149748100269168,2017-2024,Other (124)
2022,Wyoming,124,46.985094775281325,2017-2024,Other (124)
2023,Albany,124,12.61802283747972,2017-2024,Other (124)
2023,Allegany,124,3.59639801858334,2017-2024,Other (124)
2023,Broome,124,11.369040428093001,2017-2024,Other (124)
2023,Cattaraugus,124,10.33180404359386,2017-2024,Other (124)
2023,Cayuga,124,62.90414246397322,2017-2024,Other (124)
2023,Chautauqua,124,28.079068144747367,2017-2024,Other (124)
2023,Chemung,124,12.38014561348292,2017-2024,Other (124)
2023,Chenango,124,12.41843518160412,2017-2024,Other (124)
2023,Clinton,124,60.31943388583564,2017-2024,Other (124)
2023,Columbia,124,9.33467158802787,2017-2024,Other (124)
2023,Cortland,124,8.962105412508361,2017-2024,Other (124)
2023,Delaware,124,12.124023754367851,2017-2024,Other (124)
2023,Dutchess,124,7.942243042226259,2017-2024,Other (124)
2023,Erie,124,15.01189079316182,2017-2024,Other (124)
2023,Franklin,124,13.29855022295647,2017-2024,Other (124)
2023,Fulton,124,22.77052682567458,2017-2024,Other (124)
2023,Genesee,124,49.18440014193755,2017-2024,Other (124)
2023,Greene,124,29.6107690407404,2017-2024,Other (124)
2023,Herkimer,124,9.4170816245988,2017-2024,Other (124)
2023,Jefferson,124,30.36100376330172,2017-2024,Other (124)
2023,Livingston,124,19.132454149813512,2017-2024,Other (124)
2023,Monroe,124,51.00388152700409,2017-2024,Other (124)
2023,Montgomery,124,66.70697765486594,2017-2024,Other (124)
2023,Niagara,124,49.86772243121255,2017-2024,Other (124)
2023,Oneida,124,6.68088257174802,2017-2024,Other (124)
2023,Onondaga,124,19.90004745734034,2017-2024,Other (124)
2023,Ontario,124,28.021444904638848,2017-2024,Other (124)
2023,Orange,124,45.913242177197716,2017-2024,Other (124)
2023,Orleans,124,25.66404315239301,2017-2024,Other (124)
2023,Oswego,124,8.87201077475478,2017-2024,Other (124)
2023,Otsego,124,3.43362563430867,2017-2024,Other (124)
2023,Rensselaer,124,13.43153831557038,2017-2024,Other (124)
2023,Richmond,124,2.98873910506516,2017-2024,Other (124)
2023,Saratoga,124,25.102455171822612,2017-2024,Other (124)
2023,Schoharie,124,19.52626992915048,2017-2024,Other (124)
2023,Schuyler,124,3.14672021728565,2017-2024,Other (124)
2023,Seneca,124,51.772726936317106,2017-2024,Other (124)
2023,St. Lawrence,124,70.19357825427456,2017-2024,Other (124)
2023,Steuben,124,17.76908426346247,2017-2024,Other (124)
2023,Suffolk,124,7.3923645225777,2017-2024,Other (124)
2023,Tioga,124,43.21012648373758,2017-2024,Other (124)
2023,Washington,124,7.170586551943931,2017-2024,Other (124)
2023,Wayne,124,11.969409504352111,2017-2024,Other (124)
2023,Wyoming,124,45.602894854779954,2017-2024,Other (124)
2024,Albany,124,23.96808167333272,2017-2024,Other (124)
2024,Allegany,124,3.48047324245628,2017-2024,Other (124)
2024,Broome,124,8.42125124107458,2017-2024,Other (124)
2024,Cattaraugus,124,39.73312085702374,2017-2024,Other (124)
2024,Cayuga,124,97.32571290369013,2017-2024,Other (124)
2024,Chautauqua,124,40.498189356085476,2017-2024,Other (124)
2024,Chemung,124,9.06664315195893,2017-2024,Other (124)
2024,Chenango,124,20.19314145517428,2017-2024,Other (124)
2024,Clinton,124,101.32640344595312,2017-2024,Other (124)
2024,Columbia,124,9.33467158802787,2017-2024,Other (124)
2024,Cortland,124,6.0608521077107795,2017-2024,Other (124)
2024,Delaware,124,11.35147581837432,2017-2024,Other (124)
2024,Dutchess,124,9.80310368255218,2017-2024,Other (124)
2024,Erie,124,45.80260517126268,2017-2024,Other (124)
2024,Franklin,124,27.82699832338282,2017-2024,Other (124)
2024,Fulton,124,20.648248286849178,2017-2024,Other (124)
2024,Genesee,124,49.27268640672975,2017-2024,Other (124)
2024,Greene,124,29.6107690407404,2017-2024,Other (124)
2024,Herkimer,124,33.78053848595641,2017-2024,Other (124)
2024,Jefferson,124,64.807782864609,2017-2024,Other (124)
2024,Lewis,124,8.05345706338203,2017-2024,Other (124)
2024,Livingston,124,22.10121956207745,2017-2024,Other (124)
2024,Madison,124,21.61828720194988,2017-2024,Other (124)
2024,Monroe,124,68.86501601884443,2017-2024,Other (124)
2024,Montgomery,124,85.7320924192355,2017-2024,Other (124)
2024,Niagara,124,54.44636422023968,2017-2024,Other (124)
2024,Oneida,124,13.983809029073312,2017-2024,Other (124)
2024,Onondaga,124,53.73986474937592,2017-2024,Other (124)
2024,Ontario,124,27.99516678355776,2017-2024,Other (124)
2024,Orange,124,130.65695988542888,2017-2024,Other (124)
2024,Orleans,124,11.23789771476096,2017-2024,Other (124)
2024,Oswego,124,12.40820768159437,2017-2024,Other (124)
2024,Otsego,124,3.43362563430867,2017-2024,Other (124)
2024,Rensselaer,124,60.444807685160455,2017-2024,Other (124)
2024,Richmond,124,2.98873910506516,2017-2024,Other (124)
2024,Saratoga,124,37.05855909873001,2017-2024,Other (124)
2024,Schoharie,124,6.92745042471217,2017-2024,Other (124)
2024,Schuyler,124,6.2089646674878995,2017-2024,Other (124)
2024,Seneca,124,37.93461114513391,2017-2024,Other (124)
2024,St. Lawrence,124,56.368367852989635,2017-2024,Other (124)
2024,Steuben,124,55.74306509435625,2017-2024,Other (124)
2024,Suffolk,124,7.3923645225777,2017-2024,Other (124)
2024,Sullivan,124,3.16694458954292,2017-2024,Other (124)
2024,Tioga,124,49.27882382987673,2017-2024,Other (124)
2024,Tompkins,124,8.36176344975717,2017-2024,Other (124)
2024,Ulster,124,3.20934644648586,2017-2024,Other (124)
2024,Washington,124,32.59914591216683,2017-2024,Other (124)
2024,Wayne,124,17.78302181084144,2017-2024,Other (124)
2024,Wyoming,124,40.4451121655237,2017-2024,Other (124)
2024,Yates,124,3.99613616229952,2017-2024,Other (124)
2008,Albany,131,55.81357233897144,2008-2015,Other (131)
2008,Allegany,131,28.701227119175574,2008-2015,Other (131)
2008,Cattaraugus,131,70.16799721281109,2008-2015,Other (131)
2008,Cayuga,131,6.355643600241412,2008-2015,Other (131)
2008,Chautauqua,131,27.4610408548485,2008-2015,Other (131)
2008,Chemung,131,31.8938093586868,2008-2015,Other (131)
2008,Chenango,131,4.8542970391491576,2008-2015,Other (131)
2008,Clinton,131,13.389748004018296,2008-2015,Other (131)
2008,Columbia,131,7.962505709073614,2008-2015,Other (131)
2008,Cortland,131,4.576868088560633,2008-2015,Other (131)
2008,Delaware,131,13.871273927108204,2008-2015,Other (131)
2008,Dutchess,131,9.650473742247067,2008-2015,Other (131)
2008,Erie,131,105.41900923482089,2008-2015,Other (131)
2008,Franklin,131,4.981896380752041,2008-2015,Other (131)
2008,Fulton,131,28.83795861322057,2008-2015,Other (131)
2008,Genesee,131,93.20816428016978,2008-2015,Other (131)
2008,Greene,131,17.845608386824487,2008-2015,Other (131)
2008,Herkimer,131,73.18682528333487,2008-2015,Other (131)
2008,Jefferson,131,52.86438948657934,2008-2015,Other (131)
2008,Livingston,131,64.54238624879784,2008-2015,Other (131)
2008,Madison,131,22.90967873690798,2008-2015,Other (131)
2008,Monroe,131,135.07826730630606,2008-2015,Other (131)
2008,Montgomery,131,8.753013486154138,2008-2015,Other (131)
2008,Niagara,131,98.10652977416756,2008-2015,Other (131)
2008,Oneida,131,16.441155543491654,2008-2015,Other (131)
2008,Onondaga,131,218.08678458153352,2008-2015,Other (131)
2008,Ontario,131,77.85898967919333,2008-2015,Other (131)
2008,Orange,131,8.745199197764562,2008-2015,Other (131)
2008,Orleans,131,10.171700566106985,2008-2015,Other (131)
2008,Oswego,131,22.619670869762864,2008-2015,Other (131)
2008,Rensselaer,131,38.995208369740176,2008-2015,Other (131)
2008,Saratoga,131,7.187262872897196,2008-2015,Other (131)
2008,Schoharie,131,37.11256415485175,2008-2015,Other (131)
2008,Seneca,131,13.21861934637794,2008-2015,Other (131)
2008,St. Lawrence,131,43.489456001488044,2008-2015,Other (131)
2008,Steuben,131,12.039457396526489,2008-2015,Other (131)
2008,Suffolk,131,417.04612081152413,2008-2015,Other (131)
2008,Sullivan,131,30.367179930486905,2008-2015,Other (131)
2008,Tioga,131,4.2388100652159775,2008-2015,Other (131)
2008,Tompkins,131,14.541837700002702,2008-2015,Other (131)
2008,Ulster,131,7.120107435035147,2008-2015,Other (131)
2008,Warren,131,26.191159357675723,2008-2015,Other (131)
2008,Washington,131,39.353769690962324,2008-2015,Other (131)
2008,Wayne,131,9.458296915205185,2008-2015,Other (131)
2008,Wyoming,131,5.8329578103348965,2008-2015,Other (131)
2009,Albany,131,4.668719993759336,2008-2015,Other (131)
2009,Allegany,131,123.14490254370244,2008-2015,Other (131)
2009,Broome,131,34.52466150610253,2008-2015,Other (131)
2009,Cattaraugus,131,138.65768117401282,2008-2015,Other (131)
2009,Cayuga,131,23.549247700591888,2008-2015,Other (131)
2009,Chautauqua,131,45.539610942267274,2008-2015,Other (131)
2009,Chemung,131,43.238439747759415,2008-2015,Other (131)
2009,Chenango,131,87.12151148969443,2008-2015,Other (131)
2009,Clinton,131,16.69989737541271,2008-2015,Other (131)
2009,Columbia,131,11.827163891675434,2008-2015,Other (131)
2009,Cortland,131,54.128658979583,2008-2015,Other (131)
2009,Delaware,131,10.937865587192197,2008-2015,Other (131)
2009,Erie,131,176.9315542088717,2008-2015,Other (131)
2009,Essex,131,12.627207008690256,2008-2015,Other (131)
2009,Franklin,131,2.841777616008507,2008-2015,Other (131)
2009,Fulton,131,18.027872482995143,2008-2015,Other (131)
2009,Genesee,131,209.41997048312805,2008-2015,Other (131)
2009,Greene,131,94.94675817481277,2008-2015,Other (131)
2009,Herkimer,131,95.47616075172887,2008-2015,Other (131)
2009,Jefferson,131,3.3669380078961395,2008-2015,Other (131)
2009,Lewis,131,7.4047102414293295,2008-2015,Other (131)
2009,Livingston,131,90.80526910594621,2008-2015,Other (131)
2009,Madison,131,32.03020167323678,2008-2015,Other (131)
2009,Monroe,131,164.12932158063018,2008-2015,Other (131)
2009,Montgomery,131,43.75520491316273,2008-2015,Other (131)
2009,Niagara,131,73.56587994356127,2008-2015,Other (131)
2009,Oneida,131,8.980475130704209,2008-2015,Other (131)
2009,Onondaga,131,136.9134518817974,2008-2015,Other (131)
2009,Ontario,131,23.963400313764865,2008-2015,Other (131)
2009,Orange,131,16.844415672933074,2008-2015,Other (131)
2009,Orleans,131,28.69250575979596,2008-2015,Other (131)
2009,Oswego,131,25.963634244070114,2008-2015,Other (131)
2009,Otsego,131,26.098614491186165,2008-2015,Other (131)
2009,Rensselaer,131,40.34816492198769,2008-2015,Other (131)
2009,Saratoga,131,5.438226506357706,2008-2015,Other (131)
2009,Schoharie,131,3.494269339882996,2008-2015,Other (131)
2009,Seneca,131,31.6744248106165,2008-2015,Other (131)
2009,St. Lawrence,131,65.21333108634846,2008-2015,Other (131)
2009,Steuben,131,52.845392386643766,2008-2015,Other (131)
2009,Suffolk,131,276.3063180019663,2008-2015,Other (131)
2009,Sullivan,131,12.04118474675312,2008-2015,Other (131)
2009,Tioga,131,34.126418941930105,2008-2015,Other (131)
2009,Tompkins,131,10.436279911310653,2008-2015,Other (131)
2009,Ulster,131,18.615370211370962,2008-2015,Other (131)
2009,Washington,131,26.207077378605884,2008-2015,Other (131)
2009,Wayne,131,39.962395300526346,2008-2015,Other (131)
2009,Wyoming,131,7.978217658898979,2008-2015,Other (131)
2009,Yates,131,3.9402667679944594,2008-2015,Other (131)
2010,Albany,131,66.44275571991874,2008-2015,Other (131)
2010,Allegany,131,19.260953114600785,2008-2015,Other (131)
2010,Broome,131,37.443526925749076,2008-2015,Other (131)
2010,Cattaraugus,131,88.98865232239673,2008-2015,Other (131)
2010,Cayuga,131,34.880034952723896,2008-2015,Other (131)
2010,Chautauqua,131,112.7985611113926,2008-2015,Other (131)
2010,Chemung,131,31.299192288640555,2008-2015,Other (131)
2010,Chenango,131,3.5023079140188633,2008-2015,Other (131)
2010,Clinton,131,19.181723816082716,2008-2015,Other (131)
2010,Columbia,131,93.97797093206974,2008-2015,Other (131)
2010,Cortland,131,33.73186794030112,2008-2015,Other (131)
2010,Dutchess,131,34.480937151786335,2008-2015,Other (131)
2010,Erie,131,419.82694369185174,2008-2015,Other (131)
2010,Essex,131,91.39217928912527,2008-2015,Other (131)
2010,Franklin,131,12.869802532697769,2008-2015,Other (131)
2010,Fulton,131,30.609476373496975,2008-2015,Other (131)
2010,Genesee,131,208.83137864002938,2008-2015,Other (131)
2010,Greene,131,51.900790958463475,2008-2015,Other (131)
2010,Jefferson,131,184.5375606785985,2008-2015,Other (131)
2010,Lewis,131,15.593718679353463,2008-2015,Other (131)
2010,Livingston,131,42.13089631579882,2008-2015,Other (131)
2010,Madison,131,33.46731120496291,2008-2015,Other (131)
2010,Monroe,131,77.58198707693431,2008-2015,Other (131)
2010,Montgomery,131,19.79317894420526,2008-2015,Other (131)
2010,Niagara,131,266.778026671899,2008-2015,Other (131)
2010,Oneida,131,31.181460760113914,2008-2015,Other (131)
2010,Onondaga,131,121.07031275086695,2008-2015,Other (131)
2010,Ontario,131,127.1855089728987,2008-2015,Other (131)
2010,Orange,131,10.044565346113579,2008-2015,Other (131)
2010,Orleans,131,2.60069585921905,2008-2015,Other (131)
2010,Oswego,131,14.181294197980362,2008-2015,Other (131)
2010,Otsego,131,3.6972613430635435,2008-2015,Other (131)
2010,Putnam,131,3.3828907791839384,2008-2015,Other (131)
2010,Rensselaer,131,57.90898831451759,2008-2015,Other (131)
2010,Richmond,131,5.020654695214071,2008-2015,Other (131)
2010,Saratoga,131,48.19165781476074,2008-2015,Other (131)
2010,Schoharie,131,4.018432084325545,2008-2015,Other (131)
2010,Schuyler,131,6.948265731662364,2008-2015,Other (131)
2010,Seneca,131,59.37681339038458,2008-2015,Other (131)
2010,St. Lawrence,131,222.71172048491007,2008-2015,Other (131)
2010,Steuben,131,137.3280038807182,2008-2015,Other (131)
2010,Suffolk,131,1638.4770940729186,2008-2015,Other (131)
2010,Sullivan,131,2.92900950623461,2008-2015,Other (131)
2010,Tioga,131,31.083911177646428,2008-2015,Other (131)
2010,Tompkins,131,9.87373023457462,2008-2015,Other (131)
2010,Ulster,131,75.69331826986168,2008-2015,Other (131)
2010,Warren,131,30.8392084012752,2008-2015,Other (131)
2010,Washington,131,139.5314641760128,2008-2015,Other (131)
2010,Wayne,131,21.81254836281081,2008-2015,Other (131)
2010,Wyoming,131,2.4906001845868793,2008-2015,Other (131)
2010,Yates,131,32.95315269382703,2008-2015,Other (131)
2011,Albany,131,60.929629723413996,2008-2015,Other (131)
2011,Allegany,131,30.388806528471665,2008-2015,Other (131)
2011,Broome,131,211.6479379765678,2008-2015,Other (131)
2011,Cattaraugus,131,201.98244079284817,2008-2015,Other (131)
2011,Cayuga,131,67.58098441734064,2008-2015,Other (131)
2011,Chautauqua,131,93.5921701160563,2008-2015,Other (131)
2011,Chemung,131,107.09078205388688,2008-2015,Other (131)
2011,Chenango,131,216.30585813334162,2008-2015,Other (131)
2011,Clinton,131,42.1004307036642,2008-2015,Other (131)
2011,Columbia,131,70.83525073888543,2008-2015,Other (131)
2011,Cortland,131,80.00389499874329,2008-2015,Other (131)
2011,Delaware,131,15.178724822084604,2008-2015,Other (131)
2011,Dutchess,131,127.67360170747293,2008-2015,Other (131)
2011,Erie,131,278.0040155489686,2008-2015,Other (131)
2011,Essex,131,121.34699757248222,2008-2015,Other (131)
2011,Franklin,131,6.370683230527895,2008-2015,Other (131)
2011,Fulton,131,15.077443255518546,2008-2015,Other (131)
2011,Genesee,131,541.9324201398109,2008-2015,Other (131)
2011,Greene,131,53.06165189677412,2008-2015,Other (131)
2011,Herkimer,131,149.99246847686425,2008-2015,Other (131)
2011,Jefferson,131,129.02170235328768,2008-2015,Other (131)
2011,Lewis,131,160.0492694604058,2008-2015,Other (131)
2011,Livingston,131,177.17971147244964,2008-2015,Other (131)
2011,Madison,131,154.945819181863,2008-2015,Other (131)
2011,Monroe,131,1116.017004036144,2008-2015,Other (131)
2011,Montgomery,131,6.900274975185127,2008-2015,Other (131)
2011,Nassau,131,5.341582756246333,2008-2015,Other (131)
2011,Niagara,131,362.6496704200669,2008-2015,Other (131)
2011,Oneida,131,221.3062822365416,2008-2015,Other (131)
2011,Onondaga,131,226.988361465572,2008-2015,Other (131)
2011,Ontario,131,506.58904760367903,2008-2015,Other (131)
2011,Orange,131,42.18405597352151,2008-2015,Other (131)
2011,Orleans,131,104.55175405588014,2008-2015,Other (131)
2011,Oswego,131,36.746746889218024,2008-2015,Other (131)
2011,Otsego,131,13.972307777622682,2008-2015,Other (131)
2011,Putnam,131,3.3828907791839384,2008-2015,Other (131)
2011,Rensselaer,131,76.7363591899286,2008-2015,Other (131)
2011,Saratoga,131,127.56125121260753,2008-2015,Other (131)
2011,Schenectady,131,5.329922777045887,2008-2015,Other (131)
2011,Schoharie,131,29.072758701381396,2008-2015,Other (131)
2011,Schuyler,131,18.336036383702737,2008-2015,Other (131)
2011,Seneca,131,88.08327610753807,2008-2015,Other (131)
2011,St. Lawrence,131,150.22882422130758,2008-2015,Other (131)
2011,Steuben,131,104.21055660928374,2008-2015,Other (131)
2011,Suffolk,131,1812.7562765066434,2008-2015,Other (131)
2011,Sullivan,131,29.16321402471414,2008-2015,Other (131)
2011,Tioga,131,88.24663885736823,2008-2015,Other (131)
2011,Tompkins,131,56.720931656276335,2008-2015,Other (131)
2011,Ulster,131,35.61750642564791,2008-2015,Other (131)
2011,Warren,131,63.2982278345689,2008-2015,Other (131)
2011,Washington,131,92.65642277264267,2008-2015,Other (131)
2011,Wayne,131,299.78363357445045,2008-2015,Other (131)
2011,Wyoming,131,46.224556593525,2008-2015,Other (131)
2011,Yates,131,53.63033224146044,2008-2015,Other (131)
2012,Albany,131,64.79265164668377,2008-2015,Other (131)
2012,Allegany,131,131.67614753294635,2008-2015,Other (131)
2012,Broome,131,91.34722213766976,2008-2015,Other (131)
2012,Cattaraugus,131,331.3835877872581,2008-2015,Other (131)
2012,Cayuga,131,85.00719489460823,2008-2015,Other (131)
2012,Chautauqua,131,139.07962838074053,2008-2015,Other (131)
2012,Chemung,131,95.59463797775221,2008-2015,Other (131)
2012,Chenango,131,135.54942712688626,2008-2015,Other (131)
2012,Clinton,131,20.421509404074683,2008-2015,Other (131)
2012,Columbia,131,46.560803213873584,2008-2015,Other (131)
2012,Cortland,131,61.77758150536361,2008-2015,Other (131)
2012,Delaware,131,22.073889343198278,2008-2015,Other (131)
2012,Dutchess,131,77.8203272727454,2008-2015,Other (131)
2012,Erie,131,567.9422857882903,2008-2015,Other (131)
2012,Essex,131,102.83243246077589,2008-2015,Other (131)
2012,Franklin,131,35.32820271019783,2008-2015,Other (131)
2012,Fulton,131,64.96675176845744,2008-2015,Other (131)
2012,Genesee,131,536.4705905654946,2008-2015,Other (131)
2012,Greene,131,25.58366581808228,2008-2015,Other (131)
2012,Hamilton,131,12.250094509116003,2008-2015,Other (131)
2012,Herkimer,131,219.18005890311264,2008-2015,Other (131)
2012,Jefferson,131,138.63869724780758,2008-2015,Other (131)
2012,Lewis,131,136.41364502102726,2008-2015,Other (131)
2012,Livingston,131,428.23869955301296,2008-2015,Other (131)
2012,Madison,131,194.00435529015257,2008-2015,Other (131)
2012,Monroe,131,665.20685366524,2008-2015,Other (131)
2012,Montgomery,131,22.890106734814243,2008-2015,Other (131)
2012,Niagara,131,491.4569794010036,2008-2015,Other (131)
2012,Oneida,131,268.52987510677144,2008-2015,Other (131)
2012,Onondaga,131,246.43146109504175,2008-2015,Other (131)
2012,Ontario,131,604.6491945763815,2008-2015,Other (131)
2012,Orange,131,16.698326887034412,2008-2015,Other (131)
2012,Orleans,131,143.18033882632747,2008-2015,Other (131)
2012,Oswego,131,68.85978756323426,2008-2015,Other (131)
2012,Otsego,131,63.789366304966315,2008-2015,Other (131)
2012,Putnam,131,22.079223650443943,2008-2015,Other (131)
2012,Rensselaer,131,50.67915369492735,2008-2015,Other (131)
2012,Saratoga,131,75.01318571928108,2008-2015,Other (131)
2012,Schoharie,131,18.624702398668312,2008-2015,Other (131)
2012,Schuyler,131,11.691744956282315,2008-2015,Other (131)
2012,Seneca,131,87.69228822476119,2008-2015,Other (131)
2012,St. Lawrence,131,411.30924938701276,2008-2015,Other (131)
2012,Steuben,131,173.419923815046,2008-2015,Other (131)
2012,Suffolk,131,3133.376823232976,2008-2015,Other (131)
2012,Sullivan,131,30.10510383662169,2008-2015,Other (131)
2012,Tioga,131,93.01037259462633,2008-2015,Other (131)
2012,Tompkins,131,14.856230548360655,2008-2015,Other (131)
2012,Ulster,131,2.8001669503339697,2008-2015,Other (131)
2012,Warren,131,97.48956561632096,2008-2015,Other (131)
2012,Washington,131,94.73640763391774,2008-2015,Other (131)
2012,Wayne,131,304.8648084382965,2008-2015,Other (131)
2012,Westchester,131,6.121176285635811,2008-2015,Other (131)
2012,Wyoming,131,48.691634055406695,2008-2015,Other (131)
2012,Yates,131,90.99319566926242,2008-2015,Other (131)
2013,Albany,131,65.19121888730376,2008-2015,Other (131)
2013,Allegany,131,35.99106382862478,2008-2015,Other (131)
2013,Broome,131,56.61218495556217,2008-2015,Other (131)
2013,Cattaraugus,131,139.63996165704717,2008-2015,Other (131)
2013,Cayuga,131,21.142709913238978,2008-2015,Other (131)
2013,Chautauqua,131,66.99679674465021,2008-2015,Other (131)
2013,Chemung,131,24.807644214404164,2008-2015,Other (131)
2013,Chenango,131,74.24092039592946,2008-2015,Other (131)
2013,Clinton,131,48.887383680535756,2008-2015,Other (131)
2013,Cortland,131,57.86447413759043,2008-2015,Other (131)
2013,Delaware,131,4.66598857725498,2008-2015,Other (131)
2013,Dutchess,131,9.002609077036615,2008-2015,Other (131)
2013,Erie,131,212.25051596892058,2008-2015,Other (131)
2013,Essex,131,58.56560399397032,2008-2015,Other (131)
2013,Franklin,131,37.14789146734461,2008-2015,Other (131)
2013,Fulton,131,22.48667291637377,2008-2015,Other (131)
2013,Genesee,131,282.97881831206695,2008-2015,Other (131)
2013,Greene,131,20.008012854356778,2008-2015,Other (131)
2013,Hamilton,131,6.192638476313292,2008-2015,Other (131)
2013,Herkimer,131,38.81791011868903,2008-2015,Other (131)
2013,Jefferson,131,73.79850609612191,2008-2015,Other (131)
2013,Lewis,131,140.65400386623293,2008-2015,Other (131)
2013,Livingston,131,171.0484042211706,2008-2015,Other (131)
2013,Madison,131,72.94212088776507,2008-2015,Other (131)
2013,Monroe,131,226.05826791908075,2008-2015,Other (131)
2013,Montgomery,131,19.381002772224075,2008-2015,Other (131)
2013,Niagara,131,178.84864742025243,2008-2015,Other (131)
2013,Oneida,131,64.91978610517391,2008-2015,Other (131)
2013,Onondaga,131,179.0781897182926,2008-2015,Other (131)
2013,Ontario,131,127.52308007181841,2008-2015,Other (131)
2013,Orange,131,28.41271996443727,2008-2015,Other (131)
2013,Orleans,131,37.68189606946831,2008-2015,Other (131)
2013,Oswego,131,20.877859626461298,2008-2015,Other (131)
2013,Otsego,131,9.877497394763175,2008-2015,Other (131)
2013,Putnam,131,3.3828907791839384,2008-2015,Other (131)
2013,Rensselaer,131,21.7204753651377,2008-2015,Other (131)
2013,Saratoga,131,43.69653836373257,2008-2015,Other (131)
2013,Schoharie,131,17.80497722737006,2008-2015,Other (131)
2013,Schuyler,131,3.1850038421144244,2008-2015,Other (131)
2013,Seneca,131,36.603319950385256,2008-2015,Other (131)
2013,St. Lawrence,131,254.05913295623247,2008-2015,Other (131)
2013,Steuben,131,29.935150961988214,2008-2015,Other (131)
2013,Suffolk,131,275.7310159279542,2008-2015,Other (131)
2013,Sullivan,131,31.437361991158454,2008-2015,Other (131)
2013,Tioga,131,68.73628055502914,2008-2015,Other (131)
2013,Tompkins,131,21.73695594666268,2008-2015,Other (131)
2013,Ulster,131,20.08411838393402,2008-2015,Other (131)
2013,Warren,131,69.04257499577325,2008-2015,Other (131)
2013,Washington,131,82.93138293091056,2008-2015,Other (131)
2013,Wayne,131,55.129965317854904,2008-2015,Other (131)
2013,Wyoming,131,10.195433668976191,2008-2015,Other (131)
2014,Albany,131,43.508870210580234,2008-2015,Other (131)
2014,Allegany,131,146.60350950105115,2008-2015,Other (131)
2014,Broome,131,28.216762651585334,2008-2015,Other (131)
2014,Cattaraugus,131,108.01002894282834,2008-2015,Other (131)
2014,Cayuga,131,9.875188350897472,2008-2015,Other (131)
2014,Chautauqua,131,26.571066324680576,2008-2015,Other (131)
2014,Chemung,131,23.077449896111176,2008-2015,Other (131)
2014,Chenango,131,67.06752599298753,2008-2015,Other (131)
2014,Clinton,131,112.93560429032533,2008-2015,Other (131)
2014,Cortland,131,47.93357915017402,2008-2015,Other (131)
2014,Delaware,131,4.262786280943731,2008-2015,Other (131)
2014,Erie,131,142.22553774049268,2008-2015,Other (131)
2014,Essex,131,72.95475295086271,2008-2015,Other (131)
2014,Franklin,131,39.15285159044011,2008-2015,Other (131)
2014,Fulton,131,27.79039143645774,2008-2015,Other (131)
2014,Genesee,131,201.90392704909235,2008-2015,Other (131)
2014,Greene,131,6.910726070317748,2008-2015,Other (131)
2014,Hamilton,131,2.9781067429962103,2008-2015,Other (131)
2014,Herkimer,131,55.45367566110233,2008-2015,Other (131)
2014,Jefferson,131,116.09569585201454,2008-2015,Other (131)
2014,Lewis,131,113.41445332546364,2008-2015,Other (131)
2014,Livingston,131,125.14618716338903,2008-2015,Other (131)
2014,Madison,131,92.48021580011742,2008-2015,Other (131)
2014,Monroe,131,182.85431019246144,2008-2015,Other (131)
2014,Montgomery,131,21.061790762329945,2008-2015,Other (131)
2014,Niagara,131,279.4437426762519,2008-2015,Other (131)
2014,Oneida,131,93.23603723637618,2008-2015,Other (131)
2014,Onondaga,131,179.21692682454554,2008-2015,Other (131)
2014,Ontario,131,124.3567672725193,2008-2015,Other (131)
2014,Orange,131,5.123165294526032,2008-2015,Other (131)
2014,Orleans,131,31.64350021709245,2008-2015,Other (131)
2014,Oswego,131,25.94410148644717,2008-2015,Other (131)
2014,Otsego,131,3.2514466594311817,2008-2015,Other (131)
2014,Rensselaer,131,47.33533942274724,2008-2015,Other (131)
2014,Saratoga,131,68.00603126833532,2008-2015,Other (131)
2014,Schoharie,131,22.020632914009305,2008-2015,Other (131)
2014,Schuyler,131,6.719137700556913,2008-2015,Other (131)
2014,Seneca,131,79.94270554298701,2008-2015,Other (131)
2014,St. Lawrence,131,298.17536847584006,2008-2015,Other (131)
2014,Steuben,131,54.38996576466134,2008-2015,Other (131)
2014,Suffolk,131,447.25896358751396,2008-2015,Other (131)
2014,Sullivan,131,31.70743360613188,2008-2015,Other (131)
2014,Tioga,131,58.16845468110654,2008-2015,Other (131)
2014,Tompkins,131,15.132496850860186,2008-2015,Other (131)
2014,Ulster,131,4.414148717135767,2008-2015,Other (131)
2014,Warren,131,59.18018450885609,2008-2015,Other (131)
2014,Washington,131,98.31294623583005,2008-2015,Other (131)
2014,Wayne,131,53.68987840716341,2008-2015,Other (131)
2014,Yates,131,3.5338860581930693,2008-2015,Other (131)
2015,Albany,131,42.37980083354026,2008-2015,Other (131)
2015,Allegany,131,11.989450782214501,2008-2015,Other (131)
2015,Broome,131,49.74812804692969,2008-2015,Other (131)
2015,Cattaraugus,131,98.46968741624141,2008-2015,Other (131)
2015,Cayuga,131,6.460217441397767,2008-2015,Other (131)
2015,Chautauqua,131,29.755554585033313,2008-2015,Other (131)
2015,Chemung,131,27.08745869159696,2008-2015,Other (131)
2015,Chenango,131,91.57412932279358,2008-2015,Other (131)
2015,Clinton,131,126.21876866585971,2008-2015,Other (131)
2015,Cortland,131,41.19021020285501,2008-2015,Other (131)
2015,Delaware,131,4.262786280943731,2008-2015,Other (131)
2015,Dutchess,131,5.68388508750823,2008-2015,Other (131)
2015,Erie,131,136.69518589281893,2008-2015,Other (131)
2015,Essex,131,85.09503327054279,2008-2015,Other (131)
2015,Franklin,131,43.11165546255348,2008-2015,Other (131)
2015,Fulton,131,28.4296744810039,2008-2015,Other (131)
2015,Genesee,131,263.23727855034826,2008-2015,Other (131)
2015,Greene,131,26.813354549361677,2008-2015,Other (131)
2015,Hamilton,131,12.202782140546265,2008-2015,Other (131)
2015,Herkimer,131,60.47888648426001,2008-2015,Other (131)
2015,Jefferson,131,147.2075652484119,2008-2015,Other (131)
2015,Lewis,131,177.6216360487909,2008-2015,Other (131)
2015,Livingston,131,117.52193496251591,2008-2015,Other (131)
2015,Madison,131,71.76968039698512,2008-2015,Other (131)
2015,Monroe,131,237.04215738830823,2008-2015,Other (131)
2015,Montgomery,131,15.009537891311066,2008-2015,Other (131)
2015,Niagara,131,200.0584350266081,2008-2015,Other (131)
2015,Oneida,131,119.37142282235766,2008-2015,Other (131)
2015,Onondaga,131,162.40363826687656,2008-2015,Other (131)
2015,Ontario,131,113.91768089817067,2008-2015,Other (131)
2015,Orange,131,12.821743395234229,2008-2015,Other (131)
2015,Orleans,131,36.77241936752897,2008-2015,Other (131)
2015,Oswego,131,10.52885488620252,2008-2015,Other (131)
2015,Otsego,131,3.2514466594311817,2008-2015,Other (131)
2015,Putnam,131,3.3828907791839384,2008-2015,Other (131)
2015,Rensselaer,131,47.33533942274724,2008-2015,Other (131)
2015,Saratoga,131,51.58952762528756,2008-2015,Other (131)
2015,Schoharie,131,21.98059554195701,2008-2015,Other (131)
2015,Seneca,131,51.61778024511189,2008-2015,Other (131)
2015,St. Lawrence,131,309.9460699220975,2008-2015,Other (131)
2015,Steuben,131,39.01098632544051,2008-2015,Other (131)
2015,Suffolk,131,649.5665810210104,2008-2015,Other (131)
2015,Sullivan,131,32.06392919140284,2008-2015,Other (131)
2015,Tioga,131,63.5062642594317,2008-2015,Other (131)
2015,Tompkins,131,9.536973114833994,2008-2015,Other (131)
2015,Ulster,131,9.994757318919937,2008-2015,Other (131)
2015,Warren,131,95.16868745488384,2008-2015,Other (131)
2015,Washington,131,86.74109173121713,2008-2015,Other (131)
2015,Wayne,131,78.40721870601847,2008-2015,Other (131)
2015,Wyoming,131,6.085872416265994,2008-2015,Other (131)
2016,Albany,131,56.890425738114395,2016-Bridge,Other (131)
2016,Allegany,131,6.739873105059087,2016-Bridge,Other (131)
2016,Broome,131,37.503642872629065,2016-Bridge,Other (131)
2016,Cattaraugus,131,32.45311144302981,2016-Bridge,Other (131)
2016,Cayuga,131,7.991539765523051,2016-Bridge,Other (131)
2016,Chautauqua,131,27.138373082459463,2016-Bridge,Other (131)
2016,Chemung,131,22.027883547896664,2016-Bridge,Other (131)
2016,Chenango,131,50.54490443916785,2016-Bridge,Other (131)
2016,Clinton,131,98.56795665977087,2016-Bridge,Other (131)
2016,Columbia,131,6.364472928836291,2016-Bridge,Other (131)
2016,Cortland,131,22.60391312103571,2016-Bridge,Other (131)
2016,Dutchess,131,6.850540098148352,2016-Bridge,Other (131)
2016,Erie,131,76.40221908670716,2016-Bridge,Other (131)
2016,Essex,131,49.35539155825563,2016-Bridge,Other (131)
2016,Franklin,131,26.47698355071549,2016-Bridge,Other (131)
2016,Fulton,131,15.64790344863476,2016-Bridge,Other (131)
2016,Genesee,131,165.8566319154619,2016-Bridge,Other (131)
2016,Greene,131,5.966510863812593,2016-Bridge,Other (131)
2016,Herkimer,131,14.284276502728684,2016-Bridge,Other (131)
2016,Jefferson,131,91.77624392967662,2016-Bridge,Other (131)
2016,Lewis,131,38.247893874456544,2016-Bridge,Other (131)
2016,Livingston,131,72.61697930837109,2016-Bridge,Other (131)
2016,Madison,131,44.72800027633525,2016-Bridge,Other (131)
2016,Monroe,131,176.06038202674708,2016-Bridge,Other (131)
2016,Montgomery,131,13.469313492532383,2016-Bridge,Other (131)
2016,Nassau,131,2.878778537590038,2016-Bridge,Other (131)
2016,Niagara,131,118.45037359982089,2016-Bridge,Other (131)
2016,Oneida,131,33.82740941328909,2016-Bridge,Other (131)
2016,Onondaga,131,123.24728422128894,2016-Bridge,Other (131)
2016,Ontario,131,163.4964634929386,2016-Bridge,Other (131)
2016,Orange,131,10.454653495718095,2016-Bridge,Other (131)
2016,Orleans,131,21.23584334738344,2016-Bridge,Other (131)
2016,Oswego,131,5.544578757960753,2016-Bridge,Other (131)
2016,Otsego,131,3.9345341211783578,2016-Bridge,Other (131)
2016,Rensselaer,131,51.527982780136746,2016-Bridge,Other (131)
2016,Saratoga,131,56.82074006757973,2016-Bridge,Other (131)
2016,Schoharie,131,10.831007133327219,2016-Bridge,Other (131)
2016,Seneca,131,22.20679971772576,2016-Bridge,Other (131)
2016,St. Lawrence,131,87.15219906507375,2016-Bridge,Other (131)
2016,Steuben,131,27.53689257435849,2016-Bridge,Other (131)
2016,Suffolk,131,336.49439673273423,2016-Bridge,Other (131)
2016,Sullivan,131,7.106350118460844,2016-Bridge,Other (131)
2016,Tioga,131,63.623522908195376,2016-Bridge,Other (131)
2016,Tompkins,131,15.013325255074689,2016-Bridge,Other (131)
2016,Warren,131,64.76858431139738,2016-Bridge,Other (131)
2016,Washington,131,80.74657705032087,2016-Bridge,Other (131)
2016,Wayne,131,21.076549218162274,2016-Bridge,Other (131)
2016,Yates,131,7.068885143870214,2016-Bridge,Other (131)
2017,Broome,131,3.09051798466084,2017-2024,Other (131)
2017,Chautauqua,131,2.60572369600199,2017-2024,Other (131)
2017,Erie,131,14.757280573516319,2017-2024,Other (131)
2017,Franklin,131,3.20357591892962,2017-2024,Other (131)
2017,Greene,131,6.66165747908735,2017-2024,Other (131)
2017,Herkimer,131,6.44131471481605,2017-2024,Other (131)
2017,Livingston,131,2.883943820579,2017-2024,Other (131)
2017,Madison,131,2.73828742945801,2017-2024,Other (131)
2017,Monroe,131,2.4515381158054,2017-2024,Other (131)
2017,Niagara,131,23.45726636715811,2017-2024,Other (131)
2017,Onondaga,131,7.25218868577035,2017-2024,Other (131)
2017,Ontario,131,5.04021996924311,2017-2024,Other (131)
2017,Oswego,131,2.69468003988128,2017-2024,Other (131)
2017,Richmond,131,13.9045884586827,2017-2024,Other (131)
2017,Schenectady,131,2.44202853590801,2017-2024,Other (131)
2017,Seneca,131,31.293036839810497,2017-2024,Other (131)
2017,St. Lawrence,131,15.38916795861122,2017-2024,Other (131)
2017,Steuben,131,18.087446330694938,2017-2024,Other (131)
2017,Suffolk,131,41.09710105706345,2017-2024,Other (131)
2017,Ulster,131,5.67116232671655,2017-2024,Other (131)
2017,Westchester,131,2.8986990905331,2017-2024,Other (131)
2017,Yates,131,4.19841641108593,2017-2024,Other (131)
2018,Clinton,131,18.384977754622348,2017-2024,Other (131)
2018,Erie,131,6.84004429005136,2017-2024,Other (131)
2018,Greene,131,6.66165747908735,2017-2024,Other (131)
2018,Herkimer,131,5.18065028987718,2017-2024,Other (131)
2018,Jefferson,131,3.0932022130459,2017-2024,Other (131)
2018,Livingston,131,2.883943820579,2017-2024,Other (131)
2018,Monroe,131,2.4515381158054,2017-2024,Other (131)
2018,Niagara,131,3.90643770613448,2017-2024,Other (131)
2018,Oneida,131,3.83863432297785,2017-2024,Other (131)
2018,Ontario,131,12.80120620748399,2017-2024,Other (131)
2018,Orange,131,38.715674697302,2017-2024,Other (131)
2018,Orleans,131,6.16726944238996,2017-2024,Other (131)
2018,Oswego,131,3.23013165682118,2017-2024,Other (131)
2018,Rensselaer,131,12.71535231826839,2017-2024,Other (131)
2018,Richmond,131,13.9045884586827,2017-2024,Other (131)
2018,Saratoga,131,8.35128517667506,2017-2024,Other (131)
2018,Seneca,131,28.52019115090028,2017-2024,Other (131)
2018,St. Lawrence,131,3.05078437228312,2017-2024,Other (131)
2018,Suffolk,131,73.0964348921775,2017-2024,Other (131)
2018,Ulster,131,2.75155050946842,2017-2024,Other (131)
2018,Wayne,131,4.37090890186058,2017-2024,Other (131)
2018,Westchester,131,2.8986990905331,2017-2024,Other (131)
2019,Albany,131,6.51105334329623,2017-2024,Other (131)
2019,Allegany,131,8.53779918913907,2017-2024,Other (131)
2019,Broome,131,16.25544956570879,2017-2024,Other (131)
2019,Cattaraugus,131,58.38468355380106,2017-2024,Other (131)
2019,Chemung,131,3.61302832384791,2017-2024,Other (131)
2019,Chenango,131,5.65948675311038,2017-2024,Other (131)
2019,Delaware,131,4.97241944831955,2017-2024,Other (131)
2019,Erie,131,26.54770194166911,2017-2024,Other (131)
2019,Genesee,131,9.4399718865368,2017-2024,Other (131)
2019,Greene,131,8.83964200171743,2017-2024,Other (131)
2019,Lewis,131,5.00985003033828,2017-2024,Other (131)
2019,Livingston,131,2.883943820579,2017-2024,Other (131)
2019,Madison,131,8.19920700231979,2017-2024,Other (131)
2019,Monroe,131,2.4515381158054,2017-2024,Other (131)
2019,Oneida,131,4.57964533395977,2017-2024,Other (131)
2019,Onondaga,131,10.92204473775369,2017-2024,Other (131)
2019,Ontario,131,8.38244542989838,2017-2024,Other (131)
2019,Orleans,131,2.80906274073108,2017-2024,Other (131)
2019,Oswego,131,9.41474870979067,2017-2024,Other (131)
2019,Rensselaer,131,8.12007734179129,2017-2024,Other (131)
2019,Richmond,131,13.9045884586827,2017-2024,Other (131)
2019,Schoharie,131,9.62005638358699,2017-2024,Other (131)
2019,Seneca,131,28.52019115090028,2017-2024,Other (131)
2019,St. Lawrence,131,10.73001970973636,2017-2024,Other (131)
2019,Steuben,131,6.52374468211273,2017-2024,Other (131)
2019,Suffolk,131,41.228646296689334,2017-2024,Other (131)
2019,Tioga,131,3.07862886715599,2017-2024,Other (131)
2019,Washington,131,6.05882510928519,2017-2024,Other (131)
2019,Westchester,131,2.8986990905331,2017-2024,Other (131)
2020,Albany,131,6.65943360289206,2017-2024,Other (131)
2020,Allegany,131,18.46375789527642,2017-2024,Other (131)
2020,Broome,131,13.243706796741279,2017-2024,Other (131)
2020,Cattaraugus,131,95.34265247370072,2017-2024,Other (131)
2020,Chautauqua,131,13.70897238127934,2017-2024,Other (131)
2020,Chemung,131,3.37443218255806,2017-2024,Other (131)
2020,Clinton,131,12.187510568762029,2017-2024,Other (131)
2020,Cortland,131,3.41845244779182,2017-2024,Other (131)
2020,Dutchess,131,5.61360535845206,2017-2024,Other (131)
2020,Erie,131,44.81082111158352,2017-2024,Other (131)
2020,Essex,131,2.71979008179459,2017-2024,Other (131)
2020,Genesee,131,9.4399718865368,2017-2024,Other (131)
2020,Greene,131,6.66165747908735,2017-2024,Other (131)
2020,Herkimer,131,19.78770061189273,2017-2024,Other (131)
2020,Jefferson,131,3.0932022130459,2017-2024,Other (131)
2020,Lewis,131,18.426844804142018,2017-2024,Other (131)
2020,Livingston,131,2.883943820579,2017-2024,Other (131)
2020,Madison,131,5.46091957286178,2017-2024,Other (131)
2020,Monroe,131,2.4515381158054,2017-2024,Other (131)
2020,Montgomery,131,3.65725461798547,2017-2024,Other (131)
2020,Niagara,131,13.26509395123767,2017-2024,Other (131)
2020,Oneida,131,4.57964533395977,2017-2024,Other (131)
2020,Onondaga,131,4.33610858577486,2017-2024,Other (131)
2020,Ontario,131,4.70992110908954,2017-2024,Other (131)
2020,Orleans,131,6.16726944238996,2017-2024,Other (131)
2020,Oswego,131,9.77111311392609,2017-2024,Other (131)
2020,Rensselaer,131,4.84409169987499,2017-2024,Other (131)
2020,Richmond,131,13.9045884586827,2017-2024,Other (131)
2020,Saratoga,131,11.86834960117378,2017-2024,Other (131)
2020,Schoharie,131,3.42163208504571,2017-2024,Other (131)
2020,Seneca,131,28.52019115090028,2017-2024,Other (131)
2020,St. Lawrence,131,37.23753200289926,2017-2024,Other (131)
2020,Steuben,131,3.84632519744993,2017-2024,Other (131)
2020,Suffolk,131,47.57683142448568,2017-2024,Other (131)
2020,Tioga,131,3.07862886715599,2017-2024,Other (131)
2020,Ulster,131,2.75155050946842,2017-2024,Other (131)
2020,Westchester,131,2.8986990905331,2017-2024,Other (131)
2021,Allegany,131,38.41556346087959,2017-2024,Other (131)
2021,Cattaraugus,131,107.587674484487,2017-2024,Other (131)
2021,Cayuga,131,19.56040143442796,2017-2024,Other (131)
2021,Chautauqua,131,25.969842115916407,2017-2024,Other (131)
2021,Clinton,131,24.29614606715056,2017-2024,Other (131)
2021,Cortland,131,3.11603449136406,2017-2024,Other (131)
2021,Erie,131,14.92192111892618,2017-2024,Other (131)
2021,Essex,131,6.73761667070052,2017-2024,Other (131)
2021,Franklin,131,6.415203197034749,2017-2024,Other (131)
2021,Fulton,131,3.80752640240842,2017-2024,Other (131)
2021,Genesee,131,12.62173795553929,2017-2024,Other (131)
2021,Jefferson,131,16.15421224520412,2017-2024,Other (131)
2021,Lewis,131,15.315527199168269,2017-2024,Other (131)
2021,Livingston,131,2.883943820579,2017-2024,Other (131)
2021,Madison,131,2.67252987284819,2017-2024,Other (131)
2021,Oneida,131,4.57964533395977,2017-2024,Other (131)
2021,Onondaga,131,3.5517353777521,2017-2024,Other (131)
2021,Oswego,131,34.3780152899626,2017-2024,Other (131)
2021,Richmond,131,13.9045884586827,2017-2024,Other (131)
2021,Saratoga,131,13.712412801668881,2017-2024,Other (131)
2021,St. Lawrence,131,10.47315554849863,2017-2024,Other (131)
2021,Steuben,131,6.64937521618248,2017-2024,Other (131)
2021,Suffolk,131,50.15621259979715,2017-2024,Other (131)
2021,Tioga,131,7.0838767630691395,2017-2024,Other (131)
2021,Washington,131,6.057517786972831,2017-2024,Other (131)
2021,Westchester,131,2.8986990905331,2017-2024,Other (131)
2022,Allegany,131,21.67439180394012,2017-2024,Other (131)
2022,Broome,131,8.00640411599334,2017-2024,Other (131)
2022,Cattaraugus,131,96.68827584579493,2017-2024,Other (131)
2022,Cayuga,131,15.0555487952887,2017-2024,Other (131)
2022,Chenango,131,8.73798764739112,2017-2024,Other (131)
2022,Clinton,131,29.84939897337345,2017-2024,Other (131)
2022,Columbia,131,3.12317716363709,2017-2024,Other (131)
2022,Dutchess,131,3.57360501516312,2017-2024,Other (131)
2022,Erie,131,22.51581223402236,2017-2024,Other (131)
2022,Essex,131,10.60250305486428,2017-2024,Other (131)
2022,Franklin,131,2.71044088518387,2017-2024,Other (131)
2022,Fulton,131,3.80752640240842,2017-2024,Other (131)
2022,Genesee,131,12.959597004663038,2017-2024,Other (131)
2022,Herkimer,131,9.12727278641319,2017-2024,Other (131)
2022,Jefferson,131,9.30736285754844,2017-2024,Other (131)
2022,Lewis,131,3.22699457977846,2017-2024,Other (131)
2022,Livingston,131,18.35982003479181,2017-2024,Other (131)
2022,Monroe,131,39.63019225508905,2017-2024,Other (131)
2022,Niagara,131,8.07244314354475,2017-2024,Other (131)
2022,Onondaga,131,21.30407698221122,2017-2024,Other (131)
2022,Oswego,131,29.02330240270473,2017-2024,Other (131)
2022,Richmond,131,13.9045884586827,2017-2024,Other (131)
2022,Saratoga,131,8.1720923322653,2017-2024,Other (131)
2022,Schoharie,131,3.42163208504571,2017-2024,Other (131)
2022,St. Lawrence,131,20.269351353623378,2017-2024,Other (131)
2022,Steuben,131,10.88711252001202,2017-2024,Other (131)
2022,Suffolk,131,33.33438154767294,2017-2024,Other (131)
2022,Tioga,131,7.0838767630691395,2017-2024,Other (131)
2022,Washington,131,9.189951324912201,2017-2024,Other (131)
2022,Wayne,131,4.93396692180131,2017-2024,Other (131)
2022,Westchester,131,2.8986990905331,2017-2024,Other (131)
2022,Wyoming,131,16.66531337570258,2017-2024,Other (131)
2023,Allegany,131,43.01056237822536,2017-2024,Other (131)
2023,Broome,131,6.98747485954549,2017-2024,Other (131)
2023,Cattaraugus,131,148.49423532846365,2017-2024,Other (131)
2023,Clinton,131,26.13398800599076,2017-2024,Other (131)
2023,Columbia,131,6.44784631072832,2017-2024,Other (131)
2023,Dutchess,131,14.881319219068178,2017-2024,Other (131)
2023,Erie,131,42.74056099812848,2017-2024,Other (131)
2023,Essex,131,6.73761667070052,2017-2024,Other (131)
2023,Franklin,131,6.0146312109023405,2017-2024,Other (131)
2023,Fulton,131,3.80752640240842,2017-2024,Other (131)
2023,Genesee,131,13.02124876103313,2017-2024,Other (131)
2023,Herkimer,131,7.49071996263104,2017-2024,Other (131)
2023,Jefferson,131,13.17704472292178,2017-2024,Other (131)
2023,Lewis,131,7.29170523997289,2017-2024,Other (131)
2023,Livingston,131,6.5280130159384,2017-2024,Other (131)
2023,Madison,131,2.67252987284819,2017-2024,Other (131)
2023,Monroe,131,15.6440806778958,2017-2024,Other (131)
2023,Niagara,131,22.10696808996515,2017-2024,Other (131)
2023,Oneida,131,4.0785010610244,2017-2024,Other (131)
2023,Onondaga,131,24.05418381912003,2017-2024,Other (131)
2023,Orleans,131,6.34003111897749,2017-2024,Other (131)
2023,Oswego,131,22.47873315176365,2017-2024,Other (131)
2023,Rensselaer,131,7.77597963110127,2017-2024,Other (131)
2023,Richmond,131,13.9045884586827,2017-2024,Other (131)
2023,Saratoga,131,32.32269785726098,2017-2024,Other (131)
2023,Schoharie,131,3.42163208504571,2017-2024,Other (131)
2023,Seneca,131,46.20800374598534,2017-2024,Other (131)
2023,St. Lawrence,131,38.979873537937664,2017-2024,Other (131)
2023,Steuben,131,10.57720442348032,2017-2024,Other (131)
2023,Suffolk,131,59.68468448448096,2017-2024,Other (131)
2023,Sullivan,131,3.36358247702235,2017-2024,Other (131)
2023,Tioga,131,7.0838767630691395,2017-2024,Other (131)
2023,Tompkins,131,2.77539836260411,2017-2024,Other (131)
2023,Washington,131,8.827699145614911,2017-2024,Other (131)
2023,Wayne,131,4.93396692180131,2017-2024,Other (131)
2023,Wyoming,131,7.53562576848734,2017-2024,Other (131)
2024,Albany,131,33.21929243174296,2017-2024,Other (131)
2024,Allegany,131,230.31280370365664,2017-2024,Other (131)
2024,Broome,131,144.16869319624686,2017-2024,Other (131)
2024,Cattaraugus,131,589.7140952616886,2017-2024,Other (131)
2024,Cayuga,131,46.27188857939239,2017-2024,Other (131)
2024,Chautauqua,131,221.7829869116855,2017-2024,Other (131)
2024,Chemung,131,29.1036657777997,2017-2024,Other (131)
2024,Chenango,131,100.85340277636021,2017-2024,Other (131)
2024,Clinton,131,315.06663079149826,2017-2024,Other (131)
2024,Columbia,131,34.26276786218729,2017-2024,Other (131)
2024,Cortland,131,33.00566397785091,2017-2024,Other (131)
2024,Delaware,131,41.89016294360483,2017-2024,Other (131)
2024,Dutchess,131,102.51818154707934,2017-2024,Other (131)
2024,Erie,131,563.7897790722856,2017-2024,Other (131)
2024,Essex,131,22.7662385366903,2017-2024,Other (131)
2024,Franklin,131,144.6958789862082,2017-2024,Other (131)
2024,Fulton,131,26.763191757465428,2017-2024,Other (131)
2024,Genesee,131,378.22535199719823,2017-2024,Other (131)
2024,Greene,131,19.1223526610848,2017-2024,Other (131)
2024,Hamilton,131,2.71331867792704,2017-2024,Other (131)
2024,Herkimer,131,210.8336248924475,2017-2024,Other (131)
2024,Jefferson,131,487.45127295870367,2017-2024,Other (131)
2024,Lewis,131,150.5142704769175,2017-2024,Other (131)
2024,Livingston,131,425.6952903057757,2017-2024,Other (131)
2024,Madison,131,76.67129224493902,2017-2024,Other (131)
2024,Monroe,131,306.1058417690337,2017-2024,Other (131)
2024,Montgomery,131,20.50384820588521,2017-2024,Other (131)
2024,Niagara,131,487.31075232424666,2017-2024,Other (131)
2024,Oneida,131,235.1522731153974,2017-2024,Other (131)
2024,Onondaga,131,129.14025383381482,2017-2024,Other (131)
2024,Ontario,131,261.5466493014217,2017-2024,Other (131)
2024,Orange,131,115.43969609576118,2017-2024,Other (131)
2024,Orleans,131,195.25930085362845,2017-2024,Other (131)
2024,Oswego,131,422.4597272922745,2017-2024,Other (131)
2024,Otsego,131,72.1423995901539,2017-2024,Other (131)
2024,Rensselaer,131,64.48956645996543,2017-2024,Other (131)
2024,Richmond,131,4.81948468534757,2017-2024,Other (131)
2024,Saratoga,131,51.62759574586564,2017-2024,Other (131)
2024,Schenectady,131,3.23389993330079,2017-2024,Other (131)
2024,Schoharie,131,41.86638362268587,2017-2024,Other (131)
2024,Schuyler,131,7.44754165614496,2017-2024,Other (131)
2024,Seneca,131,205.11731982148135,2017-2024,Other (131)
2024,St. Lawrence,131,224.26798851434714,2017-2024,Other (131)
2024,Steuben,131,422.6027095058925,2017-2024,Other (131)
2024,Suffolk,131,579.6644865340558,2017-2024,Other (131)
2024,Sullivan,131,9.84268539910085,2017-2024,Other (131)
2024,Tioga,131,152.38649201067423,2017-2024,Other (131)
2024,Tompkins,131,22.04838641155519,2017-2024,Other (131)
2024,Ulster,131,63.8346943448381,2017-2024,Other (131)
2024,Washington,131,33.28201427057568,2017-2024,Other (131)
2024,Wayne,131,426.7370357521092,2017-2024,Other (131)
2024,Wyoming,131,235.01463940227177,2017-2024,Other (131)
2024,Yates,131,23.27876662792429,2017-2024,Other (131)
2008,Albany,142,2.513131890523505,2008-2015,Other (142)
2008,Allegany,142,9.095748979319556,2008-2015,Other (142)
2008,Cattaraugus,142,24.82774614585191,2008-2015,Other (142)
2008,Cayuga,142,2.56930634561072,2008-2015,Other (142)
2008,Chautauqua,142,10.12010167079042,2008-2015,Other (142)
2008,Chenango,142,8.224205802295243,2008-2015,Other (142)
2008,Clinton,142,691.1837636510649,2008-2015,Other (142)
2008,Delaware,142,9.79790654282358,2008-2015,Other (142)
2008,Essex,142,14.607553854011288,2008-2015,Other (142)
2008,Franklin,142,15.609736727094905,2008-2015,Other (142)
2008,Fulton,142,10.530083720498062,2008-2015,Other (142)
2008,Greene,142,20.43394266716612,2008-2015,Other (142)
2008,Herkimer,142,2.8156248610040664,2008-2015,Other (142)
2008,Lewis,142,15.044716012956473,2008-2015,Other (142)
2008,Niagara,142,2.8823026164488854,2008-2015,Other (142)
2008,Oneida,142,3.2004150761425043,2008-2015,Other (142)
2008,Otsego,142,8.031645978319922,2008-2015,Other (142)
2008,Saratoga,142,41.238338227522114,2008-2015,Other (142)
2008,St. Lawrence,142,57.498731776029175,2008-2015,Other (142)
2008,Suffolk,142,2.916174933385442,2008-2015,Other (142)
2008,Sullivan,142,2.8236725829376743,2008-2015,Other (142)
2009,Albany,142,3.288344810073796,2008-2015,Other (142)
2009,Allegany,142,66.86094606533798,2008-2015,Other (142)
2009,Cattaraugus,142,24.82774614585191,2008-2015,Other (142)
2009,Clinton,142,345.0833864160973,2008-2015,Other (142)
2009,Essex,142,15.86859631465165,2008-2015,Other (142)
2009,Franklin,142,18.669227407219285,2008-2015,Other (142)
2009,Lewis,142,16.798055473233745,2008-2015,Other (142)
2009,Oneida,142,6.108051267957475,2008-2015,Other (142)
2009,Onondaga,142,29.107185506593552,2008-2015,Other (142)
2009,Saratoga,142,15.654788952477862,2008-2015,Other (142)
2009,Schoharie,142,23.50889330332454,2008-2015,Other (142)
2009,St. Lawrence,142,409.6222532293309,2008-2015,Other (142)
2009,Steuben,142,6.499636958721799,2008-2015,Other (142)
2009,Suffolk,142,2.916174933385442,2008-2015,Other (142)
2009,Tioga,142,8.529095128236827,2008-2015,Other (142)
2009,Washington,142,4.373786253149747,2008-2015,Other (142)
2009,Wayne,142,4.980908665336325,2008-2015,Other (142)
2010,Allegany,142,54.279268765239244,2008-2015,Other (142)
2010,Broome,142,5.148256465164465,2008-2015,Other (142)
2010,Cattaraugus,142,20.52533816853994,2008-2015,Other (142)
2010,Chemung,142,4.977191036767548,2008-2015,Other (142)
2010,Clinton,142,705.4040004309777,2008-2015,Other (142)
2010,Essex,142,44.74133302463884,2008-2015,Other (142)
2010,Franklin,142,8.74509437374538,2008-2015,Other (142)
2010,Jefferson,142,6.953064806044112,2008-2015,Other (142)
2010,Montgomery,142,2.8344384218628766,2008-2015,Other (142)
2010,Onondaga,142,16.82647298947602,2008-2015,Other (142)
2010,Orange,142,4.984816840934707,2008-2015,Other (142)
2010,Saratoga,142,8.526381860780035,2008-2015,Other (142)
2010,Schoharie,142,12.839168362308442,2008-2015,Other (142)
2010,St. Lawrence,142,405.938269239896,2008-2015,Other (142)
2010,Steuben,142,9.943581585813572,2008-2015,Other (142)
2010,Suffolk,142,10.807095734145431,2008-2015,Other (142)
2010,Sullivan,142,3.640594811130768,2008-2015,Other (142)
2010,Tioga,142,12.745443703475992,2008-2015,Other (142)
2010,Washington,142,7.26898012373194,2008-2015,Other (142)
2010,Wyoming,142,3.0476465763591554,2008-2015,Other (142)
2011,Allegany,142,49.90925336488402,2008-2015,Other (142)
2011,Cattaraugus,142,20.52533816853994,2008-2015,Other (142)
2011,Chemung,142,4.977191036767548,2008-2015,Other (142)
2011,Clinton,142,478.96859307045855,2008-2015,Other (142)
2011,Cortland,142,5.492649828471973,2008-2015,Other (142)
2011,Delaware,142,15.756735269168455,2008-2015,Other (142)
2011,Essex,142,127.41817454595721,2008-2015,Other (142)
2011,Franklin,142,23.92770918045075,2008-2015,Other (142)
2011,Greene,142,20.43394266716612,2008-2015,Other (142)
2011,Jefferson,142,3.686559458930351,2008-2015,Other (142)
2011,Lewis,142,14.31065169246882,2008-2015,Other (142)
2011,Madison,142,9.604107485036138,2008-2015,Other (142)
2011,Niagara,142,2.8823026164488854,2008-2015,Other (142)
2011,Onondaga,142,21.278315147737715,2008-2015,Other (142)
2011,Orleans,142,3.8738023327597575,2008-2015,Other (142)
2011,Saratoga,142,23.165460652211998,2008-2015,Other (142)
2011,Schenectady,142,3.3194530517205543,2008-2015,Other (142)
2011,Schoharie,142,12.839168362308442,2008-2015,Other (142)
2011,St. Lawrence,142,400.92784644320295,2008-2015,Other (142)
2011,Steuben,142,9.943581585813572,2008-2015,Other (142)
2011,Suffolk,142,5.953588644708779,2008-2015,Other (142)
2011,Warren,142,13.593035158024618,2008-2015,Other (142)
2011,Washington,142,12.503968929747128,2008-2015,Other (142)
2011,Wyoming,142,3.8594755074143476,2008-2015,Other (142)
2012,Allegany,142,57.93806755957563,2008-2015,Other (142)
2012,Cattaraugus,142,20.52533816853994,2008-2015,Other (142)
2012,Chemung,142,4.977191036767548,2008-2015,Other (142)
2012,Chenango,142,2.844087620431991,2008-2015,Other (142)
2012,Clinton,142,266.64692184125084,2008-2015,Other (142)
2012,Delaware,142,10.840756954731612,2008-2015,Other (142)
2012,Erie,142,2.851917905564761,2008-2015,Other (142)
2012,Essex,142,17.08842381682497,2008-2015,Other (142)
2012,Franklin,142,30.709782100606812,2008-2015,Other (142)
2012,Fulton,142,3.459848121232709,2008-2015,Other (142)
2012,Greene,142,36.41003389174627,2008-2015,Other (142)
2012,Jefferson,142,19.735757143252318,2008-2015,Other (142)
2012,Lewis,142,8.884835203800485,2008-2015,Other (142)
2012,Onondaga,142,12.924308521249719,2008-2015,Other (142)
2012,Saratoga,142,22.284055307212032,2008-2015,Other (142)
2012,Schenectady,142,4.522316010356151,2008-2015,Other (142)
2012,Schoharie,142,12.839168362308442,2008-2015,Other (142)
2012,St. Lawrence,142,437.3410950922196,2008-2015,Other (142)
2012,Steuben,142,3.6392571435785683,2008-2015,Other (142)
2012,Suffolk,142,2.916174933385442,2008-2015,Other (142)
2012,Sullivan,142,7.507205066839079,2008-2015,Other (142)
2012,Warren,142,18.260827653960423,2008-2015,Other (142)
2013,Allegany,142,52.906491904786776,2008-2015,Other (142)
2013,Cattaraugus,142,15.189580962364193,2008-2015,Other (142)
2013,Chautauqua,142,3.6025087323990244,2008-2015,Other (142)
2013,Chemung,142,4.977191036767548,2008-2015,Other (142)
2013,Chenango,142,3.700749435097548,2008-2015,Other (142)
2013,Clinton,142,143.47881536605826,2008-2015,Other (142)
2013,Essex,142,8.791503272852555,2008-2015,Other (142)
2013,Franklin,142,18.105556434431286,2008-2015,Other (142)
2013,Fulton,142,3.4314602648674124,2008-2015,Other (142)
2013,Greene,142,14.67881747206943,2008-2015,Other (142)
2013,Lewis,142,14.31065169246882,2008-2015,Other (142)
2013,Madison,142,4.069565280710783,2008-2015,Other (142)
2013,Montgomery,142,7.041968678837383,2008-2015,Other (142)
2013,Oneida,142,8.567483381686213,2008-2015,Other (142)
2013,Oswego,142,9.78828834916776,2008-2015,Other (142)
2013,Saratoga,142,28.268543791163978,2008-2015,Other (142)
2013,Schoharie,142,12.839168362308442,2008-2015,Other (142)
2013,St. Lawrence,142,380.4149116946647,2008-2015,Other (142)
2013,Steuben,142,7.083201770670341,2008-2015,Other (142)
2013,Suffolk,142,2.916174933385442,2008-2015,Other (142)
2013,Warren,142,21.86785091704937,2008-2015,Other (142)
2013,Washington,142,8.18255733714557,2008-2015,Other (142)
2014,Allegany,142,57.4144418301002,2008-2015,Other (142)
2014,Cattaraugus,142,16.55109708057472,2008-2015,Other (142)
2014,Chemung,142,4.977191036767548,2008-2015,Other (142)
2014,Clinton,142,247.39363107351159,2008-2015,Other (142)
2014,Essex,142,26.817469241873063,2008-2015,Other (142)
2014,Franklin,142,38.043892739924885,2008-2015,Other (142)
2014,Fulton,142,16.72838470531437,2008-2015,Other (142)
2014,Hamilton,142,3.1033001640416793,2008-2015,Other (142)
2014,Herkimer,142,3.91440593356546,2008-2015,Other (142)
2014,Oswego,142,3.162773949140484,2008-2015,Other (142)
2014,Otsego,142,5.573285576083206,2008-2015,Other (142)
2014,Rensselaer,142,7.765804475912728,2008-2015,Other (142)
2014,Saratoga,142,40.6804971359208,2008-2015,Other (142)
2014,Schoharie,142,12.839168362308442,2008-2015,Other (142)
2014,St. Lawrence,142,345.43845185176167,2008-2015,Other (142)
2014,Steuben,142,3.6392571435785683,2008-2015,Other (142)
2014,Suffolk,142,15.474887030269842,2008-2015,Other (142)
2014,Sullivan,142,7.0628594945952905,2008-2015,Other (142)
2014,Warren,142,32.80979625930599,2008-2015,Other (142)
2015,Allegany,142,52.906491904786776,2008-2015,Other (142)
2015,Chemung,142,4.977191036767548,2008-2015,Other (142)
2015,Clinton,142,70.35990153489561,2008-2015,Other (142)
2015,Essex,142,40.72055519068413,2008-2015,Other (142)
2015,Hamilton,142,11.387829730950559,2008-2015,Other (142)
2015,Lewis,142,7.46782057350277,2008-2015,Other (142)
2015,Monroe,142,8.222045054525008,2008-2015,Other (142)
2015,Niagara,142,2.8823026164488854,2008-2015,Other (142)
2015,Oswego,142,23.425916110242145,2008-2015,Other (142)
2015,Rensselaer,142,7.765804475912728,2008-2015,Other (142)
2015,Saratoga,142,13.715510447540213,2008-2015,Other (142)
2015,Schoharie,142,18.122134519570558,2008-2015,Other (142)
2015,St. Lawrence,142,359.40209412743343,2008-2015,Other (142)
2015,Steuben,142,7.083201770670341,2008-2015,Other (142)
2015,Tioga,142,13.073295571505938,2008-2015,Other (142)
2015,Ulster,142,3.6815496568729134,2008-2015,Other (142)
2015,Warren,142,29.19796840916661,2008-2015,Other (142)
2015,Washington,142,3.023219731776567,2008-2015,Other (142)
2016,Chautauqua,142,3.2032453096378855,2016-Bridge,Other (142)
2016,Clinton,142,133.5042656013112,2016-Bridge,Other (142)
2016,Essex,142,30.92911857137122,2016-Bridge,Other (142)
2016,Franklin,142,35.12214721412901,2016-Bridge,Other (142)
2016,Fulton,142,3.169349460969298,2016-Bridge,Other (142)
2016,Hamilton,142,2.8050724729595435,2016-Bridge,Other (142)
2016,Oneida,142,6.108075700235844,2016-Bridge,Other (142)
2016,Rensselaer,142,4.499171734127961,2016-Bridge,Other (142)
2016,Saratoga,142,24.798367946557597,2016-Bridge,Other (142)
2016,Schoharie,142,5.282987289190139,2016-Bridge,Other (142)
2016,St. Lawrence,142,62.024713889725376,2016-Bridge,Other (142)
2016,Steuben,142,3.6392717006508137,2016-Bridge,Other (142)
2016,Suffolk,142,4.009528738027676,2016-Bridge,Other (142)
2016,Warren,142,6.025305682581005,2016-Bridge,Other (142)
2016,Washington,142,8.922006033476,2016-Bridge,Other (142)
2017,Cayuga,142,6.75960639502074,2017-2024,Other (142)
2017,Clinton,142,138.04257790470103,2017-2024,Other (142)
2017,Essex,142,39.19756385084125,2017-2024,Other (142)
2017,Franklin,142,107.02825541985618,2017-2024,Other (142)
2017,Genesee,142,2.85746934441616,2017-2024,Other (142)
2017,Hamilton,142,11.0545724122633,2017-2024,Other (142)
2017,Lewis,142,31.9959930989441,2017-2024,Other (142)
2017,Montgomery,142,3.04014433496195,2017-2024,Other (142)
2017,Onondaga,142,3.17593177481007,2017-2024,Other (142)
2017,Oswego,142,6.73443746688192,2017-2024,Other (142)
2017,Otsego,142,9.9558707829008,2017-2024,Other (142)
2017,Saratoga,142,19.35089046911688,2017-2024,Other (142)
2017,St. Lawrence,142,65.93628068607542,2017-2024,Other (142)
2017,Steuben,142,3.72372848160552,2017-2024,Other (142)
2017,Suffolk,142,3.71573215022326,2017-2024,Other (142)
2017,Tioga,142,3.13935510893326,2017-2024,Other (142)
2017,Washington,142,44.01921487859386,2017-2024,Other (142)
2018,Broome,142,3.94261964224857,2017-2024,Other (142)
2018,Cattaraugus,142,7.86552771857168,2017-2024,Other (142)
2018,Chemung,142,2.56628729976536,2017-2024,Other (142)
2018,Clinton,142,199.97012025350574,2017-2024,Other (142)
2018,Dutchess,142,4.33372079751972,2017-2024,Other (142)
2018,Franklin,142,138.7000487518167,2017-2024,Other (142)
2018,Hamilton,142,11.0545724122633,2017-2024,Other (142)
2018,Jefferson,142,43.423083769109255,2017-2024,Other (142)
2018,Lewis,142,45.95592693414756,2017-2024,Other (142)
2018,Madison,142,4.51731025051864,2017-2024,Other (142)
2018,Onondaga,142,3.17593177481007,2017-2024,Other (142)
2018,Oswego,142,6.73443746688192,2017-2024,Other (142)
2018,Otsego,142,9.9558707829008,2017-2024,Other (142)
2018,Saratoga,142,23.62303020866731,2017-2024,Other (142)
2018,St. Lawrence,142,218.26538004197238,2017-2024,Other (142)
2018,Steuben,142,4.19179622896161,2017-2024,Other (142)
2018,Suffolk,142,6.8680278416275495,2017-2024,Other (142)
2018,Washington,142,58.384536590071164,2017-2024,Other (142)
2018,Wyoming,142,6.86522504096503,2017-2024,Other (142)
2018,Yates,142,6.97669728271157,2017-2024,Other (142)
2019,Albany,142,8.35629714055051,2017-2024,Other (142)
2019,Cattaraugus,142,7.86552771857168,2017-2024,Other (142)
2019,Clinton,142,107.86050435129034,2017-2024,Other (142)
2019,Franklin,142,115.62330034275784,2017-2024,Other (142)
2019,Hamilton,142,11.0545724122633,2017-2024,Other (142)
2019,Oswego,142,6.73443746688192,2017-2024,Other (142)
2019,Otsego,142,3.39988901317764,2017-2024,Other (142)
2019,Saratoga,142,19.07634622923355,2017-2024,Other (142)
2019,St. Lawrence,142,69.60194805280726,2017-2024,Other (142)
2019,Steuben,142,3.72372848160552,2017-2024,Other (142)
2019,Suffolk,142,3.71573215022326,2017-2024,Other (142)
2019,Washington,142,44.01921487859386,2017-2024,Other (142)
2020,Clinton,142,83.7165641061316,2017-2024,Other (142)
2020,Franklin,142,88.79115935379801,2017-2024,Other (142)
2020,Hamilton,142,11.0545724122633,2017-2024,Other (142)
2020,Onondaga,142,3.17593177481007,2017-2024,Other (142)
2020,Orange,142,5.09290943229946,2017-2024,Other (142)
2020,Oswego,142,6.73443746688192,2017-2024,Other (142)
2020,Saratoga,142,19.07634622923355,2017-2024,Other (142)
2020,St. Lawrence,142,52.96709250368046,2017-2024,Other (142)
2020,Steuben,142,3.72372848160552,2017-2024,Other (142)
2020,Suffolk,142,11.18287788826626,2017-2024,Other (142)
2020,Washington,142,44.01921487859386,2017-2024,Other (142)
2021,Clinton,142,74.87213054268754,2017-2024,Other (142)
2021,Franklin,142,28.373284019786567,2017-2024,Other (142)
2021,Onondaga,142,3.17593177481007,2017-2024,Other (142)
2021,Oswego,142,6.73443746688192,2017-2024,Other (142)
2021,Saratoga,142,12.1580467367162,2017-2024,Other (142)
2021,St. Lawrence,142,45.25601267740594,2017-2024,Other (142)
2021,Suffolk,142,3.71573215022326,2017-2024,Other (142)
2021,Washington,142,44.01921487859386,2017-2024,Other (142)
2022,Clinton,142,39.1263004398224,2017-2024,Other (142)
2022,Franklin,142,30.9639465340363,2017-2024,Other (142)
2022,Oswego,142,6.73443746688192,2017-2024,Other (142)
2022,Saratoga,142,9.81600506401058,2017-2024,Other (142)
2022,St. Lawrence,142,44.45939225360901,2017-2024,Other (142)
2022,Suffolk,142,3.71573215022326,2017-2024,Other (142)
2023,Clinton,142,18.66124556923554,2017-2024,Other (142)
2023,Franklin,142,12.72841154843758,2017-2024,Other (142)
2023,Oneida,142,4.84085085801752,2017-2024,Other (142)
2023,Orange,142,5.09290943229946,2017-2024,Other (142)
2023,Oswego,142,6.73443746688192,2017-2024,Other (142)
2023,Saratoga,142,13.25329152124527,2017-2024,Other (142)
2023,Suffolk,142,3.71573215022326,2017-2024,Other (142)
2024,Albany,142,2.47075850906628,2017-2024,Other (142)
2024,Allegany,142,34.89959639829324,2017-2024,Other (142)
2024,Broome,142,3.17566055217947,2017-2024,Other (142)
2024,Cattaraugus,142,20.97818477405408,2017-2024,Other (142)
2024,Chautauqua,142,3.00954099917421,2017-2024,Other (142)
2024,Clinton,142,20.19315301999753,2017-2024,Other (142)
2024,Cortland,142,5.6310597074297,2017-2024,Other (142)
2024,Erie,142,18.52364317377463,2017-2024,Other (142)
2024,Essex,142,6.47861648407453,2017-2024,Other (142)
2024,Franklin,142,34.80066333288498,2017-2024,Other (142)
2024,Fulton,142,29.27342454535625,2017-2024,Other (142)
2024,Genesee,142,6.00939016226674,2017-2024,Other (142)
2024,Hamilton,142,11.0545724122633,2017-2024,Other (142)
2024,Herkimer,142,5.84752503931108,2017-2024,Other (142)
2024,Lewis,142,30.64831701484359,2017-2024,Other (142)
2024,Madison,142,12.21039887266025,2017-2024,Other (142)
2024,Montgomery,142,3.494085830662,2017-2024,Other (142)
2024,Oneida,142,6.401199696839139,2017-2024,Other (142)
2024,Onondaga,142,10.4673219950908,2017-2024,Other (142)
2024,Orange,142,2.85290786408525,2017-2024,Other (142)
2024,Oswego,142,17.56043331425478,2017-2024,Other (142)
2024,Otsego,142,2.98831882637343,2017-2024,Other (142)
2024,Saratoga,142,13.88645703335838,2017-2024,Other (142)
2024,Steuben,142,10.613440952509249,2017-2024,Other (142)
2024,Washington,142,9.2010487025989,2017-2024,Other (142)
2024,Wayne,142,6.80401750969303,2017-2024,Other (142)
2024,Wyoming,142,8.16213103030216,2017-2024,Other (142)
2008,Albany,143,12.935489858948868,2008-2015,Other (143)
2008,Broome,143,17.443421116987125,2008-2015,Other (143)
2008,Chemung,143,5.686747707111689,2008-2015,Other (143)
2008,Chenango,143,3.700749435097548,2008-2015,Other (143)
2008,Clinton,143,26.324173437542427,2008-2015,Other (143)
2008,Essex,143,3.3368342641252955,2008-2015,Other (143)
2008,Steuben,143,3.4439446270917724,2008-2015,Other (143)
2009,Chemung,143,10.564132077433287,2008-2015,Other (143)
2009,Clinton,143,3.678991353530858,2008-2015,Other (143)
2009,Greene,143,3.81551157131035,2008-2015,Other (143)
2009,Monroe,143,3.0723556131454735,2008-2015,Other (143)
2009,Montgomery,143,2.9441801199360813,2008-2015,Other (143)
2009,Otsego,143,3.6298304676032545,2008-2015,Other (143)
2009,Tioga,143,40.05731805436768,2008-2015,Other (143)
2009,Ulster,143,3.4358260161998238,2008-2015,Other (143)
2009,Wayne,143,8.805875176315638,2008-2015,Other (143)
2009,Yates,143,21.254149662597698,2008-2015,Other (143)
2010,Allegany,143,3.5162174417818073,2008-2015,Other (143)
2010,Broome,143,7.524593315614996,2008-2015,Other (143)
2010,Chautauqua,143,24.986365378983088,2008-2015,Other (143)
2010,Chemung,143,5.58694104066574,2008-2015,Other (143)
2010,Clinton,143,19.384965734391006,2008-2015,Other (143)
2010,Essex,143,5.576779238434102,2008-2015,Other (143)
2010,Franklin,143,4.301529612667181,2008-2015,Other (143)
2010,Herkimer,143,3.1937194370500244,2008-2015,Other (143)
2010,Monroe,143,3.507789694315967,2008-2015,Other (143)
2010,Onondaga,143,3.2905434067614063,2008-2015,Other (143)
2010,Ontario,143,12.549686918858239,2008-2015,Other (143)
2010,Otsego,143,3.6298304676032545,2008-2015,Other (143)
2010,Steuben,143,9.920411292324548,2008-2015,Other (143)
2010,Suffolk,143,109.08581957615326,2008-2015,Other (143)
2010,Tioga,143,3.5878161500564922,2008-2015,Other (143)
2010,Tompkins,143,2.5834899199698342,2008-2015,Other (143)
2010,Wayne,143,9.22012198379052,2008-2015,Other (143)
2010,Yates,143,4.58102139943625,2008-2015,Other (143)
2011,Allegany,143,8.028814194691613,2008-2015,Other (143)
2011,Broome,143,9.794617756461669,2008-2015,Other (143)
2011,Chautauqua,143,7.115734416182081,2008-2015,Other (143)
2011,Chemung,143,11.273688747777427,2008-2015,Other (143)
2011,Clinton,143,11.570053564246837,2008-2015,Other (143)
2011,Livingston,143,19.230368744640195,2008-2015,Other (143)
2011,Madison,143,9.446911046332946,2008-2015,Other (143)
2011,Monroe,143,3.41786390163558,2008-2015,Other (143)
2011,Oneida,143,4.275107049151056,2008-2015,Other (143)
2011,Orange,143,7.746114846888604,2008-2015,Other (143)
2011,Otsego,143,2.7614209403013628,2008-2015,Other (143)
2011,St. Lawrence,143,10.206590960524379,2008-2015,Other (143)
2011,Steuben,143,3.6392571435785683,2008-2015,Other (143)
2011,Suffolk,143,11.607594269650349,2008-2015,Other (143)
2011,Sullivan,143,9.740652731617166,2008-2015,Other (143)
2011,Tioga,143,53.559490934887435,2008-2015,Other (143)
2011,Ulster,143,2.654666665213801,2008-2015,Other (143)
2011,Wayne,143,7.633231473929589,2008-2015,Other (143)
2012,Allegany,143,4.544125382006127,2008-2015,Other (143)
2012,Chautauqua,143,6.119922067926087,2008-2015,Other (143)
2012,Chemung,143,5.58694104066574,2008-2015,Other (143)
2012,Chenango,143,2.889219002450455,2008-2015,Other (143)
2012,Dutchess,143,6.283140463858843,2008-2015,Other (143)
2012,Greene,143,3.7270875518763,2008-2015,Other (143)
2012,Livingston,143,5.549254884200104,2008-2015,Other (143)
2012,Madison,143,4.05604645035291,2008-2015,Other (143)
2012,Monroe,143,6.19602146667242,2008-2015,Other (143)
2012,Onondaga,143,2.915373760081027,2008-2015,Other (143)
2012,Ontario,143,2.6545316675397412,2008-2015,Other (143)
2012,Orange,143,27.545410938200472,2008-2015,Other (143)
2012,Otsego,143,4.384488122935457,2008-2015,Other (143)
2012,Rensselaer,143,3.5719631801967187,2008-2015,Other (143)
2012,Rockland,143,2.703506944027087,2008-2015,Other (143)
2012,Saratoga,143,20.95684382768612,2008-2015,Other (143)
2012,Steuben,143,2.972094914559277,2008-2015,Other (143)
2012,Suffolk,143,340.64245705625194,2008-2015,Other (143)
2012,Tioga,143,53.182581153807135,2008-2015,Other (143)
2012,Warren,143,4.54586584848344,2008-2015,Other (143)
2012,Westchester,143,35.079209983740654,2008-2015,Other (143)
2013,Broome,143,5.148256465164465,2008-2015,Other (143)
2013,Chautauqua,143,13.097402978363405,2008-2015,Other (143)
2013,Chemung,143,5.58694104066574,2008-2015,Other (143)
2013,Chenango,143,5.865381149252536,2008-2015,Other (143)
2013,Cortland,143,5.775259623584226,2008-2015,Other (143)
2013,Genesee,143,5.379730115653623,2008-2015,Other (143)
2013,Monroe,143,3.7753809188851197,2008-2015,Other (143)
2013,Ontario,143,5.8148206691233275,2008-2015,Other (143)
2013,Otsego,143,3.6298304676032545,2008-2015,Other (143)
2013,Seneca,143,10.752281116970906,2008-2015,Other (143)
2013,Steuben,143,2.972094914559277,2008-2015,Other (143)
2013,Sullivan,143,2.8236725829376743,2008-2015,Other (143)
2013,Tioga,143,50.226058373676665,2008-2015,Other (143)
2013,Tompkins,143,3.6701383902926357,2008-2015,Other (143)
2013,Ulster,143,8.370510752917854,2008-2015,Other (143)
2013,Wayne,143,17.654834175240183,2008-2015,Other (143)
2014,Allegany,143,2.8883529695948154,2008-2015,Other (143)
2014,Broome,143,8.58951634906715,2008-2015,Other (143)
2014,Chemung,143,5.58694104066574,2008-2015,Other (143)
2014,Clinton,143,26.336238418068646,2008-2015,Other (143)
2014,Essex,143,5.362900751367709,2008-2015,Other (143)
2014,Franklin,143,3.468554870645034,2008-2015,Other (143)
2014,Hamilton,143,3.29804313066133,2008-2015,Other (143)
2014,Livingston,143,5.474963110968313,2008-2015,Other (143)
2014,Orange,143,2.78836542723026,2008-2015,Other (143)
2014,Otsego,143,3.6298304676032545,2008-2015,Other (143)
2014,St. Lawrence,143,6.2965283768047104,2008-2015,Other (143)
2014,Steuben,143,3.4439446270917724,2008-2015,Other (143)
2014,Suffolk,143,12.55891837009701,2008-2015,Other (143)
2014,Tioga,143,53.182581153807135,2008-2015,Other (143)
2014,Wayne,143,9.629035953761733,2008-2015,Other (143)
2015,Chemung,143,5.58694104066574,2008-2015,Other (143)
2015,Clinton,143,3.070955652340823,2008-2015,Other (143)
2015,Essex,143,35.93662480225405,2008-2015,Other (143)
2015,Monroe,143,11.18252518629084,2008-2015,Other (143)
2015,Orange,143,17.2045551829231,2008-2015,Other (143)
2015,Sullivan,143,12.052983326038369,2008-2015,Other (143)
2015,Tioga,143,40.1092855823012,2008-2015,Other (143)
2015,Warren,143,3.168198815398671,2008-2015,Other (143)
2016,Broome,143,7.925654253333657,2016-Bridge,Other (143)
2016,Chautauqua,143,5.5622029929780314,2016-Bridge,Other (143)
2016,Clinton,143,14.815201469608159,2016-Bridge,Other (143)
2016,Columbia,143,5.286770510391919,2016-Bridge,Other (143)
2016,Essex,143,6.80959176604748,2016-Bridge,Other (143)
2016,Herkimer,143,3.3125024681620547,2016-Bridge,Other (143)
2016,Orange,143,23.864207924174067,2016-Bridge,Other (143)
2016,Suffolk,143,2.9161865981201696,2016-Bridge,Other (143)
2016,Sullivan,143,9.628211465122348,2016-Bridge,Other (143)
2016,Tioga,143,6.1119055097018755,2016-Bridge,Other (143)
2016,Ulster,143,2.655661643830413,2016-Bridge,Other (143)
2016,Warren,143,3.9127710567957004,2016-Bridge,Other (143)
2016,Wayne,143,10.379816986931285,2016-Bridge,Other (143)
2017,Monroe,143,11.6917454593823,2017-2024,Other (143)
2017,Montgomery,143,3.52855731062163,2017-2024,Other (143)
2017,Nassau,143,6.98696518484906,2017-2024,Other (143)
2017,Niagara,143,6.82528655516045,2017-2024,Other (143)
2017,Orange,143,13.91333079577419,2017-2024,Other (143)
2017,Orleans,143,9.76459405603173,2017-2024,Other (143)
2017,Rensselaer,143,16.77564478773744,2017-2024,Other (143)
2017,Schuyler,143,32.93993981146954,2017-2024,Other (143)
2017,St. Lawrence,143,76.12750038015515,2017-2024,Other (143)
2017,Tompkins,143,3.73491253248328,2017-2024,Other (143)
2017,Wayne,143,24.0131419852014,2017-2024,Other (143)
2017,Wyoming,143,20.03229027082734,2017-2024,Other (143)
2017,Yates,143,5.56501929047929,2017-2024,Other (143)
2018,Albany,143,4.93061838458443,2017-2024,Other (143)
2018,Chenango,143,5.77068964810094,2017-2024,Other (143)
2018,Clinton,143,4.00494920509245,2017-2024,Other (143)
2018,Dutchess,143,12.6169373261007,2017-2024,Other (143)
2018,Herkimer,143,4.08696469980337,2017-2024,Other (143)
2018,Orange,143,19.970169093710602,2017-2024,Other (143)
2018,Orleans,143,2.9178960937304,2017-2024,Other (143)
2018,Rensselaer,143,16.77564478773744,2017-2024,Other (143)
2018,Schuyler,143,12.655889069916,2017-2024,Other (143)
2018,St. Lawrence,143,18.4192726006726,2017-2024,Other (143)
2018,Steuben,143,10.75686362355364,2017-2024,Other (143)
2018,Tioga,143,5.51871244877239,2017-2024,Other (143)
2018,Ulster,143,2.74922855822137,2017-2024,Other (143)
2018,Wayne,143,13.207972488031618,2017-2024,Other (143)
2018,Westchester,143,5.96624086389012,2017-2024,Other (143)
2018,Yates,143,22.2429581135594,2017-2024,Other (143)
2019,Albany,143,25.02514271978508,2017-2024,Other (143)
2019,Allegany,143,4.72953836604645,2017-2024,Other (143)
2019,Cattaraugus,143,18.60530303877392,2017-2024,Other (143)
2019,Chautauqua,143,19.236415044314562,2017-2024,Other (143)
2019,Franklin,143,2.94052102742378,2017-2024,Other (143)
2019,Monroe,143,7.9739997308826,2017-2024,Other (143)
2019,Montgomery,143,9.327006656734909,2017-2024,Other (143)
2019,Oneida,143,5.30672055851333,2017-2024,Other (143)
2019,Orange,143,5.09290943229946,2017-2024,Other (143)
2019,Rensselaer,143,42.468814841451845,2017-2024,Other (143)
2019,Saratoga,143,2.81510504857148,2017-2024,Other (143)
2019,Schoharie,143,3.05286004380435,2017-2024,Other (143)
2019,Schuyler,143,43.23179313551134,2017-2024,Other (143)
2019,Steuben,143,15.00756011625438,2017-2024,Other (143)
2019,Sullivan,143,15.109811894326722,2017-2024,Other (143)
2019,Tioga,143,5.51871244877239,2017-2024,Other (143)
2019,Ulster,143,3.19624419955537,2017-2024,Other (143)
2019,Yates,143,6.97669728271157,2017-2024,Other (143)
2020,Albany,143,4.37569261603981,2017-2024,Other (143)
2020,Allegany,143,2.92507253830729,2017-2024,Other (143)
2020,Cattaraugus,143,12.44403137003566,2017-2024,Other (143)
2020,Chautauqua,143,19.61962367355386,2017-2024,Other (143)
2020,Erie,143,6.81219302642578,2017-2024,Other (143)
2020,Franklin,143,9.69947776693322,2017-2024,Other (143)
2020,Livingston,143,19.09055524644393,2017-2024,Other (143)
2020,Montgomery,143,3.52855731062163,2017-2024,Other (143)
2020,Niagara,143,6.82528655516045,2017-2024,Other (143)
2020,Orleans,143,11.12827235778012,2017-2024,Other (143)
2020,Rensselaer,143,11.602173038383992,2017-2024,Other (143)
2020,Saratoga,143,6.176644911021031,2017-2024,Other (143)
2020,Schuyler,143,22.9477423939578,2017-2024,Other (143)
2020,St. Lawrence,143,25.4696700272564,2017-2024,Other (143)
2020,Steuben,143,6.61470841431429,2017-2024,Other (143)
2020,Suffolk,143,7.925884012811601,2017-2024,Other (143)
2020,Sullivan,143,6.33276743863646,2017-2024,Other (143)
2020,Tioga,143,5.51871244877239,2017-2024,Other (143)
2020,Washington,143,3.49080180420311,2017-2024,Other (143)
2020,Wayne,143,6.9859578106555595,2017-2024,Other (143)
2021,Albany,143,6.61397107429933,2017-2024,Other (143)
2021,Chautauqua,143,20.40968485126036,2017-2024,Other (143)
2021,Clinton,143,2.44710874853453,2017-2024,Other (143)
2021,Erie,143,3.98046337900104,2017-2024,Other (143)
2021,Livingston,143,12.71524157324688,2017-2024,Other (143)
2021,Montgomery,143,8.50738071469217,2017-2024,Other (143)
2021,Oneida,143,2.93753160481136,2017-2024,Other (143)
2021,Orange,143,5.09290943229946,2017-2024,Other (143)
2021,Rensselaer,143,22.32687658980589,2017-2024,Other (143)
2021,Saratoga,143,3.91034983310055,2017-2024,Other (143)
2021,Schuyler,143,10.2918533240418,2017-2024,Other (143)
2021,Steuben,143,15.244773583734041,2017-2024,Other (143)
2021,Suffolk,143,4.01853861534488,2017-2024,Other (143)
2021,Tioga,143,11.07304335056875,2017-2024,Other (143)
2021,Wayne,143,10.12609782828796,2017-2024,Other (143)
2022,Clinton,143,4.25742653836552,2017-2024,Other (143)
2022,Erie,143,3.98046337900104,2017-2024,Other (143)
2022,Livingston,143,12.71524157324688,2017-2024,Other (143)
2022,Montgomery,143,3.52855731062163,2017-2024,Other (143)
2022,Orange,143,5.09290943229946,2017-2024,Other (143)
2022,Rensselaer,143,4.1573569370245,2017-2024,Other (143)
2022,Schoharie,143,51.119016632032896,2017-2024,Other (143)
2022,Steuben,143,6.61470841431429,2017-2024,Other (143)
2022,Ulster,143,2.75155050946842,2017-2024,Other (143)
2022,Washington,143,2.56104689077162,2017-2024,Other (143)
2022,Wayne,143,3.45057215615063,2017-2024,Other (143)
2023,Allegany,143,3.11711219545436,2017-2024,Other (143)
2023,Cattaraugus,143,3.38032104691358,2017-2024,Other (143)
2023,Erie,143,3.98046337900104,2017-2024,Other (143)
2023,Rensselaer,143,10.7247035514219,2017-2024,Other (143)
2023,Schoharie,143,19.560400224253538,2017-2024,Other (143)
2023,Steuben,143,3.72372848160552,2017-2024,Other (143)
2023,Tioga,143,3.13935510893326,2017-2024,Other (143)
2024,Albany,143,54.089369813264895,2017-2024,Other (143)
2024,Allegany,143,30.48510779005543,2017-2024,Other (143)
2024,Broome,143,4.13914942344547,2017-2024,Other (143)
2024,Cattaraugus,143,57.36382277820838,2017-2024,Other (143)
2024,Cayuga,143,3.87663960134347,2017-2024,Other (143)
2024,Chautauqua,143,117.22911362793508,2017-2024,Other (143)
2024,Chemung,143,8.10466162697846,2017-2024,Other (143)
2024,Chenango,143,3.64810370657131,2017-2024,Other (143)
2024,Cortland,143,23.60496183009016,2017-2024,Other (143)
2024,Delaware,143,21.48008218512841,2017-2024,Other (143)
2024,Erie,143,5.50827437785721,2017-2024,Other (143)
2024,Genesee,143,4.07449395746164,2017-2024,Other (143)
2024,Greene,143,14.89953286122828,2017-2024,Other (143)
2024,Livingston,143,8.19242484408025,2017-2024,Other (143)
2024,Monroe,143,22.81631095019172,2017-2024,Other (143)
2024,Niagara,143,3.08591781674888,2017-2024,Other (143)
2024,Oneida,143,10.85124553192777,2017-2024,Other (143)
2024,Onondaga,143,3.34292301524826,2017-2024,Other (143)
2024,Orange,143,19.60127176423929,2017-2024,Other (143)
2024,Rensselaer,143,16.88699138016114,2017-2024,Other (143)
2024,Saratoga,143,3.10972747132823,2017-2024,Other (143)
2024,Schoharie,143,3.30968490255097,2017-2024,Other (143)
2024,Schuyler,143,8.12954557202006,2017-2024,Other (143)
2024,Steuben,143,38.95503507007465,2017-2024,Other (143)
2024,Suffolk,143,73.82834370225329,2017-2024,Other (143)
2024,Sullivan,143,5.580175122862061,2017-2024,Other (143)
2024,Tioga,143,33.00898480071031,2017-2024,Other (143)
2024,Tompkins,143,12.26305644503848,2017-2024,Other (143)
2024,Ulster,143,14.905768673620049,2017-2024,Other (143)
2024,Washington,143,7.12196747750088,2017-2024,Other (143)
2024,Wayne,143,64.42899992629667,2017-2024,Other (143)
2024,Wyoming,143,16.30562898707564,2017-2024,Other (143)
2008,Albany,152,4.594640356278612,2008-2015,Other (152)
2008,Allegany,152,23.64493504797293,2008-2015,Other (152)
2008,Cattaraugus,152,43.50998890995665,2008-2015,Other (152)
2008,Cayuga,152,20.01731808659019,2008-2015,Other (152)
2008,Chautauqua,152,3.3644733318189606,2008-2015,Other (152)
2008,Chemung,152,15.13588068264095,2008-2015,Other (152)
2008,Chenango,152,23.14321110301203,2008-2015,Other (152)
2008,Clinton,152,357.1953906347501,2008-2015,Other (152)
2008,Columbia,152,27.080435893499203,2008-2015,Other (152)
2008,Cortland,152,23.422686731729723,2008-2015,Other (152)
2008,Delaware,152,3.0433410401590946,2008-2015,Other (152)
2008,Dutchess,152,11.408526564466769,2008-2015,Other (152)
2008,Erie,152,2.326884663069376,2008-2015,Other (152)
2008,Essex,152,52.12405677882658,2008-2015,Other (152)
2008,Franklin,152,172.10073758505777,2008-2015,Other (152)
2008,Fulton,152,9.290309946691021,2008-2015,Other (152)
2008,Genesee,152,3.6932450591401293,2008-2015,Other (152)
2008,Hamilton,152,11.658037148245418,2008-2015,Other (152)
2008,Herkimer,152,64.22743455919962,2008-2015,Other (152)
2008,Jefferson,152,489.74829929670494,2008-2015,Other (152)
2008,Lewis,152,326.8796930861875,2008-2015,Other (152)
2008,Livingston,152,4.099562073977126,2008-2015,Other (152)
2008,Madison,152,155.87153976545574,2008-2015,Other (152)
2008,Montgomery,152,21.597895751801598,2008-2015,Other (152)
2008,Niagara,152,6.686587327656706,2008-2015,Other (152)
2008,Oneida,152,149.72400121838845,2008-2015,Other (152)
2008,Onondaga,152,63.827323716846976,2008-2015,Other (152)
2008,Ontario,152,13.24136879838905,2008-2015,Other (152)
2008,Oswego,152,82.11858781348806,2008-2015,Other (152)
2008,Otsego,152,30.817601948925066,2008-2015,Other (152)
2008,Putnam,152,3.4303523610194593,2008-2015,Other (152)
2008,Rensselaer,152,46.12988118704792,2008-2015,Other (152)
2008,Saratoga,152,14.200517048888784,2008-2015,Other (152)
2008,Schoharie,152,12.17592272480178,2008-2015,Other (152)
2008,Schuyler,152,37.95857889078884,2008-2015,Other (152)
2008,Seneca,152,46.85456042756859,2008-2015,Other (152)
2008,St. Lawrence,152,103.88737485929391,2008-2015,Other (152)
2008,Steuben,152,123.98099000009843,2008-2015,Other (152)
2008,Suffolk,152,25.52174101485178,2008-2015,Other (152)
2008,Sullivan,152,15.299630052819229,2008-2015,Other (152)
2008,Tompkins,152,33.37351349663472,2008-2015,Other (152)
2008,Ulster,152,5.645617637530072,2008-2015,Other (152)
2008,Warren,152,23.252501800247305,2008-2015,Other (152)
2008,Washington,152,30.70682514888056,2008-2015,Other (152)
2008,Wayne,152,15.549281087666019,2008-2015,Other (152)
2008,Wyoming,152,20.19184942290253,2008-2015,Other (152)
2008,Yates,152,31.25513158413896,2008-2015,Other (152)
2009,Albany,152,2.798004623478092,2008-2015,Other (152)
2009,Allegany,152,47.25187337411123,2008-2015,Other (152)
2009,Broome,152,2.938356796697353,2008-2015,Other (152)
2009,Cattaraugus,152,66.63445057632373,2008-2015,Other (152)
2009,Cayuga,152,51.108495703212625,2008-2015,Other (152)
2009,Chautauqua,152,50.93847865707353,2008-2015,Other (152)
2009,Chemung,152,3.291385556831331,2008-2015,Other (152)
2009,Chenango,152,19.430850063032064,2008-2015,Other (152)
2009,Clinton,152,214.1234265649493,2008-2015,Other (152)
2009,Columbia,152,13.236106718154819,2008-2015,Other (152)
2009,Cortland,152,17.26852153879506,2008-2015,Other (152)
2009,Dutchess,152,32.65807299782726,2008-2015,Other (152)
2009,Erie,152,7.975886345171045,2008-2015,Other (152)
2009,Essex,152,61.11551106132214,2008-2015,Other (152)
2009,Franklin,152,129.48347329382497,2008-2015,Other (152)
2009,Fulton,152,2.7467287525396076,2008-2015,Other (152)
2009,Genesee,152,13.188771468288198,2008-2015,Other (152)
2009,Hamilton,152,25.580866101057346,2008-2015,Other (152)
2009,Herkimer,152,77.23720531537762,2008-2015,Other (152)
2009,Jefferson,152,698.2135611631354,2008-2015,Other (152)
2009,Lewis,152,428.2048008681079,2008-2015,Other (152)
2009,Livingston,152,56.504616546425616,2008-2015,Other (152)
2009,Madison,152,87.34707151327535,2008-2015,Other (152)
2009,Oneida,152,228.7278890711405,2008-2015,Other (152)
2009,Onondaga,152,59.11895183930686,2008-2015,Other (152)
2009,Ontario,152,15.05189925529399,2008-2015,Other (152)
2009,Orange,152,5.799811652604113,2008-2015,Other (152)
2009,Oswego,152,117.24052464904612,2008-2015,Other (152)
2009,Otsego,152,3.5127229102182453,2008-2015,Other (152)
2009,Rensselaer,152,28.167448596960888,2008-2015,Other (152)
2009,Saratoga,152,20.300014693272875,2008-2015,Other (152)
2009,Schuyler,152,10.480335862663114,2008-2015,Other (152)
2009,Seneca,152,35.57721886733169,2008-2015,Other (152)
2009,St. Lawrence,152,406.1998673347046,2008-2015,Other (152)
2009,Steuben,152,99.42085065832654,2008-2015,Other (152)
2009,Suffolk,152,29.024162315480755,2008-2015,Other (152)
2009,Sullivan,152,39.24082650176392,2008-2015,Other (152)
2009,Tioga,152,15.133898433348396,2008-2015,Other (152)
2009,Tompkins,152,15.034234148119529,2008-2015,Other (152)
2009,Ulster,152,55.96595739897601,2008-2015,Other (152)
2009,Warren,152,26.610411832202036,2008-2015,Other (152)
2009,Washington,152,26.84127342389177,2008-2015,Other (152)
2009,Wyoming,152,22.672385514101855,2008-2015,Other (152)
2009,Yates,152,15.419830634337647,2008-2015,Other (152)
2010,Albany,152,446.5335117477175,2008-2015,Other (152)
2010,Allegany,152,644.2132201258197,2008-2015,Other (152)
2010,Broome,152,184.64633629190007,2008-2015,Other (152)
2010,Cattaraugus,152,287.1647642320397,2008-2015,Other (152)
2010,Cayuga,152,306.41425076029566,2008-2015,Other (152)
2010,Chautauqua,152,770.4032384187742,2008-2015,Other (152)
2010,Chemung,152,147.6780134583455,2008-2015,Other (152)
2010,Chenango,152,641.1514822625835,2008-2015,Other (152)
2010,Clinton,152,528.1884985056273,2008-2015,Other (152)
2010,Columbia,152,303.04392494578525,2008-2015,Other (152)
2010,Cortland,152,166.35520026863557,2008-2015,Other (152)
2010,Delaware,152,35.70943718146947,2008-2015,Other (152)
2010,Dutchess,152,408.31919739753204,2008-2015,Other (152)
2010,Erie,152,107.50722593292878,2008-2015,Other (152)
2010,Essex,152,288.81829072543695,2008-2015,Other (152)
2010,Franklin,152,1104.8040609227842,2008-2015,Other (152)
2010,Fulton,152,78.76595087257829,2008-2015,Other (152)
2010,Genesee,152,114.06807878531652,2008-2015,Other (152)
2010,Greene,152,55.64288336203294,2008-2015,Other (152)
2010,Hamilton,152,42.356131565763455,2008-2015,Other (152)
2010,Herkimer,152,1083.123053658539,2008-2015,Other (152)
2010,Jefferson,152,5918.885296893435,2008-2015,Other (152)
2010,Lewis,152,1482.8745956540674,2008-2015,Other (152)
2010,Livingston,152,715.4942262685838,2008-2015,Other (152)
2010,Madison,152,1532.2410904040362,2008-2015,Other (152)
2010,Monroe,152,187.15840601514088,2008-2015,Other (152)
2010,Montgomery,152,262.3561589046355,2008-2015,Other (152)
2010,Niagara,152,398.5724452302246,2008-2015,Other (152)
2010,Oneida,152,2785.9617592897966,2008-2015,Other (152)
2010,Onondaga,152,506.6731788079814,2008-2015,Other (152)
2010,Ontario,152,381.3942785180252,2008-2015,Other (152)
2010,Orange,152,658.2522483447187,2008-2015,Other (152)
2010,Orleans,152,17.441495886094593,2008-2015,Other (152)
2010,Oswego,152,746.4624351649973,2008-2015,Other (152)
2010,Otsego,152,271.15903212571095,2008-2015,Other (152)
2010,Putnam,152,33.12295767119432,2008-2015,Other (152)
2010,Rensselaer,152,522.9251849927605,2008-2015,Other (152)
2010,Saratoga,152,321.72902410935717,2008-2015,Other (152)
2010,Schenectady,152,172.16551211533604,2008-2015,Other (152)
2010,Schoharie,152,256.99319073641294,2008-2015,Other (152)
2010,Schuyler,152,673.7120003082287,2008-2015,Other (152)
2010,Seneca,152,380.65553772365047,2008-2015,Other (152)
2010,St. Lawrence,152,3104.3206937290392,2008-2015,Other (152)
2010,Steuben,152,962.6231616966859,2008-2015,Other (152)
2010,Suffolk,152,1169.5506079819042,2008-2015,Other (152)
2010,Sullivan,152,59.56671036960171,2008-2015,Other (152)
2010,Tioga,152,149.43094352501856,2008-2015,Other (152)
2010,Tompkins,152,265.25732717524346,2008-2015,Other (152)
2010,Ulster,152,146.79397346091272,2008-2015,Other (152)
2010,Warren,152,54.93239346552838,2008-2015,Other (152)
2010,Washington,152,590.0137710744029,2008-2015,Other (152)
2010,Wayne,152,574.8232167495568,2008-2015,Other (152)
2010,Westchester,152,59.121520890845154,2008-2015,Other (152)
2010,Wyoming,152,197.3374784644566,2008-2015,Other (152)
2010,Yates,152,531.4348299924658,2008-2015,Other (152)
2011,Albany,152,153.82435034585592,2008-2015,Other (152)
2011,Allegany,152,1121.6644806874876,2008-2015,Other (152)
2011,Broome,152,51.52136576094371,2008-2015,Other (152)
2011,Cattaraugus,152,567.4170400966151,2008-2015,Other (152)
2011,Cayuga,152,670.873335804851,2008-2015,Other (152)
2011,Chautauqua,152,1099.0555673442452,2008-2015,Other (152)
2011,Chemung,152,461.71750310736945,2008-2015,Other (152)
2011,Chenango,152,463.36575822013015,2008-2015,Other (152)
2011,Clinton,152,1940.0876801674087,2008-2015,Other (152)
2011,Columbia,152,758.3483680269468,2008-2015,Other (152)
2011,Cortland,152,382.7123446546171,2008-2015,Other (152)
2011,Delaware,152,20.02365414279147,2008-2015,Other (152)
2011,Dutchess,152,740.6723319524781,2008-2015,Other (152)
2011,Erie,152,316.7888224856344,2008-2015,Other (152)
2011,Essex,152,329.15709777406187,2008-2015,Other (152)
2011,Franklin,152,1176.942776179551,2008-2015,Other (152)
2011,Fulton,152,192.5404802111531,2008-2015,Other (152)
2011,Genesee,152,271.71634651599936,2008-2015,Other (152)
2011,Greene,152,60.173184630625414,2008-2015,Other (152)
2011,Hamilton,152,76.7081753633664,2008-2015,Other (152)
2011,Herkimer,152,4074.134214515039,2008-2015,Other (152)
2011,Jefferson,152,3911.2741765458554,2008-2015,Other (152)
2011,Lewis,152,2144.904292747202,2008-2015,Other (152)
2011,Livingston,152,886.1568335670056,2008-2015,Other (152)
2011,Madison,152,3178.352312733745,2008-2015,Other (152)
2011,Monroe,152,1287.953208216584,2008-2015,Other (152)
2011,Montgomery,152,269.3052952232782,2008-2015,Other (152)
2011,Nassau,152,6.251025867821529,2008-2015,Other (152)
2011,Niagara,152,163.06672061174464,2008-2015,Other (152)
2011,Oneida,152,4998.613143318083,2008-2015,Other (152)
2011,Onondaga,152,1221.7762655956628,2008-2015,Other (152)
2011,Ontario,152,628.8570750057679,2008-2015,Other (152)
2011,Orange,152,389.4038905403665,2008-2015,Other (152)
2011,Orleans,152,235.68893866155457,2008-2015,Other (152)
2011,Oswego,152,1953.6324911678178,2008-2015,Other (152)
2011,Otsego,152,911.3355745418651,2008-2015,Other (152)
2011,Putnam,152,80.20560806521021,2008-2015,Other (152)
2011,Rensselaer,152,454.6401689191369,2008-2015,Other (152)
2011,Richmond,152,5.020654695214071,2008-2015,Other (152)
2011,Rockland,152,2.423744019116565,2008-2015,Other (152)
2011,Saratoga,152,537.180432194616,2008-2015,Other (152)
2011,Schenectady,152,36.78063430035391,2008-2015,Other (152)
2011,Schoharie,152,146.42945100924058,2008-2015,Other (152)
2011,Schuyler,152,1466.0666482852046,2008-2015,Other (152)
2011,Seneca,152,758.658795678864,2008-2015,Other (152)
2011,St. Lawrence,152,3860.4842170132943,2008-2015,Other (152)
2011,Steuben,152,3043.8496541335185,2008-2015,Other (152)
2011,Suffolk,152,941.286146577011,2008-2015,Other (152)
2011,Sullivan,152,38.89425955419725,2008-2015,Other (152)
2011,Tioga,152,428.0950062554048,2008-2015,Other (152)
2011,Tompkins,152,680.9461153157415,2008-2015,Other (152)
2011,Ulster,152,97.27487600881243,2008-2015,Other (152)
2011,Warren,152,28.602951231018633,2008-2015,Other (152)
2011,Washington,152,922.9970877560007,2008-2015,Other (152)
2011,Wayne,152,369.1705555786075,2008-2015,Other (152)
2011,Westchester,152,43.5412628062824,2008-2015,Other (152)
2011,Wyoming,152,491.01790640705383,2008-2015,Other (152)
2011,Yates,152,455.9499195747198,2008-2015,Other (152)
2012,Albany,152,348.13454349754755,2008-2015,Other (152)
2012,Allegany,152,1364.570712811632,2008-2015,Other (152)
2012,Broome,152,30.192959104874323,2008-2015,Other (152)
2012,Cattaraugus,152,747.5653771962074,2008-2015,Other (152)
2012,Cayuga,152,809.5508112858626,2008-2015,Other (152)
2012,Chautauqua,152,1674.1356354552836,2008-2015,Other (152)
2012,Chemung,152,285.48417960578746,2008-2015,Other (152)
2012,Chenango,152,386.39774850597996,2008-2015,Other (152)
2012,Clinton,152,2293.2661457848753,2008-2015,Other (152)
2012,Columbia,152,1119.6129831057056,2008-2015,Other (152)
2012,Cortland,152,435.40113591276474,2008-2015,Other (152)
2012,Delaware,152,15.066052510985303,2008-2015,Other (152)
2012,Dutchess,152,1197.6667820819514,2008-2015,Other (152)
2012,Erie,152,361.76605228082093,2008-2015,Other (152)
2012,Essex,152,495.24355313613864,2008-2015,Other (152)
2012,Franklin,152,1720.2979694384398,2008-2015,Other (152)
2012,Fulton,152,133.29161468282282,2008-2015,Other (152)
2012,Genesee,152,448.57825725691043,2008-2015,Other (152)
2012,Greene,152,156.0914832768866,2008-2015,Other (152)
2012,Hamilton,152,20.83368946126236,2008-2015,Other (152)
2012,Herkimer,152,3218.9053530501815,2008-2015,Other (152)
2012,Jefferson,152,11209.979305603463,2008-2015,Other (152)
2012,Lewis,152,1921.3283272638043,2008-2015,Other (152)
2012,Livingston,152,1206.3144600925564,2008-2015,Other (152)
2012,Madison,152,2417.4310107166193,2008-2015,Other (152)
2012,Monroe,152,1252.7700597023393,2008-2015,Other (152)
2012,Montgomery,152,335.33344561795684,2008-2015,Other (152)
2012,Niagara,152,78.15484933802463,2008-2015,Other (152)
2012,Oneida,152,3902.2237518775464,2008-2015,Other (152)
2012,Onondaga,152,868.8842667762787,2008-2015,Other (152)
2012,Ontario,152,1547.9973251884028,2008-2015,Other (152)
2012,Orange,152,204.34081297948035,2008-2015,Other (152)
2012,Orleans,152,426.0584166289221,2008-2015,Other (152)
2012,Oswego,152,2662.6829671059318,2008-2015,Other (152)
2012,Otsego,152,1673.5160249691207,2008-2015,Other (152)
2012,Putnam,152,39.25893525792283,2008-2015,Other (152)
2012,Rensselaer,152,551.0558437166856,2008-2015,Other (152)
2012,Rockland,152,28.904729928549223,2008-2015,Other (152)
2012,Saratoga,152,521.4992513297407,2008-2015,Other (152)
2012,Schenectady,152,132.95172267123525,2008-2015,Other (152)
2012,Schoharie,152,141.22470601965415,2008-2015,Other (152)
2012,Schuyler,152,376.31536831725333,2008-2015,Other (152)
2012,Seneca,152,402.6345221537258,2008-2015,Other (152)
2012,St. Lawrence,152,4365.836053098303,2008-2015,Other (152)
2012,Steuben,152,2533.0226013276356,2008-2015,Other (152)
2012,Suffolk,152,1032.1018087917655,2008-2015,Other (152)
2012,Sullivan,152,70.59546383969322,2008-2015,Other (152)
2012,Tioga,152,381.32892711982845,2008-2015,Other (152)
2012,Tompkins,152,509.81433872667515,2008-2015,Other (152)
2012,Ulster,152,189.22564178764858,2008-2015,Other (152)
2012,Warren,152,74.09043336864862,2008-2015,Other (152)
2012,Washington,152,1249.6130026543349,2008-2015,Other (152)
2012,Wayne,152,2303.950525078034,2008-2015,Other (152)
2012,Westchester,152,98.31145954287568,2008-2015,Other (152)
2012,Wyoming,152,407.1828898339792,2008-2015,Other (152)
2012,Yates,152,703.6570014519874,2008-2015,Other (152)
2013,Albany,152,2.798004623478092,2008-2015,Other (152)
2013,Allegany,152,92.67938125177794,2008-2015,Other (152)
2013,Broome,152,3.2562575686145,2008-2015,Other (152)
2013,Cattaraugus,152,202.75852704226475,2008-2015,Other (152)
2013,Cayuga,152,27.64071242465125,2008-2015,Other (152)
2013,Chautauqua,152,158.21186913110736,2008-2015,Other (152)
2013,Chemung,152,28.391605908994276,2008-2015,Other (152)
2013,Chenango,152,24.60519560559438,2008-2015,Other (152)
2013,Clinton,152,365.48855177929124,2008-2015,Other (152)
2013,Columbia,152,43.300438443361045,2008-2015,Other (152)
2013,Cortland,152,66.27003963560423,2008-2015,Other (152)
2013,Delaware,152,5.806220394370523,2008-2015,Other (152)
2013,Dutchess,152,64.92595163897856,2008-2015,Other (152)
2013,Erie,152,15.824651911547615,2008-2015,Other (152)
2013,Essex,152,100.08023873590807,2008-2015,Other (152)
2013,Franklin,152,325.75231945233213,2008-2015,Other (152)
2013,Fulton,152,11.656076942732614,2008-2015,Other (152)
2013,Genesee,152,4.466582906749683,2008-2015,Other (152)
2013,Greene,152,4.085926978390268,2008-2015,Other (152)
2013,Hamilton,152,25.650281059295768,2008-2015,Other (152)
2013,Herkimer,152,62.780536447189974,2008-2015,Other (152)
2013,Jefferson,152,1164.333492118817,2008-2015,Other (152)
2013,Lewis,152,534.4477901297057,2008-2015,Other (152)
2013,Livingston,152,84.0895324004542,2008-2015,Other (152)
2013,Madison,152,153.42066081359354,2008-2015,Other (152)
2013,Niagara,152,6.936405052173567,2008-2015,Other (152)
2013,Oneida,152,358.67943612781477,2008-2015,Other (152)
2013,Onondaga,152,39.12646010288217,2008-2015,Other (152)
2013,Ontario,152,51.50580560866712,2008-2015,Other (152)
2013,Orange,152,3.6892201885017983,2008-2015,Other (152)
2013,Oswego,152,165.4164849476116,2008-2015,Other (152)
2013,Otsego,152,6.547004866074573,2008-2015,Other (152)
2013,Rensselaer,152,24.484447432179486,2008-2015,Other (152)
2013,Saratoga,152,22.717918654418664,2008-2015,Other (152)
2013,Schoharie,152,3.317343625821874,2008-2015,Other (152)
2013,Schuyler,152,24.48409454699993,2008-2015,Other (152)
2013,Seneca,152,28.59750406628566,2008-2015,Other (152)
2013,St. Lawrence,152,585.8797321601372,2008-2015,Other (152)
2013,Steuben,152,140.40766482759713,2008-2015,Other (152)
2013,Suffolk,152,14.559097845490966,2008-2015,Other (152)
2013,Sullivan,152,13.685565883275629,2008-2015,Other (152)
2013,Tioga,152,29.00574179855654,2008-2015,Other (152)
2013,Tompkins,152,32.70865620711639,2008-2015,Other (152)
2013,Ulster,152,9.09513548655119,2008-2015,Other (152)
2013,Warren,152,34.453867656307736,2008-2015,Other (152)
2013,Washington,152,36.79442832220958,2008-2015,Other (152)
2013,Wayne,152,10.740050262383903,2008-2015,Other (152)
2013,Westchester,152,3.4486880207095227,2008-2015,Other (152)
2013,Wyoming,152,78.1936346037465,2008-2015,Other (152)
2013,Yates,152,12.94201237436203,2008-2015,Other (152)
2014,Allegany,152,19.269643182617912,2008-2015,Other (152)
2014,Broome,152,3.750336284849072,2008-2015,Other (152)
2014,Cattaraugus,152,62.28095697331022,2008-2015,Other (152)
2014,Cayuga,152,25.278321636216162,2008-2015,Other (152)
2014,Chautauqua,152,10.575578155939228,2008-2015,Other (152)
2014,Chemung,152,37.86146257841231,2008-2015,Other (152)
2014,Chenango,152,4.373283401450695,2008-2015,Other (152)
2014,Clinton,152,64.31310202241627,2008-2015,Other (152)
2014,Columbia,152,52.152716559412596,2008-2015,Other (152)
2014,Cortland,152,44.25247646180926,2008-2015,Other (152)
2014,Essex,152,29.633167309204026,2008-2015,Other (152)
2014,Franklin,152,90.32683457456181,2008-2015,Other (152)
2014,Fulton,152,8.687386698882165,2008-2015,Other (152)
2014,Greene,152,12.56397883913775,2008-2015,Other (152)
2014,Herkimer,152,62.716691305999326,2008-2015,Other (152)
2014,Jefferson,152,509.2381610461836,2008-2015,Other (152)
2014,Lewis,152,280.3394402887065,2008-2015,Other (152)
2014,Livingston,152,84.49846409472306,2008-2015,Other (152)
2014,Madison,152,86.62350868533143,2008-2015,Other (152)
2014,Monroe,152,2.5820364374154936,2008-2015,Other (152)
2014,Nassau,152,6.513826308417569,2008-2015,Other (152)
2014,Oneida,152,219.95202604251804,2008-2015,Other (152)
2014,Onondaga,152,58.21457808641893,2008-2015,Other (152)
2014,Ontario,152,7.334462360411166,2008-2015,Other (152)
2014,Orange,152,2.709005306190463,2008-2015,Other (152)
2014,Oswego,152,158.75635753399038,2008-2015,Other (152)
2014,Otsego,152,4.691090066518807,2008-2015,Other (152)
2014,Rensselaer,152,6.0448591224515775,2008-2015,Other (152)
2014,Saratoga,152,2.615247617523483,2008-2015,Other (152)
2014,Schoharie,152,2.9535261919686775,2008-2015,Other (152)
2014,Schuyler,152,9.44732400229061,2008-2015,Other (152)
2014,Seneca,152,22.490877667430176,2008-2015,Other (152)
2014,St. Lawrence,152,467.5245314226067,2008-2015,Other (152)
2014,Steuben,152,37.947528509431464,2008-2015,Other (152)
2014,Suffolk,152,25.080211610876965,2008-2015,Other (152)
2014,Sullivan,152,12.647291173101394,2008-2015,Other (152)
2014,Tioga,152,11.880745706771458,2008-2015,Other (152)
2014,Tompkins,152,2.7486080194438998,2008-2015,Other (152)
2014,Ulster,152,28.01340088648569,2008-2015,Other (152)
2014,Warren,152,2.9776123801496377,2008-2015,Other (152)
2014,Washington,152,12.976793160079241,2008-2015,Other (152)
2014,Wyoming,152,7.091092117879968,2008-2015,Other (152)
2014,Yates,152,18.89609635897737,2008-2015,Other (152)
2015,Albany,152,2.2487061696861312,2008-2015,Other (152)
2015,Allegany,152,119.63621750314816,2008-2015,Other (152)
2015,Cattaraugus,152,54.454156517082495,2008-2015,Other (152)
2015,Cayuga,152,54.428370809274455,2008-2015,Other (152)
2015,Chautauqua,152,3.61162997595002,2008-2015,Other (152)
2015,Chemung,152,36.932730647781575,2008-2015,Other (152)
2015,Chenango,152,59.0297465442376,2008-2015,Other (152)
2015,Clinton,152,104.11162675761109,2008-2015,Other (152)
2015,Columbia,152,53.65012336885593,2008-2015,Other (152)
2015,Cortland,152,70.95455186617562,2008-2015,Other (152)
2015,Delaware,152,18.236566932404596,2008-2015,Other (152)
2015,Dutchess,152,46.1760459390845,2008-2015,Other (152)
2015,Erie,152,32.396636908728496,2008-2015,Other (152)
2015,Essex,152,27.69710198129073,2008-2015,Other (152)
2015,Franklin,152,135.83337612104634,2008-2015,Other (152)
2015,Fulton,152,3.8773413249882904,2008-2015,Other (152)
2015,Genesee,152,17.322064099872577,2008-2015,Other (152)
2015,Greene,152,9.773756580823239,2008-2015,Other (152)
2015,Herkimer,152,75.27283663520117,2008-2015,Other (152)
2015,Jefferson,152,1429.910647344404,2008-2015,Other (152)
2015,Lewis,152,486.1154601312319,2008-2015,Other (152)
2015,Livingston,152,90.17775637475951,2008-2015,Other (152)
2015,Madison,152,379.9310667062298,2008-2015,Other (152)
2015,Monroe,152,29.439084697431223,2008-2015,Other (152)
2015,Montgomery,152,16.011729422481608,2008-2015,Other (152)
2015,Niagara,152,3.1050648936166936,2008-2015,Other (152)
2015,Oneida,152,675.3336115500587,2008-2015,Other (152)
2015,Onondaga,152,109.44553145653748,2008-2015,Other (152)
2015,Ontario,152,78.59079765781604,2008-2015,Other (152)
2015,Orange,152,6.815543448413466,2008-2015,Other (152)
2015,Oswego,152,288.3100663122927,2008-2015,Other (152)
2015,Otsego,152,22.081503262534202,2008-2015,Other (152)
2015,Putnam,152,3.778695606306269,2008-2015,Other (152)
2015,Rensselaer,152,24.809350418310608,2008-2015,Other (152)
2015,Saratoga,152,32.61008285264934,2008-2015,Other (152)
2015,Schenectady,152,3.5709028695975733,2008-2015,Other (152)
2015,Schoharie,152,2.9456317111721155,2008-2015,Other (152)
2015,Schuyler,152,144.3019727984604,2008-2015,Other (152)
2015,Seneca,152,41.99276450755535,2008-2015,Other (152)
2015,St. Lawrence,152,515.5961632447867,2008-2015,Other (152)
2015,Steuben,152,331.01848846731735,2008-2015,Other (152)
2015,Suffolk,152,53.47921846168642,2008-2015,Other (152)
2015,Tioga,152,23.244788519193236,2008-2015,Other (152)
2015,Tompkins,152,58.42677783256082,2008-2015,Other (152)
2015,Ulster,152,9.245077650999457,2008-2015,Other (152)
2015,Washington,152,63.13227292659986,2008-2015,Other (152)
2015,Wayne,152,3.3361133992943626,2008-2015,Other (152)
2015,Westchester,152,2.8774489760729733,2008-2015,Other (152)
2015,Wyoming,152,52.53751583643196,2008-2015,Other (152)
2015,Yates,152,75.86646000797153,2008-2015,Other (152)
2016,Albany,152,2.722330992572615,2016-Bridge,Other (152)
2016,Allegany,152,29.873435854833293,2016-Bridge,Other (152)
2016,Broome,152,2.930497424771869,2016-Bridge,Other (152)
2016,Cattaraugus,152,19.90559310950906,2016-Bridge,Other (152)
2016,Cayuga,152,18.5473555767835,2016-Bridge,Other (152)
2016,Chautauqua,152,30.15633358058666,2016-Bridge,Other (152)
2016,Chemung,152,68.89354518287318,2016-Bridge,Other (152)
2016,Chenango,152,46.17983653506469,2016-Bridge,Other (152)
2016,Clinton,152,82.52305133869581,2016-Bridge,Other (152)
2016,Columbia,152,6.373594192957199,2016-Bridge,Other (152)
2016,Cortland,152,74.91406778455988,2016-Bridge,Other (152)
2016,Dutchess,152,31.636351484610767,2016-Bridge,Other (152)
2016,Erie,152,14.860578287439438,2016-Bridge,Other (152)
2016,Essex,152,31.048234616770987,2016-Bridge,Other (152)
2016,Franklin,152,85.72865578765598,2016-Bridge,Other (152)
2016,Genesee,152,10.052020870024801,2016-Bridge,Other (152)
2016,Greene,152,8.897237480518665,2016-Bridge,Other (152)
2016,Herkimer,152,85.48539870125241,2016-Bridge,Other (152)
2016,Jefferson,152,1219.6172449544304,2016-Bridge,Other (152)
2016,Lewis,152,376.98230199823206,2016-Bridge,Other (152)
2016,Livingston,152,21.098956960779546,2016-Bridge,Other (152)
2016,Madison,152,130.58676052133066,2016-Bridge,Other (152)
2016,Monroe,152,13.147827727163143,2016-Bridge,Other (152)
2016,Montgomery,152,7.08406300133344,2016-Bridge,Other (152)
2016,Niagara,152,3.658391094912247,2016-Bridge,Other (152)
2016,Oneida,152,447.5296442420491,2016-Bridge,Other (152)
2016,Onondaga,152,76.36692129979244,2016-Bridge,Other (152)
2016,Ontario,152,39.22858596277568,2016-Bridge,Other (152)
2016,Orleans,152,3.3583549330500295,2016-Bridge,Other (152)
2016,Oswego,152,175.6634067402102,2016-Bridge,Other (152)
2016,Otsego,152,10.210971943142596,2016-Bridge,Other (152)
2016,Rensselaer,152,13.063847750590044,2016-Bridge,Other (152)
2016,Saratoga,152,18.93155729310615,2016-Bridge,Other (152)
2016,Schuyler,152,35.88378640776662,2016-Bridge,Other (152)
2016,Seneca,152,37.93599115956445,2016-Bridge,Other (152)
2016,St. Lawrence,152,392.70741862187947,2016-Bridge,Other (152)
2016,Steuben,152,105.20895192357361,2016-Bridge,Other (152)
2016,Suffolk,152,25.198415536399505,2016-Bridge,Other (152)
2016,Tioga,152,29.888593303342205,2016-Bridge,Other (152)
2016,Tompkins,152,43.335894693885095,2016-Bridge,Other (152)
2016,Ulster,152,8.421821530067408,2016-Bridge,Other (152)
2016,Warren,152,6.798356920884809,2016-Bridge,Other (152)
2016,Washington,152,76.77050379111054,2016-Bridge,Other (152)
2016,Wayne,152,6.069162647435752,2016-Bridge,Other (152)
2016,Westchester,152,3.4487018155029894,2016-Bridge,Other (152)
2016,Wyoming,152,37.339898096461354,2016-Bridge,Other (152)
2016,Yates,152,13.266307795288647,2016-Bridge,Other (152)
2017,Allegany,152,16.03093406233296,2017-2024,Other (152)
2017,Cayuga,152,62.16757690001412,2017-2024,Other (152)
2017,Chautauqua,152,4.53734287532448,2017-2024,Other (152)
2017,Chemung,152,6.53276997952527,2017-2024,Other (152)
2017,Clinton,152,42.3291811147917,2017-2024,Other (152)
2017,Cortland,152,35.11050462099594,2017-2024,Other (152)
2017,Delaware,152,2.96511642893031,2017-2024,Other (152)
2017,Dutchess,152,6.12379561163676,2017-2024,Other (152)
2017,Erie,152,14.95940657004141,2017-2024,Other (152)
2017,Franklin,152,9.1314447772506,2017-2024,Other (152)
2017,Herkimer,152,21.385451405288308,2017-2024,Other (152)
2017,Jefferson,152,60.9917222383296,2017-2024,Other (152)
2017,Lewis,152,28.808914531679058,2017-2024,Other (152)
2017,Livingston,152,6.2246177589171605,2017-2024,Other (152)
2017,Madison,152,9.53332780680104,2017-2024,Other (152)
2017,Monroe,152,3.01680581276966,2017-2024,Other (152)
2017,Oneida,152,52.88928879644352,2017-2024,Other (152)
2017,Onondaga,152,156.51426573706,2017-2024,Other (152)
2017,Ontario,152,3.82066040398435,2017-2024,Other (152)
2017,Orange,152,16.2862666937726,2017-2024,Other (152)
2017,Oswego,152,117.86980666080645,2017-2024,Other (152)
2017,Otsego,152,2.81937978231504,2017-2024,Other (152)
2017,Rensselaer,152,37.73780139104643,2017-2024,Other (152)
2017,Schoharie,152,2.80063313053478,2017-2024,Other (152)
2017,Schuyler,152,32.6366593755547,2017-2024,Other (152)
2017,Seneca,152,2.64748125503513,2017-2024,Other (152)
2017,St. Lawrence,152,18.43563594494091,2017-2024,Other (152)
2017,Steuben,152,45.69976378282883,2017-2024,Other (152)
2017,Suffolk,152,20.10258869995255,2017-2024,Other (152)
2017,Tioga,152,3.18149722651792,2017-2024,Other (152)
2017,Tompkins,152,17.35217239953014,2017-2024,Other (152)
2017,Washington,152,9.26000154964542,2017-2024,Other (152)
2017,Wyoming,152,14.12243174751882,2017-2024,Other (152)
2017,Yates,152,10.22825894646534,2017-2024,Other (152)
2018,Allegany,152,6.53433092170886,2017-2024,Other (152)
2018,Cattaraugus,152,6.2733400563221,2017-2024,Other (152)
2018,Cayuga,152,37.43050071963554,2017-2024,Other (152)
2018,Chautauqua,152,57.1549493737695,2017-2024,Other (152)
2018,Clinton,152,3.44594632099489,2017-2024,Other (152)
2018,Columbia,152,6.29420016633301,2017-2024,Other (152)
2018,Delaware,152,3.26584366800008,2017-2024,Other (152)
2018,Dutchess,152,28.08142148765308,2017-2024,Other (152)
2018,Essex,152,3.50000225761606,2017-2024,Other (152)
2018,Franklin,152,73.69839100156435,2017-2024,Other (152)
2018,Genesee,152,3.23820995652547,2017-2024,Other (152)
2018,Greene,152,3.03612704105192,2017-2024,Other (152)
2018,Herkimer,152,28.80863278965691,2017-2024,Other (152)
2018,Jefferson,152,118.95232242919536,2017-2024,Other (152)
2018,Lewis,152,61.89119705295393,2017-2024,Other (152)
2018,Livingston,152,3.07960861079279,2017-2024,Other (152)
2018,Madison,152,57.11000913654263,2017-2024,Other (152)
2018,Monroe,152,9.32512170888685,2017-2024,Other (152)
2018,Niagara,152,3.15637358725206,2017-2024,Other (152)
2018,Oneida,152,60.51964459912715,2017-2024,Other (152)
2018,Onondaga,152,97.67891946561089,2017-2024,Other (152)
2018,Ontario,152,22.29030745597893,2017-2024,Other (152)
2018,Oswego,152,101.52978918089859,2017-2024,Other (152)
2018,Otsego,152,12.29262924796466,2017-2024,Other (152)
2018,Rensselaer,152,30.1087598747591,2017-2024,Other (152)
2018,Richmond,152,11.5424051229735,2017-2024,Other (152)
2018,Saratoga,152,3.38099725959624,2017-2024,Other (152)
2018,Schuyler,152,27.32932340445053,2017-2024,Other (152)
2018,Seneca,152,19.18203412513692,2017-2024,Other (152)
2018,St. Lawrence,152,62.00590952563809,2017-2024,Other (152)
2018,Steuben,152,9.85885372475803,2017-2024,Other (152)
2018,Suffolk,152,15.7592127429037,2017-2024,Other (152)
2018,Tompkins,152,6.9791421844913994,2017-2024,Other (152)
2018,Washington,152,19.72452258475866,2017-2024,Other (152)
2018,Wayne,152,24.13469743790527,2017-2024,Other (152)
2018,Wyoming,152,2.71706869821323,2017-2024,Other (152)
2018,Yates,152,33.40679519089045,2017-2024,Other (152)
2019,Broome,152,3.17324596937783,2017-2024,Other (152)
2019,Clinton,152,13.95380796107264,2017-2024,Other (152)
2019,Franklin,152,13.96188276597274,2017-2024,Other (152)
2019,Hamilton,152,3.02521630450636,2017-2024,Other (152)
2019,Jefferson,152,17.1260564916386,2017-2024,Other (152)
2019,Livingston,152,10.2818853734026,2017-2024,Other (152)
2019,Monroe,152,2.61514707614553,2017-2024,Other (152)
2019,Onondaga,152,10.1217205139126,2017-2024,Other (152)
2019,Ontario,152,5.38181195550615,2017-2024,Other (152)
2019,Oswego,152,14.016123831626171,2017-2024,Other (152)
2019,Otsego,152,6.55598176972316,2017-2024,Other (152)
2019,St. Lawrence,152,4.24915862778572,2017-2024,Other (152)
2019,Steuben,152,15.73831269671115,2017-2024,Other (152)
2020,Albany,152,7.96703572652137,2017-2024,Other (152)
2020,Allegany,152,2.56638827520662,2017-2024,Other (152)
2020,Cayuga,152,3.41956000119103,2017-2024,Other (152)
2020,Chemung,152,4.63063595664888,2017-2024,Other (152)
2020,Franklin,152,14.44171781855431,2017-2024,Other (152)
2020,Jefferson,152,20.071940651105102,2017-2024,Other (152)
2020,Lewis,152,4.8997054544624,2017-2024,Other (152)
2020,Oswego,152,10.83401799552036,2017-2024,Other (152)
2020,St. Lawrence,152,17.77936104165143,2017-2024,Other (152)
2020,Steuben,152,2.85202211110333,2017-2024,Other (152)
2020,Ulster,152,11.5012860205308,2017-2024,Other (152)
2020,Wyoming,152,13.5202995423776,2017-2024,Other (152)
2021,Cattaraugus,152,3.02395157925992,2017-2024,Other (152)
2021,Chautauqua,152,13.32463785164937,2017-2024,Other (152)
2021,Franklin,152,14.44171781855431,2017-2024,Other (152)
2021,Greene,152,3.03612704105192,2017-2024,Other (152)
2021,Ulster,152,2.75155050946842,2017-2024,Other (152)
2022,Cayuga,152,8.11409557118501,2017-2024,Other (152)
2022,Greene,152,2.49982716156573,2017-2024,Other (152)
2022,Montgomery,152,8.04910423970112,2017-2024,Other (152)
2022,Oneida,152,2.87647825546804,2017-2024,Other (152)
2022,Oswego,152,5.40675034407335,2017-2024,Other (152)
2022,Otsego,152,6.55598176972316,2017-2024,Other (152)
2022,Rensselaer,152,18.3418899757792,2017-2024,Other (152)
2022,St. Lawrence,152,21.14208694411753,2017-2024,Other (152)
2023,Clinton,152,19.5822232646627,2017-2024,Other (152)
2023,Dutchess,152,15.70261120152611,2017-2024,Other (152)
2023,Essex,152,4.55742366036594,2017-2024,Other (152)
2023,Jefferson,152,5.60880686601914,2017-2024,Other (152)
2023,Lewis,152,3.86747217596382,2017-2024,Other (152)
2023,Livingston,152,2.99967960061781,2017-2024,Other (152)
2023,Monroe,152,11.081716589756109,2017-2024,Other (152)
2023,Oneida,152,2.87647825546804,2017-2024,Other (152)
2023,Suffolk,152,20.932615079519117,2017-2024,Other (152)
2024,Cayuga,152,37.42061652024182,2017-2024,Other (152)
2024,Clinton,152,3.13625907116258,2017-2024,Other (152)
2024,Dutchess,152,86.65938804991755,2017-2024,Other (152)
2024,Essex,152,2.75224941219957,2017-2024,Other (152)
2024,Franklin,152,7.3761392573194,2017-2024,Other (152)
2024,Jefferson,152,448.04409765935895,2017-2024,Other (152)
2024,Lewis,152,10.27993961989091,2017-2024,Other (152)
2024,Monroe,152,19.563013821893172,2017-2024,Other (152)
2024,Niagara,152,23.71390097589975,2017-2024,Other (152)
2024,Orange,152,90.13837965382267,2017-2024,Other (152)
2024,Oswego,152,391.768602776907,2017-2024,Other (152)
2024,St. Lawrence,152,14.8366373152951,2017-2024,Other (152)
2024,Ulster,152,26.5322669960299,2017-2024,Other (152)
2024,Wayne,152,125.93863726847452,2017-2024,Other (152)
2008,Albany,190,57.55446561868184,2008-2015,Other (190)
2008,Cattaraugus,190,63.51029149247232,2008-2015,Other (190)
2008,Cayuga,190,160.6913143977824,2008-2015,Other (190)
2008,Chautauqua,190,17.3425062223548,2008-2015,Other (190)
2008,Clinton,190,230.0932272801597,2008-2015,Other (190)
2008,Erie,190,61.36958636954338,2008-2015,Other (190)
2008,Essex,190,28.04889314233099,2008-2015,Other (190)
2008,Franklin,190,28.601786962518077,2008-2015,Other (190)
2008,Genesee,190,35.82236095241534,2008-2015,Other (190)
2008,Greene,190,2.9051023736067,2008-2015,Other (190)
2008,Herkimer,190,2.8341081158745354,2008-2015,Other (190)
2008,Jefferson,190,34.03076146763671,2008-2015,Other (190)
2008,Lewis,190,22.741900485821102,2008-2015,Other (190)
2008,Livingston,190,47.60921818009818,2008-2015,Other (190)
2008,Madison,190,9.281952578538608,2008-2015,Other (190)
2008,Monroe,190,51.91594750164051,2008-2015,Other (190)
2008,Montgomery,190,14.072718403389915,2008-2015,Other (190)
2008,Niagara,190,18.694139848865987,2008-2015,Other (190)
2008,Onondaga,190,69.94266743746884,2008-2015,Other (190)
2008,Ontario,190,24.69881954729984,2008-2015,Other (190)
2008,Orange,190,32.38280380692059,2008-2015,Other (190)
2008,Orleans,190,58.5973098705714,2008-2015,Other (190)
2008,Oswego,190,94.17408275988194,2008-2015,Other (190)
2008,Rensselaer,190,10.507868230015639,2008-2015,Other (190)
2008,Saratoga,190,48.17865991254201,2008-2015,Other (190)
2008,Schenectady,190,6.967272462973499,2008-2015,Other (190)
2008,Schoharie,190,19.433300927962986,2008-2015,Other (190)
2008,Seneca,190,130.1327800928911,2008-2015,Other (190)
2008,St. Lawrence,190,282.8240514129619,2008-2015,Other (190)
2008,Steuben,190,8.77848848809641,2008-2015,Other (190)
2008,Sullivan,190,26.173786806463106,2008-2015,Other (190)
2008,Tompkins,190,21.941323293293724,2008-2015,Other (190)
2008,Ulster,190,13.097176324269899,2008-2015,Other (190)
2008,Wayne,190,271.845335541488,2008-2015,Other (190)
2008,Wyoming,190,11.27712975861379,2008-2015,Other (190)
2009,Albany,190,23.27979052961049,2008-2015,Other (190)
2009,Allegany,190,2.9735791972757446,2008-2015,Other (190)
2009,Cattaraugus,190,18.866682018222114,2008-2015,Other (190)
2009,Cayuga,190,79.87255064163834,2008-2015,Other (190)
2009,Chautauqua,190,23.5313066296624,2008-2015,Other (190)
2009,Clinton,190,252.41227565736207,2008-2015,Other (190)
2009,Columbia,190,14.219265443204058,2008-2015,Other (190)
2009,Dutchess,190,21.39601295833824,2008-2015,Other (190)
2009,Erie,190,13.682521942669634,2008-2015,Other (190)
2009,Essex,190,65.56119500951927,2008-2015,Other (190)
2009,Franklin,190,79.35623242319362,2008-2015,Other (190)
2009,Genesee,190,24.891648949621874,2008-2015,Other (190)
2009,Greene,190,8.514225614465019,2008-2015,Other (190)
2009,Hamilton,190,5.206117467866594,2008-2015,Other (190)
2009,Herkimer,190,2.8156248610040664,2008-2015,Other (190)
2009,Jefferson,190,71.95002303379374,2008-2015,Other (190)
2009,Lewis,190,22.88418525588579,2008-2015,Other (190)
2009,Madison,190,50.4616898856395,2008-2015,Other (190)
2009,Monroe,190,50.1874431340873,2008-2015,Other (190)
2009,Montgomery,190,7.311494664260183,2008-2015,Other (190)
2009,Niagara,190,19.77534537288054,2008-2015,Other (190)
2009,Onondaga,190,29.603662577804492,2008-2015,Other (190)
2009,Ontario,190,12.549686918858239,2008-2015,Other (190)
2009,Orange,190,94.1709980332713,2008-2015,Other (190)
2009,Orleans,190,45.64295746629871,2008-2015,Other (190)
2009,Oswego,190,39.23719614226132,2008-2015,Other (190)
2009,Otsego,190,3.4832090933061197,2008-2015,Other (190)
2009,Putnam,190,13.371560630309279,2008-2015,Other (190)
2009,Rensselaer,190,21.257308662460364,2008-2015,Other (190)
2009,Rockland,190,3.850108271630534,2008-2015,Other (190)
2009,Saratoga,190,33.62245081102534,2008-2015,Other (190)
2009,Schenectady,190,3.8999608452713943,2008-2015,Other (190)
2009,Seneca,190,82.93696587696607,2008-2015,Other (190)
2009,St. Lawrence,190,429.7507779906616,2008-2015,Other (190)
2009,Sullivan,190,14.308893084491988,2008-2015,Other (190)
2009,Tompkins,190,21.941323293293724,2008-2015,Other (190)
2009,Ulster,190,53.846606002132724,2008-2015,Other (190)
2009,Wayne,190,172.40105248230944,2008-2015,Other (190)
2009,Westchester,190,4.500575304185889,2008-2015,Other (190)
2009,Wyoming,190,3.8594755074143476,2008-2015,Other (190)
2010,Albany,190,88.68788874771644,2008-2015,Other (190)
2010,Allegany,190,5.152337681809911,2008-2015,Other (190)
2010,Cayuga,190,371.1883894248774,2008-2015,Other (190)
2010,Chautauqua,190,22.35462081989702,2008-2015,Other (190)
2010,Chenango,190,2.8880636328518423,2008-2015,Other (190)
2010,Clinton,190,234.99254538658113,2008-2015,Other (190)
2010,Columbia,190,3.508482801673637,2008-2015,Other (190)
2010,Delaware,190,3.2786038289930057,2008-2015,Other (190)
2010,Dutchess,190,5.68388508750823,2008-2015,Other (190)
2010,Essex,190,117.92235513988258,2008-2015,Other (190)
2010,Franklin,190,49.887598017596716,2008-2015,Other (190)
2010,Fulton,190,6.533069782549463,2008-2015,Other (190)
2010,Genesee,190,33.63961795398468,2008-2015,Other (190)
2010,Greene,190,11.295436854646669,2008-2015,Other (190)
2010,Herkimer,190,4.402704187382151,2008-2015,Other (190)
2010,Jefferson,190,79.15436838048278,2008-2015,Other (190)
2010,Lewis,190,53.66440008201935,2008-2015,Other (190)
2010,Livingston,190,22.12303812959585,2008-2015,Other (190)
2010,Madison,190,67.34083039731973,2008-2015,Other (190)
2010,Monroe,190,74.87398797814988,2008-2015,Other (190)
2010,Montgomery,190,26.01722430941594,2008-2015,Other (190)
2010,Niagara,190,5.446029574289268,2008-2015,Other (190)
2010,Oneida,190,22.644902362264176,2008-2015,Other (190)
2010,Onondaga,190,128.61665558744326,2008-2015,Other (190)
2010,Ontario,190,16.147788343402162,2008-2015,Other (190)
2010,Orange,190,113.96738080302423,2008-2015,Other (190)
2010,Orleans,190,41.73405670292497,2008-2015,Other (190)
2010,Oswego,190,115.07308455568784,2008-2015,Other (190)
2010,Otsego,190,3.621218248407444,2008-2015,Other (190)
2010,Rensselaer,190,20.310795811591667,2008-2015,Other (190)
2010,Saratoga,190,198.66931883301874,2008-2015,Other (190)
2010,Schoharie,190,8.227985954667274,2008-2015,Other (190)
2010,Seneca,190,171.35652952899306,2008-2015,Other (190)
2010,St. Lawrence,190,478.21289361593284,2008-2015,Other (190)
2010,Suffolk,190,4.868130251433544,2008-2015,Other (190)
2010,Sullivan,190,65.7273845382727,2008-2015,Other (190)
2010,Tompkins,190,26.26579316946296,2008-2015,Other (190)
2010,Ulster,190,76.95401837789962,2008-2015,Other (190)
2010,Warren,190,12.686876121280946,2008-2015,Other (190)
2010,Washington,190,11.146805787375454,2008-2015,Other (190)
2010,Wayne,190,280.6923906787927,2008-2015,Other (190)
2010,Wyoming,190,3.8594755074143476,2008-2015,Other (190)
2010,Yates,190,17.525723520376598,2008-2015,Other (190)
2011,Albany,190,316.90911824405157,2008-2015,Other (190)
2011,Allegany,190,6.462464028157175,2008-2015,Other (190)
2011,Broome,190,3.734153193409731,2008-2015,Other (190)
2011,Cattaraugus,190,81.23477358912845,2008-2015,Other (190)
2011,Cayuga,190,450.7612078829875,2008-2015,Other (190)
2011,Chautauqua,190,212.28502581235324,2008-2015,Other (190)
2011,Chenango,190,2.511206178705149,2008-2015,Other (190)
2011,Clinton,190,320.5070523302062,2008-2015,Other (190)
2011,Columbia,190,4.2809020594119085,2008-2015,Other (190)
2011,Dutchess,190,10.217789509568556,2008-2015,Other (190)
2011,Erie,190,10.538327308207244,2008-2015,Other (190)
2011,Essex,190,169.44755343061647,2008-2015,Other (190)
2011,Franklin,190,82.56418580468144,2008-2015,Other (190)
2011,Fulton,190,37.3817347960846,2008-2015,Other (190)
2011,Genesee,190,86.40694979348942,2008-2015,Other (190)
2011,Greene,190,8.380646642507221,2008-2015,Other (190)
2011,Hamilton,190,5.711749594925658,2008-2015,Other (190)
2011,Herkimer,190,5.649732976878601,2008-2015,Other (190)
2011,Jefferson,190,118.7157502990072,2008-2015,Other (190)
2011,Lewis,190,66.53537047001993,2008-2015,Other (190)
2011,Livingston,190,108.25658513602727,2008-2015,Other (190)
2011,Madison,190,162.05436900112198,2008-2015,Other (190)
2011,Monroe,190,29.515452149582817,2008-2015,Other (190)
2011,Montgomery,190,60.33193105481937,2008-2015,Other (190)
2011,Niagara,190,15.934884467994792,2008-2015,Other (190)
2011,Oneida,190,5.308204610249027,2008-2015,Other (190)
2011,Onondaga,190,156.05991882095134,2008-2015,Other (190)
2011,Orange,190,388.02436818983045,2008-2015,Other (190)
2011,Orleans,190,152.0136974674552,2008-2015,Other (190)
2011,Oswego,190,156.43427193840634,2008-2015,Other (190)
2011,Otsego,190,11.815029085135148,2008-2015,Other (190)
2011,Rensselaer,190,9.083045756822502,2008-2015,Other (190)
2011,Rockland,190,12.458176096240104,2008-2015,Other (190)
2011,Saratoga,190,424.6191224059867,2008-2015,Other (190)
2011,Schenectady,190,118.11862203320723,2008-2015,Other (190)
2011,Schoharie,190,20.6363023669382,2008-2015,Other (190)
2011,Seneca,190,253.3084469902861,2008-2015,Other (190)
2011,St. Lawrence,190,559.9610522499705,2008-2015,Other (190)
2011,Suffolk,190,86.8310428428224,2008-2015,Other (190)
2011,Sullivan,190,20.00845766182716,2008-2015,Other (190)
2011,Tioga,190,5.2455947374418574,2008-2015,Other (190)
2011,Tompkins,190,2.5834899199698342,2008-2015,Other (190)
2011,Ulster,190,55.386574992800604,2008-2015,Other (190)
2011,Warren,190,22.281894958275508,2008-2015,Other (190)
2011,Washington,190,41.92764248283589,2008-2015,Other (190)
2011,Wayne,190,345.50918872287787,2008-2015,Other (190)
2011,Wyoming,190,3.8318198223378097,2008-2015,Other (190)
2011,Yates,190,3.9466451201316044,2008-2015,Other (190)
2012,Albany,190,215.22332668816765,2008-2015,Other (190)
2012,Allegany,190,5.152337681809911,2008-2015,Other (190)
2012,Cattaraugus,190,59.455761584265794,2008-2015,Other (190)
2012,Cayuga,190,194.8826608551855,2008-2015,Other (190)
2012,Chautauqua,190,39.7205579643301,2008-2015,Other (190)
2012,Clinton,190,125.1086764003613,2008-2015,Other (190)
2012,Cortland,190,5.25395739255253,2008-2015,Other (190)
2012,Erie,190,15.649555650409855,2008-2015,Other (190)
2012,Essex,190,52.31473354007894,2008-2015,Other (190)
2012,Franklin,190,21.26483650192249,2008-2015,Other (190)
2012,Fulton,190,48.30998448893553,2008-2015,Other (190)
2012,Genesee,190,13.819089334644804,2008-2015,Other (190)
2012,Greene,190,17.026313040501115,2008-2015,Other (190)
2012,Herkimer,190,30.14822519063352,2008-2015,Other (190)
2012,Jefferson,190,110.52217462596425,2008-2015,Other (190)
2012,Lewis,190,52.219999928054484,2008-2015,Other (190)
2012,Madison,190,135.28174976508276,2008-2015,Other (190)
2012,Monroe,190,8.670275912455022,2008-2015,Other (190)
2012,Montgomery,190,40.73454504092758,2008-2015,Other (190)
2012,Niagara,190,14.055954527934487,2008-2015,Other (190)
2012,Oneida,190,27.211299654644222,2008-2015,Other (190)
2012,Onondaga,190,111.83092313848692,2008-2015,Other (190)
2012,Ontario,190,12.149132628441603,2008-2015,Other (190)
2012,Orange,190,444.18309549506773,2008-2015,Other (190)
2012,Orleans,190,17.816885334251097,2008-2015,Other (190)
2012,Oswego,190,104.4087309049329,2008-2015,Other (190)
2012,Otsego,190,17.22639938530435,2008-2015,Other (190)
2012,Rockland,190,7.470806292582983,2008-2015,Other (190)
2012,Saratoga,190,382.94176074709014,2008-2015,Other (190)
2012,Schenectady,190,79.71897784844639,2008-2015,Other (190)
2012,Schoharie,190,18.042917146147868,2008-2015,Other (190)
2012,Seneca,190,213.2393607446652,2008-2015,Other (190)
2012,St. Lawrence,190,410.91020145926734,2008-2015,Other (190)
2012,Steuben,190,8.964081658287196,2008-2015,Other (190)
2012,Sullivan,190,69.15554365496202,2008-2015,Other (190)
2012,Ulster,190,58.11577675312723,2008-2015,Other (190)
2012,Warren,190,145.8048362890009,2008-2015,Other (190)
2012,Washington,190,33.37936537202179,2008-2015,Other (190)
2012,Wayne,190,204.86167015713968,2008-2015,Other (190)
2013,Albany,190,86.73580571405586,2008-2015,Other (190)
2013,Allegany,190,5.152337681809911,2008-2015,Other (190)
2013,Cattaraugus,190,19.386613831181357,2008-2015,Other (190)
2013,Cayuga,190,353.5769015887058,2008-2015,Other (190)
2013,Chautauqua,190,16.546275155699316,2008-2015,Other (190)
2013,Clinton,190,307.11749016069336,2008-2015,Other (190)
2013,Cortland,190,5.166053942136438,2008-2015,Other (190)
2013,Delaware,190,4.226727586123276,2008-2015,Other (190)
2013,Erie,190,18.44932575898454,2008-2015,Other (190)
2013,Essex,190,74.17577586683865,2008-2015,Other (190)
2013,Franklin,190,80.00542241589106,2008-2015,Other (190)
2013,Fulton,190,38.62412159600541,2008-2015,Other (190)
2013,Genesee,190,65.09450737622029,2008-2015,Other (190)
2013,Herkimer,190,21.028639595823783,2008-2015,Other (190)
2013,Jefferson,190,96.00222840970798,2008-2015,Other (190)
2013,Lewis,190,102.09217867132551,2008-2015,Other (190)
2013,Livingston,190,31.23434336022617,2008-2015,Other (190)
2013,Madison,190,98.14446017644099,2008-2015,Other (190)
2013,Monroe,190,30.378905058046186,2008-2015,Other (190)
2013,Montgomery,190,43.76380445130139,2008-2015,Other (190)
2013,Niagara,190,24.013501803566825,2008-2015,Other (190)
2013,Oneida,190,7.465141543219742,2008-2015,Other (190)
2013,Onondaga,190,74.962978699147,2008-2015,Other (190)
2013,Orange,190,142.58717914913592,2008-2015,Other (190)
2013,Orleans,190,20.77896779365212,2008-2015,Other (190)
2013,Oswego,190,67.09158395475387,2008-2015,Other (190)
2013,Otsego,190,19.107063488007395,2008-2015,Other (190)
2013,Saratoga,190,147.85985639422373,2008-2015,Other (190)
2013,Schenectady,190,14.438118660025259,2008-2015,Other (190)
2013,Schoharie,190,2.8004915125508,2008-2015,Other (190)
2013,Seneca,190,260.6526822832513,2008-2015,Other (190)
2013,St. Lawrence,190,323.0089165789342,2008-2015,Other (190)
2013,Steuben,190,6.346251864477337,2008-2015,Other (190)
2013,Sullivan,190,86.19551509300054,2008-2015,Other (190)
2013,Ulster,190,45.58497608095358,2008-2015,Other (190)
2013,Warren,190,16.34294887188968,2008-2015,Other (190)
2013,Washington,190,36.7146548474122,2008-2015,Other (190)
2013,Wayne,190,241.21180059249866,2008-2015,Other (190)
2014,Albany,190,47.31863726163878,2008-2015,Other (190)
2014,Allegany,190,8.517166207387211,2008-2015,Other (190)
2014,Broome,190,6.361881692747417,2008-2015,Other (190)
2014,Cattaraugus,190,27.398255333949752,2008-2015,Other (190)
2014,Cayuga,190,328.9781839774624,2008-2015,Other (190)
2014,Chautauqua,190,70.6294436812994,2008-2015,Other (190)
2014,Chemung,190,3.5857856905556034,2008-2015,Other (190)
2014,Chenango,190,5.284457430845069,2008-2015,Other (190)
2014,Clinton,190,263.70468066375827,2008-2015,Other (190)
2014,Columbia,190,14.613395710616718,2008-2015,Other (190)
2014,Cortland,190,7.627111152338166,2008-2015,Other (190)
2014,Dutchess,190,12.12957811270942,2008-2015,Other (190)
2014,Erie,190,87.03338671424777,2008-2015,Other (190)
2014,Essex,190,59.279496909225585,2008-2015,Other (190)
2014,Franklin,190,74.72080231037901,2008-2015,Other (190)
2014,Fulton,190,9.85433517383415,2008-2015,Other (190)
2014,Genesee,190,81.9903352559197,2008-2015,Other (190)
2014,Greene,190,8.333498877094806,2008-2015,Other (190)
2014,Hamilton,190,26.39792431209994,2008-2015,Other (190)
2014,Herkimer,190,58.521784279292696,2008-2015,Other (190)
2014,Jefferson,190,267.09481277647683,2008-2015,Other (190)
2014,Lewis,190,131.7600549668567,2008-2015,Other (190)
2014,Livingston,190,33.97924294349142,2008-2015,Other (190)
2014,Madison,190,99.95071114430357,2008-2015,Other (190)
2014,Monroe,190,7.439664330103388,2008-2015,Other (190)
2014,Montgomery,190,24.146509547742646,2008-2015,Other (190)
2014,Niagara,190,11.139245989075542,2008-2015,Other (190)
2014,Oneida,190,58.6411991890544,2008-2015,Other (190)
2014,Onondaga,190,142.28838366426217,2008-2015,Other (190)
2014,Ontario,190,13.934450082979112,2008-2015,Other (190)
2014,Orange,190,124.21509626574517,2008-2015,Other (190)
2014,Orleans,190,77.54809911031049,2008-2015,Other (190)
2014,Oswego,190,343.40200140402345,2008-2015,Other (190)
2014,Otsego,190,13.859640365622848,2008-2015,Other (190)
2014,Putnam,190,13.589648732744806,2008-2015,Other (190)
2014,Rensselaer,190,37.591763152679,2008-2015,Other (190)
2014,Saratoga,190,41.84457939674071,2008-2015,Other (190)
2014,Schoharie,190,7.067264949687951,2008-2015,Other (190)
2014,Schuyler,190,3.702534011812776,2008-2015,Other (190)
2014,Seneca,190,68.47988399357138,2008-2015,Other (190)
2014,St. Lawrence,190,1156.6335514805662,2008-2015,Other (190)
2014,Steuben,190,3.2898662316002927,2008-2015,Other (190)
2014,Suffolk,190,8.56989805218105,2008-2015,Other (190)
2014,Sullivan,190,78.95549314380378,2008-2015,Other (190)
2014,Tioga,190,3.471334623464937,2008-2015,Other (190)
2014,Tompkins,190,10.997505670856047,2008-2015,Other (190)
2014,Ulster,190,23.703940071920226,2008-2015,Other (190)
2014,Warren,190,2.5598033389098824,2008-2015,Other (190)
2014,Washington,190,16.59975494430042,2008-2015,Other (190)
2014,Wayne,190,221.5931740206442,2008-2015,Other (190)
2014,Wyoming,190,6.749244999604967,2008-2015,Other (190)
2015,Albany,190,37.42930632673175,2008-2015,Other (190)
2015,Allegany,190,10.634329312356035,2008-2015,Other (190)
2015,Cattaraugus,190,68.82498373961552,2008-2015,Other (190)
2015,Cayuga,190,375.66160203296454,2008-2015,Other (190)
2015,Chautauqua,190,84.01220804467702,2008-2015,Other (190)
2015,Clinton,190,344.94797943152156,2008-2015,Other (190)
2015,Columbia,190,27.9063230724262,2008-2015,Other (190)
2015,Dutchess,190,21.90002266245535,2008-2015,Other (190)
2015,Erie,190,31.214958840984952,2008-2015,Other (190)
2015,Essex,190,31.112461638585444,2008-2015,Other (190)
2015,Franklin,190,145.6849139899133,2008-2015,Other (190)
2015,Fulton,190,33.4278501172917,2008-2015,Other (190)
2015,Genesee,190,58.66252256082162,2008-2015,Other (190)
2015,Greene,190,14.232083960220798,2008-2015,Other (190)
2015,Hamilton,190,37.158717764319114,2008-2015,Other (190)
2015,Herkimer,190,43.87549614198038,2008-2015,Other (190)
2015,Jefferson,190,248.57306749216676,2008-2015,Other (190)
2015,Lewis,190,175.0058034732946,2008-2015,Other (190)
2015,Livingston,190,59.75564389683301,2008-2015,Other (190)
2015,Madison,190,83.02883753488982,2008-2015,Other (190)
2015,Monroe,190,43.40161313690966,2008-2015,Other (190)
2015,Montgomery,190,13.42357841626701,2008-2015,Other (190)
2015,Niagara,190,25.930214952371813,2008-2015,Other (190)
2015,Oneida,190,9.727907023148369,2008-2015,Other (190)
2015,Onondaga,190,124.17175386339804,2008-2015,Other (190)
2015,Ontario,190,29.82347460998985,2008-2015,Other (190)
2015,Orange,190,230.40771235660185,2008-2015,Other (190)
2015,Orleans,190,78.51551502670038,2008-2015,Other (190)
2015,Oswego,190,165.64506222211577,2008-2015,Other (190)
2015,Otsego,190,25.44111211375844,2008-2015,Other (190)
2015,Putnam,190,3.1648026767484114,2008-2015,Other (190)
2015,Rensselaer,190,28.51872704327689,2008-2015,Other (190)
2015,Saratoga,190,83.96695743466836,2008-2015,Other (190)
2015,Schenectady,190,16.944575277674726,2008-2015,Other (190)
2015,Schoharie,190,11.794983926100608,2008-2015,Other (190)
2015,Schuyler,190,5.1498876557242035,2008-2015,Other (190)
2015,Seneca,190,203.12777815866366,2008-2015,Other (190)
2015,St. Lawrence,190,1128.8429873535865,2008-2015,Other (190)
2015,Steuben,190,6.237395738005054,2008-2015,Other (190)
2015,Sullivan,190,104.8812481912334,2008-2015,Other (190)
2015,Tioga,190,3.471334623464937,2008-2015,Other (190)
2015,Tompkins,190,30.610524457167163,2008-2015,Other (190)
2015,Ulster,190,60.32703337089566,2008-2015,Other (190)
2015,Warren,190,17.86952053448331,2008-2015,Other (190)
2015,Washington,190,22.88239389271247,2008-2015,Other (190)
2015,Wayne,190,304.03615903197664,2008-2015,Other (190)
2015,Wyoming,190,3.8318198223378097,2008-2015,Other (190)
2015,Yates,190,2.6697430893702756,2008-2015,Other (190)
2016,Albany,190,37.4750259884817,2016-Bridge,Other (190)
2016,Allegany,190,22.27282169047608,2016-Bridge,Other (190)
2016,Cattaraugus,190,36.20512796685791,2016-Bridge,Other (190)
2016,Cayuga,190,301.5372054442326,2016-Bridge,Other (190)
2016,Chautauqua,190,125.7693788664725,2016-Bridge,Other (190)
2016,Chemung,190,3.7778811647926727,2016-Bridge,Other (190)
2016,Chenango,190,4.459944776175322,2016-Bridge,Other (190)
2016,Clinton,190,255.04138017322043,2016-Bridge,Other (190)
2016,Columbia,190,34.86617434149917,2016-Bridge,Other (190)
2016,Cortland,190,3.2383892541406296,2016-Bridge,Other (190)
2016,Dutchess,190,33.07106695771675,2016-Bridge,Other (190)
2016,Erie,190,44.93524204492665,2016-Bridge,Other (190)
2016,Essex,190,62.31803103398704,2016-Bridge,Other (190)
2016,Franklin,190,52.914887458157324,2016-Bridge,Other (190)
2016,Fulton,190,31.73646317920518,2016-Bridge,Other (190)
2016,Genesee,190,103.29676308517854,2016-Bridge,Other (190)
2016,Greene,190,8.514259671469647,2016-Bridge,Other (190)
2016,Hamilton,190,11.255369271673864,2016-Bridge,Other (190)
2016,Herkimer,190,21.121268629185174,2016-Bridge,Other (190)
2016,Jefferson,190,166.93008170628246,2016-Bridge,Other (190)
2016,Lewis,190,167.57525683457635,2016-Bridge,Other (190)
2016,Livingston,190,133.54180366247283,2016-Bridge,Other (190)
2016,Madison,190,143.42281370316886,2016-Bridge,Other (190)
2016,Monroe,190,99.04770064910765,2016-Bridge,Other (190)
2016,Montgomery,190,8.500895000130523,2016-Bridge,Other (190)
2016,Niagara,190,99.16506203391612,2016-Bridge,Other (190)
2016,Oneida,190,14.905230730576362,2016-Bridge,Other (190)
2016,Onondaga,190,107.47730862038819,2016-Bridge,Other (190)
2016,Ontario,190,11.321950226936185,2016-Bridge,Other (190)
2016,Orange,190,162.5927004918663,2016-Bridge,Other (190)
2016,Orleans,190,53.086814588432276,2016-Bridge,Other (190)
2016,Oswego,190,185.12915337484216,2016-Bridge,Other (190)
2016,Otsego,190,17.53838044975448,2016-Bridge,Other (190)
2016,Putnam,190,13.036839505723279,2016-Bridge,Other (190)
2016,Rensselaer,190,69.39462725389373,2016-Bridge,Other (190)
2016,Saratoga,190,104.11434267649035,2016-Bridge,Other (190)
2016,Schenectady,190,6.29249173939437,2016-Bridge,Other (190)
2016,Schoharie,190,15.1344625904782,2016-Bridge,Other (190)
2016,Schuyler,190,6.725540664182779,2016-Bridge,Other (190)
2016,Seneca,190,101.29745792283906,2016-Bridge,Other (190)
2016,St. Lawrence,190,529.9386279337166,2016-Bridge,Other (190)
2016,Steuben,190,27.916171312831842,2016-Bridge,Other (190)
2016,Sullivan,190,95.86351694532276,2016-Bridge,Other (190)
2016,Tioga,190,2.788003319922731,2016-Bridge,Other (190)
2016,Tompkins,190,8.733575213039456,2016-Bridge,Other (190)
2016,Ulster,190,74.51756479957882,2016-Bridge,Other (190)
2016,Warren,190,7.617273484247987,2016-Bridge,Other (190)
2016,Washington,190,34.74441656495878,2016-Bridge,Other (190)
2016,Wayne,190,257.38291699016753,2016-Bridge,Other (190)
2016,Wyoming,190,6.749271996665956,2016-Bridge,Other (190)
2016,Yates,190,3.150172034935875,2016-Bridge,Other (190)
2017,Cayuga,190,86.39239101858631,2017-2024,Other (190)
2017,Chautauqua,190,3.17718779425655,2017-2024,Other (190)
2017,Clinton,190,123.09901934880637,2017-2024,Other (190)
2017,Columbia,190,6.51159258894588,2017-2024,Other (190)
2017,Dutchess,190,8.43088208108657,2017-2024,Other (190)
2017,Erie,190,109.58328813000135,2017-2024,Other (190)
2017,Franklin,190,23.45943430983009,2017-2024,Other (190)
2017,Genesee,190,40.278390195996266,2017-2024,Other (190)
2017,Greene,190,16.42990903827843,2017-2024,Other (190)
2017,Herkimer,190,14.53777218003168,2017-2024,Other (190)
2017,Jefferson,190,13.944841990462368,2017-2024,Other (190)
2017,Madison,190,77.64663120792714,2017-2024,Other (190)
2017,Monroe,190,24.21451164562191,2017-2024,Other (190)
2017,Montgomery,190,6.09598969662626,2017-2024,Other (190)
2017,Onondaga,190,11.64126656563823,2017-2024,Other (190)
2017,Ontario,190,13.523517884663,2017-2024,Other (190)
2017,Orange,190,47.29743899924087,2017-2024,Other (190)
2017,Orleans,190,78.08881316004542,2017-2024,Other (190)
2017,Oswego,190,9.835747572210119,2017-2024,Other (190)
2017,Rockland,190,4.16314994735682,2017-2024,Other (190)
2017,Saratoga,190,28.58485910378192,2017-2024,Other (190)
2017,Seneca,190,5.4851034534654,2017-2024,Other (190)
2017,St. Lawrence,190,161.62246316083716,2017-2024,Other (190)
2017,Steuben,190,9.96560169498916,2017-2024,Other (190)
2017,Ulster,190,3.39114646227871,2017-2024,Other (190)
2017,Washington,190,6.98128001179622,2017-2024,Other (190)
2017,Wayne,190,66.88076805033343,2017-2024,Other (190)
2017,Wyoming,190,4.27590433868533,2017-2024,Other (190)
2017,Yates,190,12.6261099156418,2017-2024,Other (190)
2018,Cattaraugus,190,17.65558524533126,2017-2024,Other (190)
2018,Cayuga,190,43.74044014169778,2017-2024,Other (190)
2018,Chautauqua,190,5.91778590678215,2017-2024,Other (190)
2018,Clinton,190,80.45390107353643,2017-2024,Other (190)
2018,Delaware,190,4.42873410043296,2017-2024,Other (190)
2018,Erie,190,72.84496418260731,2017-2024,Other (190)
2018,Franklin,190,9.30539106548596,2017-2024,Other (190)
2018,Genesee,190,36.83398655835864,2017-2024,Other (190)
2018,Herkimer,190,5.1944949046213,2017-2024,Other (190)
2018,Jefferson,190,20.8187783954102,2017-2024,Other (190)
2018,Lewis,190,19.53620666167221,2017-2024,Other (190)
2018,Livingston,190,5.71349221045633,2017-2024,Other (190)
2018,Madison,190,20.983831640814728,2017-2024,Other (190)
2018,Monroe,190,3.58211843535669,2017-2024,Other (190)
2018,Onondaga,190,15.7270915669693,2017-2024,Other (190)
2018,Ontario,190,26.2936107378631,2017-2024,Other (190)
2018,Orange,190,88.49070569552714,2017-2024,Other (190)
2018,Orleans,190,22.04993210860208,2017-2024,Other (190)
2018,Oswego,190,5.742725835458099,2017-2024,Other (190)
2018,Otsego,190,5.05473340060844,2017-2024,Other (190)
2018,Rensselaer,190,5.50751316799381,2017-2024,Other (190)
2018,Rockland,190,4.16314994735682,2017-2024,Other (190)
2018,Saratoga,190,6.83185280435323,2017-2024,Other (190)
2018,Schoharie,190,7.29695880746265,2017-2024,Other (190)
2018,Seneca,190,2.73744254296417,2017-2024,Other (190)
2018,St. Lawrence,190,106.62394373677647,2017-2024,Other (190)
2018,Washington,190,2.90726924564031,2017-2024,Other (190)
2018,Wayne,190,63.7725106747341,2017-2024,Other (190)
2018,Wyoming,190,4.27590433868533,2017-2024,Other (190)
2018,Yates,190,8.752988043600201,2017-2024,Other (190)
2019,Cattaraugus,190,6.93595903883521,2017-2024,Other (190)
2019,Cayuga,190,49.45596408449707,2017-2024,Other (190)
2019,Clinton,190,25.85741391545701,2017-2024,Other (190)
2019,Erie,190,123.90846679061026,2017-2024,Other (190)
2019,Franklin,190,47.04504116043188,2017-2024,Other (190)
2019,Genesee,190,58.55126484551076,2017-2024,Other (190)
2019,Herkimer,190,5.1944949046213,2017-2024,Other (190)
2019,Jefferson,190,44.87273858402454,2017-2024,Other (190)
2019,Lewis,190,17.18685242715448,2017-2024,Other (190)
2019,Livingston,190,5.71349221045633,2017-2024,Other (190)
2019,Madison,190,16.19155501948491,2017-2024,Other (190)
2019,Monroe,190,40.87273613937609,2017-2024,Other (190)
2019,Niagara,190,9.85544925454639,2017-2024,Other (190)
2019,Oneida,190,6.11319559686403,2017-2024,Other (190)
2019,Onondaga,190,25.5529555645434,2017-2024,Other (190)
2019,Ontario,190,27.77757168575358,2017-2024,Other (190)
2019,Orange,190,151.65227137116852,2017-2024,Other (190)
2019,Orleans,190,27.54718416900248,2017-2024,Other (190)
2019,Oswego,190,92.1165911642535,2017-2024,Other (190)
2019,Otsego,190,12.95036324495284,2017-2024,Other (190)
2019,Rensselaer,190,12.66123888821285,2017-2024,Other (190)
2019,Rockland,190,4.16314994735682,2017-2024,Other (190)
2019,Saratoga,190,4.01674775578175,2017-2024,Other (190)
2019,Seneca,190,114.7695189164377,2017-2024,Other (190)
2019,St. Lawrence,190,231.95243662590693,2017-2024,Other (190)
2019,Suffolk,190,22.86458475692458,2017-2024,Other (190)
2019,Tompkins,190,3.10876244104383,2017-2024,Other (190)
2019,Ulster,190,8.47059340646431,2017-2024,Other (190)
2019,Washington,190,17.2814112246426,2017-2024,Other (190)
2019,Wayne,190,95.55181912006002,2017-2024,Other (190)
2019,Yates,190,10.84816725951826,2017-2024,Other (190)
2020,Cayuga,190,60.09462718009567,2017-2024,Other (190)
2020,Chautauqua,190,12.811003165793771,2017-2024,Other (190)
2020,Clinton,190,24.03921509414638,2017-2024,Other (190)
2020,Erie,190,93.47715403188172,2017-2024,Other (190)
2020,Franklin,190,24.37048627427761,2017-2024,Other (190)
2020,Genesee,190,43.72998969167015,2017-2024,Other (190)
2020,Herkimer,190,5.1944949046213,2017-2024,Other (190)
2020,Jefferson,190,51.57570448916185,2017-2024,Other (190)
2020,Lewis,190,46.070855770478886,2017-2024,Other (190)
2020,Livingston,190,9.41910975363118,2017-2024,Other (190)
2020,Madison,190,2.88630846896204,2017-2024,Other (190)
2020,Monroe,190,10.78974852387853,2017-2024,Other (190)
2020,Niagara,190,39.50169149037189,2017-2024,Other (190)
2020,Oneida,190,6.31467115818038,2017-2024,Other (190)
2020,Onondaga,190,28.51824273419078,2017-2024,Other (190)
2020,Orange,190,137.90793787690038,2017-2024,Other (190)
2020,Oswego,190,370.82549294444686,2017-2024,Other (190)
2020,Otsego,190,5.05473340060844,2017-2024,Other (190)
2020,Rockland,190,4.16314994735682,2017-2024,Other (190)
2020,Saratoga,190,4.01674775578175,2017-2024,Other (190)
2020,Seneca,190,75.16230224524782,2017-2024,Other (190)
2020,St. Lawrence,190,114.24174480253163,2017-2024,Other (190)
2020,Steuben,190,4.27820607582367,2017-2024,Other (190)
2020,Ulster,190,19.11567614401931,2017-2024,Other (190)
2020,Wayne,190,117.83446423318533,2017-2024,Other (190)
2020,Wyoming,190,4.27590433868533,2017-2024,Other (190)
2020,Yates,190,4.55457163251427,2017-2024,Other (190)
2021,Cayuga,190,8.20488794957053,2017-2024,Other (190)
2021,Chenango,190,5.4563328252118,2017-2024,Other (190)
2021,Clinton,190,15.38381904768972,2017-2024,Other (190)
2021,Erie,190,69.72714214651803,2017-2024,Other (190)
2021,Franklin,190,19.20318585676177,2017-2024,Other (190)
2021,Genesee,190,36.83398655835864,2017-2024,Other (190)
2021,Greene,190,3.1751800912099,2017-2024,Other (190)
2021,Herkimer,190,5.1944949046213,2017-2024,Other (190)
2021,Jefferson,190,15.38815057038954,2017-2024,Other (190)
2021,Lewis,190,21.15456299649365,2017-2024,Other (190)
2021,Livingston,190,12.25030874831371,2017-2024,Other (190)
2021,Madison,190,61.06586241150699,2017-2024,Other (190)
2021,Monroe,190,3.58211843535669,2017-2024,Other (190)
2021,Niagara,190,17.895187916488098,2017-2024,Other (190)
2021,Oneida,190,12.91128179753971,2017-2024,Other (190)
2021,Onondaga,190,19.1908153953638,2017-2024,Other (190)
2021,Orange,190,81.65350965194932,2017-2024,Other (190)
2021,Orleans,190,7.9388822126546,2017-2024,Other (190)
2021,Oswego,190,22.7850629031512,2017-2024,Other (190)
2021,Otsego,190,12.95036324495284,2017-2024,Other (190)
2021,Rockland,190,4.16314994735682,2017-2024,Other (190)
2021,Saratoga,190,4.01674775578175,2017-2024,Other (190)
2021,Schoharie,190,4.4041828860873,2017-2024,Other (190)
2021,Seneca,190,82.97650684502774,2017-2024,Other (190)
2021,St. Lawrence,190,75.03405211247374,2017-2024,Other (190)
2021,Suffolk,190,4.64161934381393,2017-2024,Other (190)
2021,Wayne,190,57.76910095200864,2017-2024,Other (190)
2021,Yates,190,4.55457163251427,2017-2024,Other (190)
2022,Cayuga,190,12.7972246019224,2017-2024,Other (190)
2022,Clinton,190,30.1407165426885,2017-2024,Other (190)
2022,Delaware,190,3.33448706042453,2017-2024,Other (190)
2022,Dutchess,190,4.79633741677102,2017-2024,Other (190)
2022,Erie,190,46.09314481180771,2017-2024,Other (190)
2022,Franklin,190,14.94384348171464,2017-2024,Other (190)
2022,Genesee,190,54.63673223296594,2017-2024,Other (190)
2022,Herkimer,190,5.1944949046213,2017-2024,Other (190)
2022,Jefferson,190,43.429465759459184,2017-2024,Other (190)
2022,Lewis,190,53.21793157628334,2017-2024,Other (190)
2022,Madison,190,10.40481708592063,2017-2024,Other (190)
2022,Monroe,190,20.54087603051634,2017-2024,Other (190)
2022,Niagara,190,8.56658481406098,2017-2024,Other (190)
2022,Oneida,190,15.177472624610061,2017-2024,Other (190)
2022,Onondaga,190,28.01223927251042,2017-2024,Other (190)
2022,Orange,190,64.3572805400815,2017-2024,Other (190)
2022,Orleans,190,3.82650686197739,2017-2024,Other (190)
2022,Oswego,190,26.64052705126561,2017-2024,Other (190)
2022,Otsego,190,5.05473340060844,2017-2024,Other (190)
2022,Rensselaer,190,17.5488397160744,2017-2024,Other (190)
2022,Rockland,190,4.16314994735682,2017-2024,Other (190)
2022,Saratoga,190,4.01674775578175,2017-2024,Other (190)
2022,Seneca,190,91.59605831871029,2017-2024,Other (190)
2022,St. Lawrence,190,119.02518616991468,2017-2024,Other (190)
2022,Steuben,190,8.65036332584031,2017-2024,Other (190)
2022,Ulster,190,8.47059340646431,2017-2024,Other (190)
2022,Washington,190,17.2814112246426,2017-2024,Other (190)
2022,Wayne,190,35.86373986863371,2017-2024,Other (190)
2022,Westchester,190,3.99314131893951,2017-2024,Other (190)
2022,Wyoming,190,4.27590433868533,2017-2024,Other (190)
2023,Cattaraugus,190,20.1266792167194,2017-2024,Other (190)
2023,Cayuga,190,11.11703750424207,2017-2024,Other (190)
2023,Clinton,190,53.9775286537425,2017-2024,Other (190)
2023,Franklin,190,6.31214213191755,2017-2024,Other (190)
2023,Fulton,190,5.38506486271068,2017-2024,Other (190)
2023,Genesee,190,21.98839266291574,2017-2024,Other (190)
2023,Herkimer,190,5.1944949046213,2017-2024,Other (190)
2023,Jefferson,190,29.90873519784914,2017-2024,Other (190)
2023,Lewis,190,35.04611785100712,2017-2024,Other (190)
2023,Livingston,190,3.70561754317485,2017-2024,Other (190)
2023,Madison,190,5.32137108342003,2017-2024,Other (190)
2023,Montgomery,190,3.13811927662345,2017-2024,Other (190)
2023,Niagara,190,20.9752825601647,2017-2024,Other (190)
2023,Oneida,190,14.50256121144416,2017-2024,Other (190)
2023,Onondaga,190,14.881240713981649,2017-2024,Other (190)
2023,Orange,190,38.96999952418281,2017-2024,Other (190)
2023,Orleans,190,4.14562768550049,2017-2024,Other (190)
2023,Oswego,190,14.92821171697171,2017-2024,Other (190)
2023,Rockland,190,4.16314994735682,2017-2024,Other (190)
2023,Saratoga,190,6.83185280435323,2017-2024,Other (190)
2023,Schuyler,190,2.68234118011936,2017-2024,Other (190)
2023,Seneca,190,6.063402643189789,2017-2024,Other (190)
2023,St. Lawrence,190,46.74335964540306,2017-2024,Other (190)
2023,Suffolk,190,3.10390095465734,2017-2024,Other (190)
2023,Ulster,190,8.47059340646431,2017-2024,Other (190)
2023,Wayne,190,18.00743038287888,2017-2024,Other (190)
2024,Albany,190,9.96679106017387,2017-2024,Other (190)
2024,Cattaraugus,190,24.9058586451304,2017-2024,Other (190)
2024,Cayuga,190,65.1536393408882,2017-2024,Other (190)
2024,Chautauqua,190,4.28747201314661,2017-2024,Other (190)
2024,Chenango,190,2.86617731543918,2017-2024,Other (190)
2024,Clinton,190,108.03679660625617,2017-2024,Other (190)
2024,Columbia,190,8.6020730459281,2017-2024,Other (190)
2024,Cortland,190,5.63040205132011,2017-2024,Other (190)
2024,Dutchess,190,25.2451952787245,2017-2024,Other (190)
2024,Erie,190,51.93397122301589,2017-2024,Other (190)
2024,Essex,190,3.08201009871802,2017-2024,Other (190)
2024,Franklin,190,145.8939034377849,2017-2024,Other (190)
2024,Fulton,190,35.67519311666986,2017-2024,Other (190)
2024,Genesee,190,115.96087665816965,2017-2024,Other (190)
2024,Herkimer,190,24.43379121956443,2017-2024,Other (190)
2024,Jefferson,190,113.47190295556697,2017-2024,Other (190)
2024,Lewis,190,156.99789838192953,2017-2024,Other (190)
2024,Livingston,190,66.43578451270476,2017-2024,Other (190)
2024,Madison,190,126.28874618072012,2017-2024,Other (190)
2024,Monroe,190,40.97421405158814,2017-2024,Other (190)
2024,Montgomery,190,25.35312224837605,2017-2024,Other (190)
2024,Niagara,190,87.11901875821314,2017-2024,Other (190)
2024,Oneida,190,83.21842223631194,2017-2024,Other (190)
2024,Onondaga,190,93.3210955682165,2017-2024,Other (190)
2024,Ontario,190,30.8329985569703,2017-2024,Other (190)
2024,Orange,190,173.0144451471543,2017-2024,Other (190)
2024,Orleans,190,173.19613894547496,2017-2024,Other (190)
2024,Oswego,190,52.07744171657343,2017-2024,Other (190)
2024,Otsego,190,12.22945289248085,2017-2024,Other (190)
2024,Rensselaer,190,27.22002803814533,2017-2024,Other (190)
2024,Rockland,190,3.28419606039533,2017-2024,Other (190)
2024,Saratoga,190,31.39167474392363,2017-2024,Other (190)
2024,Schenectady,190,13.67089438980286,2017-2024,Other (190)
2024,Schoharie,190,32.51893549342718,2017-2024,Other (190)
2024,Seneca,190,93.53518047946898,2017-2024,Other (190)
2024,St. Lawrence,190,142.7353842545516,2017-2024,Other (190)
2024,Steuben,190,47.95902773732589,2017-2024,Other (190)
2024,Tompkins,190,6.03236206680564,2017-2024,Other (190)
2024,Ulster,190,12.749376595175558,2017-2024,Other (190)
2024,Washington,190,19.98537384578916,2017-2024,Other (190)
2024,Wayne,190,438.44329700620955,2017-2024,Other (190)
2024,Wyoming,190,6.69447247292317,2017-2024,Other (190)
2024,Yates,190,12.35272992760846,2017-2024,Other (190)
2008,Albany,195,20.809508176706213,2008-2015,Other (195)
2008,Allegany,195,13.721665982029066,2008-2015,Other (195)
2008,Cattaraugus,195,29.964374301368697,2008-2015,Other (195)
2008,Cayuga,195,9.194092146334587,2008-2015,Other (195)
2008,Chautauqua,195,46.108402211992214,2008-2015,Other (195)
2008,Clinton,195,79.1048122959258,2008-2015,Other (195)
2008,Columbia,195,32.66435284023089,2008-2015,Other (195)
2008,Dutchess,195,28.827535388749432,2008-2015,Other (195)
2008,Erie,195,9.421948909819385,2008-2015,Other (195)
2008,Essex,195,24.589569311796836,2008-2015,Other (195)
2008,Franklin,195,78.2652467644025,2008-2015,Other (195)
2008,Fulton,195,42.19975690976105,2008-2015,Other (195)
2008,Genesee,195,420.7901759717677,2008-2015,Other (195)
2008,Greene,195,14.986980214850682,2008-2015,Other (195)
2008,Hamilton,195,60.28793419527901,2008-2015,Other (195)
2008,Herkimer,195,6.385908515189948,2008-2015,Other (195)
2008,Jefferson,195,348.15604859143616,2008-2015,Other (195)
2008,Lewis,195,20.52076241213729,2008-2015,Other (195)
2008,Livingston,195,34.40760079389439,2008-2015,Other (195)
2008,Madison,195,3.8131320374093622,2008-2015,Other (195)
2008,Monroe,195,81.34787930457935,2008-2015,Other (195)
2008,Montgomery,195,3.7608801573190576,2008-2015,Other (195)
2008,Niagara,195,116.08065772541367,2008-2015,Other (195)
2008,Oneida,195,9.805890952670273,2008-2015,Other (195)
2008,Onondaga,195,68.94742762368396,2008-2015,Other (195)
2008,Ontario,195,16.160196019926026,2008-2015,Other (195)
2008,Orange,195,88.96005691806381,2008-2015,Other (195)
2008,Orleans,195,283.014688990321,2008-2015,Other (195)
2008,Oswego,195,85.5922488248297,2008-2015,Other (195)
2008,Otsego,195,3.4832090933061197,2008-2015,Other (195)
2008,Putnam,195,16.521235636461494,2008-2015,Other (195)
2008,Rensselaer,195,57.40172006015642,2008-2015,Other (195)
2008,Rockland,195,7.3928250451052335,2008-2015,Other (195)
2008,Saratoga,195,81.60659725277262,2008-2015,Other (195)
2008,Schenectady,195,12.53661342123607,2008-2015,Other (195)
2008,Schoharie,195,49.15456013606875,2008-2015,Other (195)
2008,Schuyler,195,75.59657369643104,2008-2015,Other (195)
2008,Seneca,195,123.61338866921828,2008-2015,Other (195)
2008,St. Lawrence,195,382.51440783708966,2008-2015,Other (195)
2008,Steuben,195,10.65521862377172,2008-2015,Other (195)
2008,Suffolk,195,6.777696581539197,2008-2015,Other (195)
2008,Sullivan,195,3.183625421594773,2008-2015,Other (195)
2008,Tompkins,195,5.192541944196131,2008-2015,Other (195)
2008,Ulster,195,39.044143955469096,2008-2015,Other (195)
2008,Warren,195,3.5216375612497366,2008-2015,Other (195)
2008,Washington,195,92.7142017620988,2008-2015,Other (195)
2008,Wayne,195,134.82307644025727,2008-2015,Other (195)
2008,Wyoming,195,3.02977845129528,2008-2015,Other (195)
2008,Yates,195,13.396715890958248,2008-2015,Other (195)
2009,Albany,195,15.99945337948138,2008-2015,Other (195)
2009,Cattaraugus,195,11.76907518107665,2008-2015,Other (195)
2009,Cayuga,195,135.09493665536087,2008-2015,Other (195)
2009,Chautauqua,195,49.3952149195681,2008-2015,Other (195)
2009,Chemung,195,3.359904157381973,2008-2015,Other (195)
2009,Clinton,195,66.86115469896357,2008-2015,Other (195)
2009,Columbia,195,29.712762890352053,2008-2015,Other (195)
2009,Dutchess,195,36.319313738391095,2008-2015,Other (195)
2009,Erie,195,33.7185816598925,2008-2015,Other (195)
2009,Essex,195,33.447673916718784,2008-2015,Other (195)
2009,Franklin,195,108.21002368493467,2008-2015,Other (195)
2009,Fulton,195,54.1720502006583,2008-2015,Other (195)
2009,Genesee,195,268.43173280080106,2008-2015,Other (195)
2009,Greene,195,3.717016686584953,2008-2015,Other (195)
2009,Hamilton,195,57.84338146150391,2008-2015,Other (195)
2009,Herkimer,195,25.474411965578504,2008-2015,Other (195)
2009,Jefferson,195,435.99810526009287,2008-2015,Other (195)
2009,Lewis,195,21.844261882151024,2008-2015,Other (195)
2009,Livingston,195,174.4382554968714,2008-2015,Other (195)
2009,Madison,195,16.007762312772382,2008-2015,Other (195)
2009,Monroe,195,62.05253980593531,2008-2015,Other (195)
2009,Montgomery,195,6.90568603307399,2008-2015,Other (195)
2009,Niagara,195,105.22208016628994,2008-2015,Other (195)
2009,Oneida,195,9.53984490982278,2008-2015,Other (195)
2009,Onondaga,195,57.98298232547958,2008-2015,Other (195)
2009,Ontario,195,32.55505861854925,2008-2015,Other (195)
2009,Orange,195,87.38154353839289,2008-2015,Other (195)
2009,Orleans,195,219.35811552986644,2008-2015,Other (195)
2009,Oswego,195,79.01782297771828,2008-2015,Other (195)
2009,Putnam,195,12.024767563871347,2008-2015,Other (195)
2009,Rensselaer,195,91.59920231886548,2008-2015,Other (195)
2009,Rockland,195,6.418723702044559,2008-2015,Other (195)
2009,Saratoga,195,101.25318548384622,2008-2015,Other (195)
2009,Schenectady,195,11.255119218778418,2008-2015,Other (195)
2009,Schoharie,195,34.98195781065723,2008-2015,Other (195)
2009,Schuyler,195,13.847060371716477,2008-2015,Other (195)
2009,Seneca,195,118.60361144260386,2008-2015,Other (195)
2009,St. Lawrence,195,493.1828962226335,2008-2015,Other (195)
2009,Steuben,195,25.031846612353537,2008-2015,Other (195)
2009,Suffolk,195,4.903221451350856,2008-2015,Other (195)
2009,Sullivan,195,35.70830089400363,2008-2015,Other (195)
2009,Ulster,195,17.914999953946737,2008-2015,Other (195)
2009,Warren,195,22.16623582580318,2008-2015,Other (195)
2009,Washington,195,126.84828909069256,2008-2015,Other (195)
2009,Wayne,195,221.74240972902717,2008-2015,Other (195)
2009,Wyoming,195,31.281818649932355,2008-2015,Other (195)
2009,Yates,195,4.422160483511425,2008-2015,Other (195)
2010,Albany,195,20.51232215399888,2008-2015,Other (195)
2010,Allegany,195,4.904126820467311,2008-2015,Other (195)
2010,Broome,195,13.101230540169777,2008-2015,Other (195)
2010,Cattaraugus,195,18.191301555720326,2008-2015,Other (195)
2010,Cayuga,195,228.17772209669553,2008-2015,Other (195)
2010,Chautauqua,195,9.788961851495436,2008-2015,Other (195)
2010,Chemung,195,10.168574358793405,2008-2015,Other (195)
2010,Clinton,195,124.00759398241324,2008-2015,Other (195)
2010,Columbia,195,34.15628746600553,2008-2015,Other (195)
2010,Cortland,195,2.6208372180291395,2008-2015,Other (195)
2010,Delaware,195,18.80025407797158,2008-2015,Other (195)
2010,Dutchess,195,19.084568467184745,2008-2015,Other (195)
2010,Erie,195,18.32305095766617,2008-2015,Other (195)
2010,Essex,195,32.07448995373221,2008-2015,Other (195)
2010,Franklin,195,165.4629857773468,2008-2015,Other (195)
2010,Fulton,195,6.491302247031362,2008-2015,Other (195)
2010,Genesee,195,443.4045493961622,2008-2015,Other (195)
2010,Greene,195,20.991582093883572,2008-2015,Other (195)
2010,Hamilton,195,45.84919581953072,2008-2015,Other (195)
2010,Herkimer,195,6.454273551985927,2008-2015,Other (195)
2010,Jefferson,195,622.101213011501,2008-2015,Other (195)
2010,Lewis,195,13.016579783678713,2008-2015,Other (195)
2010,Livingston,195,178.18333913551677,2008-2015,Other (195)
2010,Madison,195,12.057401666981448,2008-2015,Other (195)
2010,Monroe,195,169.4997985256518,2008-2015,Other (195)
2010,Montgomery,195,3.58162410370253,2008-2015,Other (195)
2010,Nassau,195,4.88883241125134,2008-2015,Other (195)
2010,Niagara,195,206.08424006671711,2008-2015,Other (195)
2010,Onondaga,195,13.329947481242137,2008-2015,Other (195)
2010,Ontario,195,55.714047847139256,2008-2015,Other (195)
2010,Orange,195,34.68288920803703,2008-2015,Other (195)
2010,Orleans,195,318.3726791211368,2008-2015,Other (195)
2010,Oswego,195,65.33026047692282,2008-2015,Other (195)
2010,Otsego,195,8.913007655487666,2008-2015,Other (195)
2010,Putnam,195,6.314477682900627,2008-2015,Other (195)
2010,Rensselaer,195,30.748363262948146,2008-2015,Other (195)
2010,Rockland,195,5.966460792591264,2008-2015,Other (195)
2010,Saratoga,195,43.33304539589424,2008-2015,Other (195)
2010,Schoharie,195,60.29544610219741,2008-2015,Other (195)
2010,Schuyler,195,43.15264005999022,2008-2015,Other (195)
2010,Seneca,195,205.34609967826734,2008-2015,Other (195)
2010,St. Lawrence,195,884.2524059924065,2008-2015,Other (195)
2010,Steuben,195,9.232311765115696,2008-2015,Other (195)
2010,Suffolk,195,179.57177802503563,2008-2015,Other (195)
2010,Sullivan,195,4.102064086971641,2008-2015,Other (195)
2010,Warren,195,2.934165769915807,2008-2015,Other (195)
2010,Washington,195,17.169290487026558,2008-2015,Other (195)
2010,Wayne,195,264.99545825168224,2008-2015,Other (195)
2010,Wyoming,195,59.285378432272026,2008-2015,Other (195)
2010,Yates,195,56.87892213552829,2008-2015,Other (195)
2011,Albany,195,131.73677263610168,2008-2015,Other (195)
2011,Allegany,195,17.130591792435755,2008-2015,Other (195)
2011,Broome,195,8.785447718550072,2008-2015,Other (195)
2011,Cattaraugus,195,39.60342407605388,2008-2015,Other (195)
2011,Cayuga,195,90.43622116306999,2008-2015,Other (195)
2011,Chautauqua,195,134.44771533439945,2008-2015,Other (195)
2011,Chemung,195,17.10490993824411,2008-2015,Other (195)
2011,Clinton,195,83.3530699747621,2008-2015,Other (195)
2011,Columbia,195,34.76104540828323,2008-2015,Other (195)
2011,Dutchess,195,33.224988945018715,2008-2015,Other (195)
2011,Erie,195,34.370498184105664,2008-2015,Other (195)
2011,Essex,195,88.72424217382866,2008-2015,Other (195)
2011,Franklin,195,221.73279504755132,2008-2015,Other (195)
2011,Fulton,195,41.325857853208845,2008-2015,Other (195)
2011,Genesee,195,604.2337620984405,2008-2015,Other (195)
2011,Greene,195,30.303894934645562,2008-2015,Other (195)
2011,Hamilton,195,104.15549201380874,2008-2015,Other (195)
2011,Herkimer,195,103.90866634177182,2008-2015,Other (195)
2011,Jefferson,195,661.6149214712743,2008-2015,Other (195)
2011,Lewis,195,26.442092803218472,2008-2015,Other (195)
2011,Livingston,195,317.51747950731914,2008-2015,Other (195)
2011,Madison,195,76.24947146838161,2008-2015,Other (195)
2011,Monroe,195,207.412552212498,2008-2015,Other (195)
2011,Montgomery,195,3.7608801573190576,2008-2015,Other (195)
2011,Nassau,195,4.88883241125134,2008-2015,Other (195)
2011,Niagara,195,254.93357203691744,2008-2015,Other (195)
2011,Oneida,195,54.43812937017744,2008-2015,Other (195)
2011,Onondaga,195,126.40862076454204,2008-2015,Other (195)
2011,Ontario,195,75.28347113879427,2008-2015,Other (195)
2011,Orange,195,103.84501123112713,2008-2015,Other (195)
2011,Orleans,195,367.5233553573646,2008-2015,Other (195)
2011,Oswego,195,82.3945686746993,2008-2015,Other (195)
2011,Otsego,195,6.674570109235896,2008-2015,Other (195)
2011,Putnam,195,22.765396468517118,2008-2015,Other (195)
2011,Rensselaer,195,96.91040117449226,2008-2015,Other (195)
2011,Rockland,195,3.5427167734746994,2008-2015,Other (195)
2011,Saratoga,195,86.76679840485271,2008-2015,Other (195)
2011,Schoharie,195,20.6838946785971,2008-2015,Other (195)
2011,Schuyler,195,94.63783293383673,2008-2015,Other (195)
2011,Seneca,195,291.85448914553797,2008-2015,Other (195)
2011,St. Lawrence,195,861.8620296014517,2008-2015,Other (195)
2011,Steuben,195,75.95608531762954,2008-2015,Other (195)
2011,Suffolk,195,160.5875123266074,2008-2015,Other (195)
2011,Sullivan,195,39.76038901801423,2008-2015,Other (195)
2011,Tioga,195,10.060363253773762,2008-2015,Other (195)
2011,Tompkins,195,14.397993269173364,2008-2015,Other (195)
2011,Ulster,195,46.14613021621948,2008-2015,Other (195)
2011,Warren,195,16.549792968322738,2008-2015,Other (195)
2011,Washington,195,32.51255925791807,2008-2015,Other (195)
2011,Wayne,195,795.6564165531735,2008-2015,Other (195)
2011,Wyoming,195,80.17349947354045,2008-2015,Other (195)
2011,Yates,195,48.01670569275916,2008-2015,Other (195)
2012,Albany,195,50.00537776044412,2008-2015,Other (195)
2012,Allegany,195,62.65802855071615,2008-2015,Other (195)
2012,Broome,195,8.785447718550072,2008-2015,Other (195)
2012,Cattaraugus,195,38.205762103258714,2008-2015,Other (195)
2012,Cayuga,195,100.09710101399865,2008-2015,Other (195)
2012,Chautauqua,195,121.13645491595682,2008-2015,Other (195)
2012,Chemung,195,10.583151513404546,2008-2015,Other (195)
2012,Chenango,195,3.270022426530855,2008-2015,Other (195)
2012,Clinton,195,65.27126321573404,2008-2015,Other (195)
2012,Columbia,195,38.12678341538034,2008-2015,Other (195)
2012,Cortland,195,2.573984552841686,2008-2015,Other (195)
2012,Delaware,195,13.285164564260768,2008-2015,Other (195)
2012,Dutchess,195,16.390681104538515,2008-2015,Other (195)
2012,Erie,195,62.9857175844489,2008-2015,Other (195)
2012,Essex,195,39.75586842928992,2008-2015,Other (195)
2012,Franklin,195,221.14605257233242,2008-2015,Other (195)
2012,Fulton,195,38.71010686241568,2008-2015,Other (195)
2012,Genesee,195,557.8941290467064,2008-2015,Other (195)
2012,Greene,195,6.9808322435573205,2008-2015,Other (195)
2012,Hamilton,195,62.60965635617252,2008-2015,Other (195)
2012,Herkimer,195,37.23108257843679,2008-2015,Other (195)
2012,Jefferson,195,294.3528446167291,2008-2015,Other (195)
2012,Lewis,195,28.994182074357013,2008-2015,Other (195)
2012,Livingston,195,237.22554073574824,2008-2015,Other (195)
2012,Madison,195,98.27169531528293,2008-2015,Other (195)
2012,Monroe,195,171.56202329215492,2008-2015,Other (195)
2012,Montgomery,195,13.536345915071676,2008-2015,Other (195)
2012,Nassau,195,4.88883241125134,2008-2015,Other (195)
2012,Niagara,195,221.6187371201225,2008-2015,Other (195)
2012,Oneida,195,37.34354529957286,2008-2015,Other (195)
2012,Onondaga,195,154.15612069700342,2008-2015,Other (195)
2012,Ontario,195,102.42873451547725,2008-2015,Other (195)
2012,Orange,195,458.82957088719945,2008-2015,Other (195)
2012,Orleans,195,116.7159940793116,2008-2015,Other (195)
2012,Oswego,195,114.84933337620855,2008-2015,Other (195)
2012,Otsego,195,15.149471337858106,2008-2015,Other (195)
2012,Rensselaer,195,51.02028436262903,2008-2015,Other (195)
2012,Rockland,195,15.677741819791535,2008-2015,Other (195)
2012,Saratoga,195,127.87342991955492,2008-2015,Other (195)
2012,Schenectady,195,9.227483591349479,2008-2015,Other (195)
2012,Schoharie,195,15.189255609941402,2008-2015,Other (195)
2012,Schuyler,195,40.8454175739998,2008-2015,Other (195)
2012,Seneca,195,241.27427763719444,2008-2015,Other (195)
2012,St. Lawrence,195,547.1877138373891,2008-2015,Other (195)
2012,Steuben,195,84.99729793377857,2008-2015,Other (195)
2012,Suffolk,195,475.8449503334659,2008-2015,Other (195)
2012,Sullivan,195,96.75726970626664,2008-2015,Other (195)
2012,Tompkins,195,8.435716851882502,2008-2015,Other (195)
2012,Ulster,195,40.194125507193036,2008-2015,Other (195)
2012,Warren,195,18.827658771550766,2008-2015,Other (195)
2012,Washington,195,171.40038726752408,2008-2015,Other (195)
2012,Wayne,195,354.8580386734641,2008-2015,Other (195)
2012,Westchester,195,3.4799587681232214,2008-2015,Other (195)
2012,Wyoming,195,33.05608491613546,2008-2015,Other (195)
2012,Yates,195,52.45245223737244,2008-2015,Other (195)
2013,Albany,195,16.834605758154833,2008-2015,Other (195)
2013,Allegany,195,6.261643478563077,2008-2015,Other (195)
2013,Broome,195,9.0299518169218,2008-2015,Other (195)
2013,Cattaraugus,195,7.911061105738956,2008-2015,Other (195)
2013,Cayuga,195,256.36065206501416,2008-2015,Other (195)
2013,Chautauqua,195,34.805575400943844,2008-2015,Other (195)
2013,Chemung,195,14.16893720396015,2008-2015,Other (195)
2013,Clinton,195,80.14411717115546,2008-2015,Other (195)
2013,Columbia,195,39.10322619242165,2008-2015,Other (195)
2013,Delaware,195,16.700906200051776,2008-2015,Other (195)
2013,Dutchess,195,26.603466039763504,2008-2015,Other (195)
2013,Erie,195,11.76561430091018,2008-2015,Other (195)
2013,Essex,195,39.902198232207844,2008-2015,Other (195)
2013,Franklin,195,174.74973175204047,2008-2015,Other (195)
2013,Fulton,195,43.081683019907395,2008-2015,Other (195)
2013,Genesee,195,523.3735946764181,2008-2015,Other (195)
2013,Greene,195,6.9808322435573205,2008-2015,Other (195)
2013,Hamilton,195,105.03669754550144,2008-2015,Other (195)
2013,Herkimer,195,41.5214887225131,2008-2015,Other (195)
2013,Jefferson,195,649.5073433976245,2008-2015,Other (195)
2013,Lewis,195,51.65417255071791,2008-2015,Other (195)
2013,Livingston,195,359.99639835231983,2008-2015,Other (195)
2013,Madison,195,49.28987490571274,2008-2015,Other (195)
2013,Monroe,195,113.21602212864923,2008-2015,Other (195)
2013,Nassau,195,4.88883241125134,2008-2015,Other (195)
2013,Niagara,195,240.04125466259734,2008-2015,Other (195)
2013,Oneida,195,12.212347998598208,2008-2015,Other (195)
2013,Onondaga,195,163.746703507266,2008-2015,Other (195)
2013,Ontario,195,55.05761092443396,2008-2015,Other (195)
2013,Orange,195,44.61107070429925,2008-2015,Other (195)
2013,Orleans,195,295.8263338444873,2008-2015,Other (195)
2013,Oswego,195,90.63441918565191,2008-2015,Other (195)
2013,Otsego,195,24.90683526581407,2008-2015,Other (195)
2013,Putnam,195,6.314477682900627,2008-2015,Other (195)
2013,Rensselaer,195,43.951829914814425,2008-2015,Other (195)
2013,Rockland,195,3.5427167734746994,2008-2015,Other (195)
2013,Saratoga,195,55.23518576345444,2008-2015,Other (195)
2013,Schenectady,195,11.303438936447515,2008-2015,Other (195)
2013,Schoharie,195,64.77750577364303,2008-2015,Other (195)
2013,Schuyler,195,44.73234005619916,2008-2015,Other (195)
2013,Seneca,195,250.59739355852003,2008-2015,Other (195)
2013,St. Lawrence,195,930.7831869452148,2008-2015,Other (195)
2013,Steuben,195,52.72726809181739,2008-2015,Other (195)
2013,Suffolk,195,22.65678833471069,2008-2015,Other (195)
2013,Sullivan,195,23.69994676838367,2008-2015,Other (195)
2013,Tompkins,195,5.466583277977973,2008-2015,Other (195)
2013,Ulster,195,21.9651295212453,2008-2015,Other (195)
2013,Warren,195,15.119010669138554,2008-2015,Other (195)
2013,Washington,195,104.93048811225567,2008-2015,Other (195)
2013,Wayne,195,340.78308337664936,2008-2015,Other (195)
2013,Wyoming,195,68.71246982365338,2008-2015,Other (195)
2013,Yates,195,24.24049142013763,2008-2015,Other (195)
2014,Albany,195,32.31135238987788,2008-2015,Other (195)
2014,Allegany,195,8.014571255994355,2008-2015,Other (195)
2014,Broome,195,3.3727844651598597,2008-2015,Other (195)
2014,Cattaraugus,195,24.29669334716153,2008-2015,Other (195)
2014,Cayuga,195,81.75960161383779,2008-2015,Other (195)
2014,Chautauqua,195,10.437772534044166,2008-2015,Other (195)
2014,Chemung,195,15.257375010993673,2008-2015,Other (195)
2014,Clinton,195,68.08567716892634,2008-2015,Other (195)
2014,Columbia,195,19.962185396529655,2008-2015,Other (195)
2014,Dutchess,195,28.378985761438457,2008-2015,Other (195)
2014,Erie,195,12.444151895008185,2008-2015,Other (195)
2014,Essex,195,8.885551703159173,2008-2015,Other (195)
2014,Franklin,195,45.33440822165649,2008-2015,Other (195)
2014,Fulton,195,22.8548180036666,2008-2015,Other (195)
2014,Genesee,195,524.3749457796744,2008-2015,Other (195)
2014,Greene,195,3.717016686584953,2008-2015,Other (195)
2014,Hamilton,195,28.72860756496985,2008-2015,Other (195)
2014,Herkimer,195,21.698708470636312,2008-2015,Other (195)
2014,Jefferson,195,632.3742138888184,2008-2015,Other (195)
2014,Lewis,195,120.4606253395112,2008-2015,Other (195)
2014,Livingston,195,299.0677123195088,2008-2015,Other (195)
2014,Madison,195,80.69886993139633,2008-2015,Other (195)
2014,Monroe,195,294.72850541394763,2008-2015,Other (195)
2014,Nassau,195,4.88883241125134,2008-2015,Other (195)
2014,Niagara,195,247.526611234853,2008-2015,Other (195)
2014,Oneida,195,2.8530205025394455,2008-2015,Other (195)
2014,Onondaga,195,62.97217483405475,2008-2015,Other (195)
2014,Ontario,195,48.999448129063346,2008-2015,Other (195)
2014,Orange,195,111.62187518324333,2008-2015,Other (195)
2014,Orleans,195,238.6735419200102,2008-2015,Other (195)
2014,Oswego,195,448.681866011936,2008-2015,Other (195)
2014,Otsego,195,2.0916642341501266,2008-2015,Other (195)
2014,Putnam,195,6.314477682900627,2008-2015,Other (195)
2014,Rensselaer,195,45.917177035329445,2008-2015,Other (195)
2014,Rockland,195,3.5427167734746994,2008-2015,Other (195)
2014,Saratoga,195,75.39333325803028,2008-2015,Other (195)
2014,Schenectady,195,35.79336061492769,2008-2015,Other (195)
2014,Schoharie,195,3.6916037618542,2008-2015,Other (195)
2014,Schuyler,195,57.65914213591495,2008-2015,Other (195)
2014,Seneca,195,627.2866848562485,2008-2015,Other (195)
2014,St. Lawrence,195,448.31712258136184,2008-2015,Other (195)
2014,Steuben,195,74.79511677222347,2008-2015,Other (195)
2014,Suffolk,195,21.14334651562664,2008-2015,Other (195)
2014,Sullivan,195,7.925807687135275,2008-2015,Other (195)
2014,Tompkins,195,3.7402625158024616,2008-2015,Other (195)
2014,Ulster,195,18.526644677397194,2008-2015,Other (195)
2014,Warren,195,23.121758613246,2008-2015,Other (195)
2014,Washington,195,95.33985513098186,2008-2015,Other (195)
2014,Wayne,195,334.14970145877686,2008-2015,Other (195)
2014,Wyoming,195,68.36069478770963,2008-2015,Other (195)
2014,Yates,195,36.51613732692673,2008-2015,Other (195)
2015,Albany,195,16.732214041013812,2008-2015,Other (195)
2015,Allegany,195,33.86225791569027,2008-2015,Other (195)
2015,Cattaraugus,195,52.58981373825265,2008-2015,Other (195)
2015,Cayuga,195,95.17817384707106,2008-2015,Other (195)
2015,Chautauqua,195,33.13427976588265,2008-2015,Other (195)
2015,Chemung,195,10.583151513404546,2008-2015,Other (195)
2015,Chenango,195,3.426649785425493,2008-2015,Other (195)
2015,Clinton,195,101.68715667101422,2008-2015,Other (195)
2015,Columbia,195,21.289199667554318,2008-2015,Other (195)
2015,Dutchess,195,31.89379702723241,2008-2015,Other (195)
2015,Erie,195,24.642172149477673,2008-2015,Other (195)
2015,Franklin,195,119.6188033856948,2008-2015,Other (195)
2015,Fulton,195,3.465718239223774,2008-2015,Other (195)
2015,Genesee,195,486.7996283333609,2008-2015,Other (195)
2015,Greene,195,8.967426744077605,2008-2015,Other (195)
2015,Hamilton,195,33.782880170172106,2008-2015,Other (195)
2015,Herkimer,195,27.526971948543757,2008-2015,Other (195)
2015,Jefferson,195,659.5277351807084,2008-2015,Other (195)
2015,Lewis,195,83.11717613802294,2008-2015,Other (195)
2015,Livingston,195,392.429609536793,2008-2015,Other (195)
2015,Madison,195,24.984375094856098,2008-2015,Other (195)
2015,Monroe,195,216.01850427812312,2008-2015,Other (195)
2015,Montgomery,195,11.06563105405079,2008-2015,Other (195)
2015,Nassau,195,4.88883241125134,2008-2015,Other (195)
2015,Niagara,195,246.43639263220334,2008-2015,Other (195)
2015,Oneida,195,22.708144670046845,2008-2015,Other (195)
2015,Onondaga,195,47.24131650079933,2008-2015,Other (195)
2015,Ontario,195,88.0829382826596,2008-2015,Other (195)
2015,Orange,195,169.54476117176773,2008-2015,Other (195)
2015,Orleans,195,127.96157292407857,2008-2015,Other (195)
2015,Oswego,195,50.88362007485293,2008-2015,Other (195)
2015,Otsego,195,56.717423400478864,2008-2015,Other (195)
2015,Putnam,195,6.314477682900627,2008-2015,Other (195)
2015,Rensselaer,195,32.368673361082166,2008-2015,Other (195)
2015,Rockland,195,3.5427167734746994,2008-2015,Other (195)
2015,Saratoga,195,75.69479484048492,2008-2015,Other (195)
2015,Schenectady,195,8.262077536252157,2008-2015,Other (195)
2015,Schoharie,195,11.269175209832435,2008-2015,Other (195)
2015,Schuyler,195,50.12729870611729,2008-2015,Other (195)
2015,Seneca,195,334.59072255945676,2008-2015,Other (195)
2015,St. Lawrence,195,625.1410683271049,2008-2015,Other (195)
2015,Steuben,195,70.9570857839496,2008-2015,Other (195)
2015,Suffolk,195,25.39526228463336,2008-2015,Other (195)
2015,Sullivan,195,25.92583313073412,2008-2015,Other (195)
2015,Tioga,195,3.555556964531811,2008-2015,Other (195)
2015,Ulster,195,47.43266641543415,2008-2015,Other (195)
2015,Washington,195,148.10073365031033,2008-2015,Other (195)
2015,Wayne,195,401.3810655705783,2008-2015,Other (195)
2015,Wyoming,195,86.13683433151998,2008-2015,Other (195)
2015,Yates,195,41.16689544747918,2008-2015,Other (195)
2016,Albany,195,8.881927220895061,2016-Bridge,Other (195)
2016,Allegany,195,14.82179420521567,2016-Bridge,Other (195)
2016,Cattaraugus,195,54.699441315020955,2016-Bridge,Other (195)
2016,Cayuga,195,133.60710029305866,2016-Bridge,Other (195)
2016,Chautauqua,195,43.95891990803408,2016-Bridge,Other (195)
2016,Chemung,195,15.693652510083549,2016-Bridge,Other (195)
2016,Clinton,195,43.52545118714998,2016-Bridge,Other (195)
2016,Columbia,195,16.54217895409696,2016-Bridge,Other (195)
2016,Cortland,195,2.8761986659770176,2016-Bridge,Other (195)
2016,Dutchess,195,12.3935644780411,2016-Bridge,Other (195)
2016,Erie,195,35.27637708474444,2016-Bridge,Other (195)
2016,Essex,195,4.155847557222284,2016-Bridge,Other (195)
2016,Franklin,195,126.63443355931773,2016-Bridge,Other (195)
2016,Fulton,195,4.954219265332655,2016-Bridge,Other (195)
2016,Genesee,195,435.39618633555375,2016-Bridge,Other (195)
2016,Greene,195,11.393597913593045,2016-Bridge,Other (195)
2016,Hamilton,195,66.38469717571438,2016-Bridge,Other (195)
2016,Herkimer,195,11.819499834752701,2016-Bridge,Other (195)
2016,Jefferson,195,770.9907676441647,2016-Bridge,Other (195)
2016,Lewis,195,101.216531884953,2016-Bridge,Other (195)
2016,Livingston,195,137.50129157033246,2016-Bridge,Other (195)
2016,Madison,195,4.724750649121787,2016-Bridge,Other (195)
2016,Monroe,195,205.1917743836547,2016-Bridge,Other (195)
2016,Nassau,195,4.720909724808998,2016-Bridge,Other (195)
2016,Niagara,195,142.9450924192783,2016-Bridge,Other (195)
2016,Oneida,195,31.176034945100408,2016-Bridge,Other (195)
2016,Onondaga,195,107.89280630423673,2016-Bridge,Other (195)
2016,Ontario,195,86.15963313091505,2016-Bridge,Other (195)
2016,Orange,195,17.09773276204941,2016-Bridge,Other (195)
2016,Orleans,195,166.0751802508969,2016-Bridge,Other (195)
2016,Oswego,195,76.98116119055263,2016-Bridge,Other (195)
2016,Otsego,195,21.390847809006033,2016-Bridge,Other (195)
2016,Putnam,195,6.314502940887132,2016-Bridge,Other (195)
2016,Rensselaer,195,12.213332227202933,2016-Bridge,Other (195)
2016,Rockland,195,3.542730944384306,2016-Bridge,Other (195)
2016,Saratoga,195,24.777907658850904,2016-Bridge,Other (195)
2016,Schuyler,195,76.98870857022426,2016-Bridge,Other (195)
2016,Seneca,195,576.1845539280615,2016-Bridge,Other (195)
2016,St. Lawrence,195,552.2985439292622,2016-Bridge,Other (195)
2016,Steuben,195,78.38016770237834,2016-Bridge,Other (195)
2016,Suffolk,195,21.060168813432647,2016-Bridge,Other (195)
2016,Tioga,195,4.649788367428441,2016-Bridge,Other (195)
2016,Tompkins,195,4.689014758257239,2016-Bridge,Other (195)
2016,Ulster,195,85.68984707335579,2016-Bridge,Other (195)
2016,Warren,195,2.757108848566516,2016-Bridge,Other (195)
2016,Washington,195,158.7192306146904,2016-Bridge,Other (195)
2016,Wayne,195,590.288019146918,2016-Bridge,Other (195)
2016,Wyoming,195,83.99889386802636,2016-Bridge,Other (195)
2016,Yates,195,27.308859382153408,2016-Bridge,Other (195)
2017,Cayuga,195,9.91565053174631,2017-2024,Other (195)
2017,Chautauqua,195,5.91778590678215,2017-2024,Other (195)
2017,Clinton,195,8.31303434644078,2017-2024,Other (195)
2017,Dutchess,195,5.72339958549922,2017-2024,Other (195)
2017,Erie,195,10.556039215489,2017-2024,Other (195)
2017,Franklin,195,20.08992469934669,2017-2024,Other (195)
2017,Genesee,195,69.34745738236819,2017-2024,Other (195)
2017,Jefferson,195,23.981509107383893,2017-2024,Other (195)
2017,Lewis,195,7.87579397534374,2017-2024,Other (195)
2017,Livingston,195,2.74088864868956,2017-2024,Other (195)
2017,Madison,195,23.97686227883881,2017-2024,Other (195)
2017,Monroe,195,11.28117191766275,2017-2024,Other (195)
2017,Niagara,195,24.21027761634614,2017-2024,Other (195)
2017,Onondaga,195,2.81872084618056,2017-2024,Other (195)
2017,Ontario,195,11.5077182979872,2017-2024,Other (195)
2017,Orange,195,34.92684685738638,2017-2024,Other (195)
2017,Orleans,195,2.79264299355296,2017-2024,Other (195)
2017,Oswego,195,4.43873011430226,2017-2024,Other (195)
2017,Otsego,195,8.774006853978019,2017-2024,Other (195)
2017,Rensselaer,195,6.81005049575897,2017-2024,Other (195)
2017,Richmond,195,2.98873910506516,2017-2024,Other (195)
2017,Schuyler,195,15.73618014292399,2017-2024,Other (195)
2017,Seneca,195,98.85439320722384,2017-2024,Other (195)
2017,St. Lawrence,195,2.8904723368604,2017-2024,Other (195)
2017,Suffolk,195,37.945620627547754,2017-2024,Other (195)
2017,Washington,195,3.03119399885749,2017-2024,Other (195)
2017,Wayne,195,36.82963892887547,2017-2024,Other (195)
2017,Yates,195,12.0773000676258,2017-2024,Other (195)
2018,Cayuga,195,32.91408832763495,2017-2024,Other (195)
2018,Clinton,195,8.31303434644078,2017-2024,Other (195)
2018,Erie,195,27.0089687363416,2017-2024,Other (195)
2018,Franklin,195,20.08992469934669,2017-2024,Other (195)
2018,Genesee,195,67.09847069663064,2017-2024,Other (195)
2018,Jefferson,195,32.70950769871678,2017-2024,Other (195)
2018,Lewis,195,4.2956200297952,2017-2024,Other (195)
2018,Madison,195,2.93840813890466,2017-2024,Other (195)
2018,Monroe,195,11.28117191766275,2017-2024,Other (195)
2018,Niagara,195,33.5152066306125,2017-2024,Other (195)
2018,Ontario,195,11.5077182979872,2017-2024,Other (195)
2018,Orange,195,8.06737429787262,2017-2024,Other (195)
2018,Orleans,195,42.55944768869599,2017-2024,Other (195)
2018,Oswego,195,10.259001460714071,2017-2024,Other (195)
2018,Schuyler,195,12.4435244629345,2017-2024,Other (195)
2018,Seneca,195,95.66749405196907,2017-2024,Other (195)
2018,Suffolk,195,43.15212927349278,2017-2024,Other (195)
2018,Tioga,195,3.54225627377363,2017-2024,Other (195)
2018,Washington,195,3.03119399885749,2017-2024,Other (195)
2018,Wayne,195,49.54262894357854,2017-2024,Other (195)
2018,Yates,195,12.0773000676258,2017-2024,Other (195)
2019,Cayuga,195,4.75971874394552,2017-2024,Other (195)
2019,Chautauqua,195,26.51859717243254,2017-2024,Other (195)
2019,Chenango,195,11.73392048536974,2017-2024,Other (195)
2019,Clinton,195,4.90255296424852,2017-2024,Other (195)
2019,Columbia,195,5.17746235458424,2017-2024,Other (195)
2019,Delaware,195,2.99848339112074,2017-2024,Other (195)
2019,Erie,195,6.64679901698957,2017-2024,Other (195)
2019,Franklin,195,43.26701347110185,2017-2024,Other (195)
2019,Genesee,195,106.5232762880809,2017-2024,Other (195)
2019,Jefferson,195,34.01788564172474,2017-2024,Other (195)
2019,Lewis,195,51.38777448678243,2017-2024,Other (195)
2019,Livingston,195,24.7175697944894,2017-2024,Other (195)
2019,Madison,195,45.4975912296606,2017-2024,Other (195)
2019,Monroe,195,18.488802006184592,2017-2024,Other (195)
2019,Niagara,195,3.29893931267377,2017-2024,Other (195)
2019,Oneida,195,6.0902455496401,2017-2024,Other (195)
2019,Onondaga,195,22.288957675593508,2017-2024,Other (195)
2019,Ontario,195,21.46935963463303,2017-2024,Other (195)
2019,Orange,195,17.51895707765414,2017-2024,Other (195)
2019,Orleans,195,36.0492938691217,2017-2024,Other (195)
2019,Oswego,195,159.58780566759447,2017-2024,Other (195)
2019,Otsego,195,3.76999502793565,2017-2024,Other (195)
2019,Richmond,195,2.98873910506516,2017-2024,Other (195)
2019,Schenectady,195,3.58312929938868,2017-2024,Other (195)
2019,Schuyler,195,19.04767108737218,2017-2024,Other (195)
2019,Seneca,195,44.6895118561711,2017-2024,Other (195)
2019,St. Lawrence,195,25.64410799182685,2017-2024,Other (195)
2019,Suffolk,195,13.17488171681956,2017-2024,Other (195)
2019,Ulster,195,2.78143020447506,2017-2024,Other (195)
2019,Wayne,195,61.486371746850054,2017-2024,Other (195)
2019,Wyoming,195,4.27590433868533,2017-2024,Other (195)
2019,Yates,195,25.79048398178527,2017-2024,Other (195)
2020,Cattaraugus,195,12.160473550624339,2017-2024,Other (195)
2020,Cayuga,195,23.86027954869534,2017-2024,Other (195)
2020,Chautauqua,195,25.1245353210039,2017-2024,Other (195)
2020,Clinton,195,9.45719470400193,2017-2024,Other (195)
2020,Columbia,195,5.17746235458424,2017-2024,Other (195)
2020,Delaware,195,3.33448706042453,2017-2024,Other (195)
2020,Erie,195,29.98838971139109,2017-2024,Other (195)
2020,Essex,195,12.3655975648951,2017-2024,Other (195)
2020,Franklin,195,20.08992469934669,2017-2024,Other (195)
2020,Genesee,195,79.61103740829473,2017-2024,Other (195)
2020,Jefferson,195,14.52225612128639,2017-2024,Other (195)
2020,Lewis,195,18.92359719790949,2017-2024,Other (195)
2020,Livingston,195,2.69589405875335,2017-2024,Other (195)
2020,Madison,195,62.13970586870809,2017-2024,Other (195)
2020,Monroe,195,8.01991221121688,2017-2024,Other (195)
2020,Niagara,195,24.52743649479458,2017-2024,Other (195)
2020,Oneida,195,26.87547177143223,2017-2024,Other (195)
2020,Onondaga,195,34.26938691635224,2017-2024,Other (195)
2020,Ontario,195,6.28047095853783,2017-2024,Other (195)
2020,Orange,195,270.8555355601197,2017-2024,Other (195)
2020,Orleans,195,36.0492938691217,2017-2024,Other (195)
2020,Oswego,195,277.79469257133866,2017-2024,Other (195)
2020,Schuyler,195,18.84741564915557,2017-2024,Other (195)
2020,Seneca,195,85.72407190777302,2017-2024,Other (195)
2020,St. Lawrence,195,38.51011761238273,2017-2024,Other (195)
2020,Steuben,195,7.97624909668847,2017-2024,Other (195)
2020,Suffolk,195,6.82249928586367,2017-2024,Other (195)
2020,Ulster,195,2.78143020447506,2017-2024,Other (195)
2020,Wayne,195,19.216306652598018,2017-2024,Other (195)
2020,Wyoming,195,2.55382473398309,2017-2024,Other (195)
2020,Yates,195,19.07008435568816,2017-2024,Other (195)
2021,Cattaraugus,195,13.73623730476734,2017-2024,Other (195)
2021,Cayuga,195,25.46156298547103,2017-2024,Other (195)
2021,Chautauqua,195,5.91778590678215,2017-2024,Other (195)
2021,Clinton,195,9.48773014173475,2017-2024,Other (195)
2021,Delaware,195,3.33448706042453,2017-2024,Other (195)
2021,Dutchess,195,4.79633741677102,2017-2024,Other (195)
2021,Erie,195,22.19812007840046,2017-2024,Other (195)
2021,Franklin,195,23.920307157207038,2017-2024,Other (195)
2021,Genesee,195,80.6681606938262,2017-2024,Other (195)
2021,Jefferson,195,41.53693627445519,2017-2024,Other (195)
2021,Lewis,195,51.50905782112258,2017-2024,Other (195)
2021,Monroe,195,15.227542299738719,2017-2024,Other (195)
2021,Niagara,195,19.80301198307807,2017-2024,Other (195)
2021,Oneida,195,20.2788611320729,2017-2024,Other (195)
2021,Onondaga,195,19.2015866874108,2017-2024,Other (195)
2021,Ontario,195,11.5077182979872,2017-2024,Other (195)
2021,Orange,195,13.644275345246669,2017-2024,Other (195)
2021,Orleans,195,36.0492938691217,2017-2024,Other (195)
2021,Oswego,195,8.29419426241667,2017-2024,Other (195)
2021,Rensselaer,195,44.20758945133163,2017-2024,Other (195)
2021,Schuyler,195,15.73618014292399,2017-2024,Other (195)
2021,Seneca,195,91.32423307643246,2017-2024,Other (195)
2021,St. Lawrence,195,40.75045275035929,2017-2024,Other (195)
2021,Steuben,195,8.65036332584031,2017-2024,Other (195)
2021,Suffolk,195,18.31569602058665,2017-2024,Other (195)
2021,Ulster,195,4.49993611483655,2017-2024,Other (195)
2021,Wayne,195,15.05415000845312,2017-2024,Other (195)
2021,Wyoming,195,4.27590433868533,2017-2024,Other (195)
2021,Yates,195,12.0773000676258,2017-2024,Other (195)
2022,Cayuga,195,11.44408618023721,2017-2024,Other (195)
2022,Chautauqua,195,10.7037436036696,2017-2024,Other (195)
2022,Columbia,195,5.17746235458424,2017-2024,Other (195)
2022,Erie,195,3.18519729619726,2017-2024,Other (195)
2022,Franklin,195,20.08992469934669,2017-2024,Other (195)
2022,Genesee,195,88.67746420239762,2017-2024,Other (195)
2022,Jefferson,195,16.40582973540854,2017-2024,Other (195)
2022,Lewis,195,26.97387697661629,2017-2024,Other (195)
2022,Livingston,195,8.3761022628823,2017-2024,Other (195)
2022,Monroe,195,8.01991221121688,2017-2024,Other (195)
2022,Niagara,195,19.80301198307807,2017-2024,Other (195)
2022,Oneida,195,8.3824673250492,2017-2024,Other (195)
2022,Onondaga,195,22.02384648795619,2017-2024,Other (195)
2022,Orange,195,12.48744854191564,2017-2024,Other (195)
2022,Orleans,195,36.0492938691217,2017-2024,Other (195)
2022,Oswego,195,12.88865037007719,2017-2024,Other (195)
2022,Rensselaer,195,5.57365637501669,2017-2024,Other (195)
2022,Schuyler,195,15.73618014292399,2017-2024,Other (195)
2022,Seneca,195,78.65828792830317,2017-2024,Other (195)
2022,St. Lawrence,195,2.60166789235615,2017-2024,Other (195)
2022,Suffolk,195,34.60504170950247,2017-2024,Other (195)
2022,Ulster,195,3.06710334786924,2017-2024,Other (195)
2022,Wayne,195,21.02375272338467,2017-2024,Other (195)
2022,Yates,195,14.983406922466589,2017-2024,Other (195)
2023,Cayuga,195,32.82526340425606,2017-2024,Other (195)
2023,Columbia,195,5.17746235458424,2017-2024,Other (195)
2023,Dutchess,195,4.79633741677102,2017-2024,Other (195)
2023,Genesee,195,15.80176020404813,2017-2024,Other (195)
2023,Jefferson,195,7.43605968122264,2017-2024,Other (195)
2023,Lewis,195,47.965085092797906,2017-2024,Other (195)
2023,Livingston,195,5.88255853781066,2017-2024,Other (195)
2023,Monroe,195,15.227542299738719,2017-2024,Other (195)
2023,Niagara,195,16.504072670404298,2017-2024,Other (195)
2023,Onondaga,195,10.83580980807361,2017-2024,Other (195)
2023,Ontario,195,17.78818925652503,2017-2024,Other (195)
2023,Orange,195,17.93662358157131,2017-2024,Other (195)
2023,Orleans,195,28.416315443169424,2017-2024,Other (195)
2023,Rensselaer,195,12.96453816418094,2017-2024,Other (195)
2023,Schuyler,195,40.84275437602988,2017-2024,Other (195)
2023,Seneca,195,164.8840031945251,2017-2024,Other (195)
2023,St. Lawrence,195,3.89620368938303,2017-2024,Other (195)
2023,Suffolk,195,5.14081430376709,2017-2024,Other (195)
2023,Wayne,195,24.16270530974973,2017-2024,Other (195)
2023,Yates,195,12.0773000676258,2017-2024,Other (195)
2024,Allegany,195,12.10357149287388,2017-2024,Other (195)
2024,Cattaraugus,195,3.58631848536892,2017-2024,Other (195)
2024,Cayuga,195,185.31005523662608,2017-2024,Other (195)
2024,Chautauqua,195,30.92078902038537,2017-2024,Other (195)
2024,Chenango,195,3.07926924926447,2017-2024,Other (195)
2024,Clinton,195,26.11008242903995,2017-2024,Other (195)
2024,Dutchess,195,3.53648947018288,2017-2024,Other (195)
2024,Erie,195,41.39412331562074,2017-2024,Other (195)
2024,Fulton,195,13.5919675239678,2017-2024,Other (195)
2024,Genesee,195,189.02592331606556,2017-2024,Other (195)
2024,Jefferson,195,104.32360893408394,2017-2024,Other (195)
2024,Lewis,195,9.05261753237221,2017-2024,Other (195)
2024,Livingston,195,120.69472875258094,2017-2024,Other (195)
2024,Madison,195,3.28364492485456,2017-2024,Other (195)
2024,Monroe,195,108.89308342995834,2017-2024,Other (195)
2024,Niagara,195,98.86675933109528,2017-2024,Other (195)
2024,Oneida,195,3.49359944157198,2017-2024,Other (195)
2024,Onondaga,195,39.08148555136425,2017-2024,Other (195)
2024,Ontario,195,26.57044217829752,2017-2024,Other (195)
2024,Orange,195,223.9261849867269,2017-2024,Other (195)
2024,Orleans,195,60.40048577614381,2017-2024,Other (195)
2024,Oswego,195,37.87117992872952,2017-2024,Other (195)
2024,Rensselaer,195,3.73434325799439,2017-2024,Other (195)
2024,Schenectady,195,5.02980843016054,2017-2024,Other (195)
2024,Schoharie,195,21.1362495454979,2017-2024,Other (195)
2024,Seneca,195,232.68412560701853,2017-2024,Other (195)
2024,St. Lawrence,195,73.02155571185607,2017-2024,Other (195)
2024,Steuben,195,16.13195606720174,2017-2024,Other (195)
2024,Suffolk,195,17.0192042434856,2017-2024,Other (195)
2024,Ulster,195,3.47082370715176,2017-2024,Other (195)
2024,Washington,195,25.49804991030045,2017-2024,Other (195)
2024,Wayne,195,400.9298158358575,2017-2024,Other (195)
2024,Wyoming,195,16.555059559104812,2017-2024,Other (195)
2024,Yates,195,26.624527724385757,2017-2024,Other (195)
2008,Albany,229,15.676060451634147,2008-2015,Other (229)
2008,Broome,229,2.753104079488781,2008-2015,Other (229)
2008,Cayuga,229,13.816689934142202,2008-2015,Other (229)
2008,Clinton,229,25.857913941690253,2008-2015,Other (229)
2008,Dutchess,229,9.70844572166008,2008-2015,Other (229)
2008,Fulton,229,15.61096179322126,2008-2015,Other (229)
2008,Genesee,229,25.020847029983273,2008-2015,Other (229)
2008,Greene,229,76.32700793776209,2008-2015,Other (229)
2008,Montgomery,229,21.58687997680027,2008-2015,Other (229)
2008,Onondaga,229,26.12160722609081,2008-2015,Other (229)
2008,Ontario,229,29.387962080639664,2008-2015,Other (229)
2008,Orange,229,73.29047677692188,2008-2015,Other (229)
2008,Orleans,229,193.06146019232438,2008-2015,Other (229)
2008,Rensselaer,229,60.6577616342317,2008-2015,Other (229)
2008,Saratoga,229,31.302009473820014,2008-2015,Other (229)
2008,Schoharie,229,2.8913563897894115,2008-2015,Other (229)
2008,Steuben,229,3.636876808673851,2008-2015,Other (229)
2008,Suffolk,229,7.79878958242994,2008-2015,Other (229)
2008,Sullivan,229,3.7280718273394466,2008-2015,Other (229)
2008,Tioga,229,3.186344024483748,2008-2015,Other (229)
2008,Ulster,229,63.89609668664732,2008-2015,Other (229)
2008,Warren,229,11.539406661072922,2008-2015,Other (229)
2008,Washington,229,6.477215068442002,2008-2015,Other (229)
2009,Cayuga,229,14.090527449222199,2008-2015,Other (229)
2009,Dutchess,229,5.43887134888416,2008-2015,Other (229)
2009,Genesee,229,4.3791094872964775,2008-2015,Other (229)
2009,Greene,229,85.9880056956026,2008-2015,Other (229)
2009,Herkimer,229,12.15259040594557,2008-2015,Other (229)
2009,Monroe,229,5.652966700693719,2008-2015,Other (229)
2009,Montgomery,229,50.68096927414602,2008-2015,Other (229)
2009,Nassau,229,5.341582756246333,2008-2015,Other (229)
2009,Onondaga,229,25.17989871169147,2008-2015,Other (229)
2009,Ontario,229,19.192943631615215,2008-2015,Other (229)
2009,Orange,229,8.67933697920127,2008-2015,Other (229)
2009,Orleans,229,190.27992816816246,2008-2015,Other (229)
2009,Schuyler,229,3.4525385843421024,2008-2015,Other (229)
2009,Suffolk,229,188.91518881607698,2008-2015,Other (229)
2009,Ulster,229,37.84366865246756,2008-2015,Other (229)
2010,Cayuga,229,18.934615005936244,2008-2015,Other (229)
2010,Clinton,229,11.592614946212155,2008-2015,Other (229)
2010,Dutchess,229,44.07897895355489,2008-2015,Other (229)
2010,Erie,229,6.543717056980388,2008-2015,Other (229)
2010,Franklin,229,3.374338374087317,2008-2015,Other (229)
2010,Fulton,229,3.3193983710866366,2008-2015,Other (229)
2010,Greene,229,8.502427205828807,2008-2015,Other (229)
2010,Montgomery,229,73.95650553741864,2008-2015,Other (229)
2010,Onondaga,229,22.447190156637703,2008-2015,Other (229)
2010,Orange,229,7.735037854764219,2008-2015,Other (229)
2010,Saratoga,229,6.171664044815849,2008-2015,Other (229)
2010,Suffolk,229,576.6537812718705,2008-2015,Other (229)
2010,Ulster,229,2.9666934275623493,2008-2015,Other (229)
2010,Washington,229,3.715281187194945,2008-2015,Other (229)
2010,Wyoming,229,7.915393178815417,2008-2015,Other (229)
2011,Cayuga,229,119.31141841069044,2008-2015,Other (229)
2011,Erie,229,5.1456985533782476,2008-2015,Other (229)
2011,Herkimer,229,2.8966776565460837,2008-2015,Other (229)
2011,Montgomery,229,44.69727919136272,2008-2015,Other (229)
2011,Oneida,229,8.330385280503782,2008-2015,Other (229)
2011,Onondaga,229,32.887901716134735,2008-2015,Other (229)
2011,Rensselaer,229,10.987655304089781,2008-2015,Other (229)
2011,Schuyler,229,3.397693199567108,2008-2015,Other (229)
2011,Seneca,229,11.562296691489099,2008-2015,Other (229)
2011,Suffolk,229,27.020725948756173,2008-2015,Other (229)
2011,Tompkins,229,2.5795282225534804,2008-2015,Other (229)
2011,Ulster,229,2.9666934275623493,2008-2015,Other (229)
2011,Yates,229,12.263407910038381,2008-2015,Other (229)
2012,Cattaraugus,229,4.663193229956315,2008-2015,Other (229)
2012,Cayuga,229,45.076225414749885,2008-2015,Other (229)
2012,Dutchess,229,5.530882030914384,2008-2015,Other (229)
2012,Erie,229,7.3351470892148605,2008-2015,Other (229)
2012,Greene,229,2.4988207043378092,2008-2015,Other (229)
2012,Montgomery,229,54.784765050402946,2008-2015,Other (229)
2012,Onondaga,229,40.03191662349104,2008-2015,Other (229)
2012,Suffolk,229,371.54995675459367,2008-2015,Other (229)
2012,Ulster,229,4.105535398171453,2008-2015,Other (229)
2012,Wayne,229,18.57181971013512,2008-2015,Other (229)
2012,Wyoming,229,10.088594988925914,2008-2015,Other (229)
2013,Albany,229,17.219159794293432,2008-2015,Other (229)
2013,Cayuga,229,62.190630808598485,2008-2015,Other (229)
2013,Dutchess,229,30.737381547021826,2008-2015,Other (229)
2013,Erie,229,22.87079365486991,2008-2015,Other (229)
2013,Fulton,229,4.0424341440889595,2008-2015,Other (229)
2013,Genesee,229,27.195035689117528,2008-2015,Other (229)
2013,Greene,229,12.278094671376785,2008-2015,Other (229)
2013,Monroe,229,18.078865408897904,2008-2015,Other (229)
2013,Montgomery,229,87.39549561874543,2008-2015,Other (229)
2013,Niagara,229,59.9052465232372,2008-2015,Other (229)
2013,Onondaga,229,4.268515117240892,2008-2015,Other (229)
2013,Ontario,229,42.83877706470211,2008-2015,Other (229)
2013,Orange,229,61.28022543906576,2008-2015,Other (229)
2013,Orleans,229,3.4714847461506126,2008-2015,Other (229)
2013,Rensselaer,229,17.44726138576256,2008-2015,Other (229)
2013,Saratoga,229,53.314153587597126,2008-2015,Other (229)
2013,Schoharie,229,5.907168670658814,2008-2015,Other (229)
2013,Tompkins,229,16.653901312214607,2008-2015,Other (229)
2013,Washington,229,17.400635985235983,2008-2015,Other (229)
2014,Cayuga,229,38.93017930388493,2008-2015,Other (229)
2014,Dutchess,229,11.56372890145051,2008-2015,Other (229)
2014,Erie,229,4.992559524498851,2008-2015,Other (229)
2014,Genesee,229,3.9686118515945674,2008-2015,Other (229)
2014,Monroe,229,18.222750979872217,2008-2015,Other (229)
2014,Montgomery,229,36.49159948493657,2008-2015,Other (229)
2014,Niagara,229,147.633567635309,2008-2015,Other (229)
2014,Onondaga,229,25.534734783488883,2008-2015,Other (229)
2014,Ontario,229,66.02467397596051,2008-2015,Other (229)
2014,Orange,229,28.651672873783173,2008-2015,Other (229)
2014,Orleans,229,44.44469059849331,2008-2015,Other (229)
2014,Schoharie,229,3.012905985121305,2008-2015,Other (229)
2014,Suffolk,229,74.08258257167421,2008-2015,Other (229)
2014,Ulster,229,2.6044673604807724,2008-2015,Other (229)
2014,Washington,229,4.134659029988533,2008-2015,Other (229)
2014,Wyoming,229,12.506236588826084,2008-2015,Other (229)
2014,Yates,229,2.983733409208863,2008-2015,Other (229)
2015,Cayuga,229,62.71084744739083,2008-2015,Other (229)
2015,Chemung,229,2.860046842044553,2008-2015,Other (229)
2015,Clinton,229,3.2196070454342625,2008-2015,Other (229)
2015,Essex,229,28.160535483816112,2008-2015,Other (229)
2015,Genesee,229,12.239752886647775,2008-2015,Other (229)
2015,Niagara,229,44.051848134843524,2008-2015,Other (229)
2015,Onondaga,229,9.185634228653896,2008-2015,Other (229)
2015,Orange,229,69.45359022723048,2008-2015,Other (229)
2015,Orleans,229,43.58673108131848,2008-2015,Other (229)
2015,Sullivan,229,6.181938884561136,2008-2015,Other (229)
2015,Tompkins,229,3.521873238927789,2008-2015,Other (229)
2015,Ulster,229,6.92300757685188,2008-2015,Other (229)
2016,Cayuga,229,98.41669747066315,2016-Bridge,Other (229)
2016,Columbia,229,11.536963965203974,2016-Bridge,Other (229)
2016,Dutchess,229,19.438553166492678,2016-Bridge,Other (229)
2016,Genesee,229,118.24796323918453,2016-Bridge,Other (229)
2016,Greene,229,51.04441497523161,2016-Bridge,Other (229)
2016,Livingston,229,24.110637791270857,2016-Bridge,Other (229)
2016,Monroe,229,96.19452784282862,2016-Bridge,Other (229)
2016,Montgomery,229,18.363041528515353,2016-Bridge,Other (229)
2016,Niagara,229,53.69683540278808,2016-Bridge,Other (229)
2016,Onondaga,229,44.9443914402387,2016-Bridge,Other (229)
2016,Ontario,229,15.147036393353495,2016-Bridge,Other (229)
2016,Orange,229,22.91742064315545,2016-Bridge,Other (229)
2016,Orleans,229,174.48430136430355,2016-Bridge,Other (229)
2016,Rensselaer,229,7.812770652258506,2016-Bridge,Other (229)
2016,Schenectady,229,3.3510428276053634,2016-Bridge,Other (229)
2016,Suffolk,229,90.73294302938947,2016-Bridge,Other (229)
2016,Tompkins,229,6.39705155159756,2016-Bridge,Other (229)
2017,Cayuga,229,5.15803745078919,2017-2024,Other (229)
2017,Dutchess,229,14.740836089064011,2017-2024,Other (229)
2017,Genesee,229,80.0213926881813,2017-2024,Other (229)
2017,Montgomery,229,74.2090564922115,2017-2024,Other (229)
2017,Onondaga,229,39.45141725826989,2017-2024,Other (229)
2017,Orleans,229,12.34020255087326,2017-2024,Other (229)
2017,Washington,229,4.98807079689721,2017-2024,Other (229)
2018,Cayuga,229,47.25368827433622,2017-2024,Other (229)
2018,Dutchess,229,19.98858979423666,2017-2024,Other (229)
2018,Fulton,229,20.22974439907497,2017-2024,Other (229)
2018,Greene,229,26.00346841810437,2017-2024,Other (229)
2018,Herkimer,229,3.61779475919244,2017-2024,Other (229)
2018,Monroe,229,72.61328692826432,2017-2024,Other (229)
2018,Montgomery,229,86.28949783548669,2017-2024,Other (229)
2018,Niagara,229,27.3543824548252,2017-2024,Other (229)
2018,Onondaga,229,90.09015138681254,2017-2024,Other (229)
2018,Orange,229,4.16002572184517,2017-2024,Other (229)
2018,Orleans,229,43.42748171422984,2017-2024,Other (229)
2018,Otsego,229,3.56526235926712,2017-2024,Other (229)
2018,Rensselaer,229,3.14677468820932,2017-2024,Other (229)
2018,Suffolk,229,232.4034260519126,2017-2024,Other (229)
2018,Tompkins,229,7.47559760486373,2017-2024,Other (229)
2018,Washington,229,3.0206114949519,2017-2024,Other (229)
2019,Cayuga,229,149.9079834242617,2017-2024,Other (229)
2019,Dutchess,229,5.58610194814756,2017-2024,Other (229)
2019,Fulton,229,28.4381313260274,2017-2024,Other (229)
2019,Genesee,229,27.1658877318645,2017-2024,Other (229)
2019,Greene,229,22.806666855315882,2017-2024,Other (229)
2019,Monroe,229,86.4091445932871,2017-2024,Other (229)
2019,Montgomery,229,24.20396947498684,2017-2024,Other (229)
2019,Orange,229,149.68699858455258,2017-2024,Other (229)
2019,Orleans,229,115.23236018023513,2017-2024,Other (229)
2019,Rensselaer,229,45.85797666325294,2017-2024,Other (229)
2019,Schenectady,229,9.8521551612135,2017-2024,Other (229)
2019,Schoharie,229,3.46920892742974,2017-2024,Other (229)
2019,Ulster,229,26.25593352706551,2017-2024,Other (229)
2020,Cayuga,229,115.48256323969763,2017-2024,Other (229)
2020,Chautauqua,229,6.45596384926249,2017-2024,Other (229)
2020,Columbia,229,4.20561353898561,2017-2024,Other (229)
2020,Delaware,229,2.78183557243629,2017-2024,Other (229)
2020,Dutchess,229,34.33149140427558,2017-2024,Other (229)
2020,Erie,229,3.18989800674433,2017-2024,Other (229)
2020,Fulton,229,62.43833189425203,2017-2024,Other (229)
2020,Genesee,229,178.40879232504514,2017-2024,Other (229)
2020,Monroe,229,93.02541559807761,2017-2024,Other (229)
2020,Montgomery,229,37.52526532146047,2017-2024,Other (229)
2020,Onondaga,229,36.4218887249745,2017-2024,Other (229)
2020,Ontario,229,28.35521871323837,2017-2024,Other (229)
2020,Orange,229,36.9651575155884,2017-2024,Other (229)
2020,Orleans,229,79.54270857829505,2017-2024,Other (229)
2020,Rensselaer,229,16.1690623143488,2017-2024,Other (229)
2020,Ulster,229,5.88894127441079,2017-2024,Other (229)
2020,Washington,229,42.52181375505925,2017-2024,Other (229)
2020,Wyoming,229,9.06473767715996,2017-2024,Other (229)
2021,Cayuga,229,353.11865260829586,2017-2024,Other (229)
2021,Clinton,229,5.47356188825158,2017-2024,Other (229)
2021,Fulton,229,114.77743434973672,2017-2024,Other (229)
2021,Genesee,229,177.59047430411727,2017-2024,Other (229)
2021,Monroe,229,60.2420805682102,2017-2024,Other (229)
2021,Oneida,229,4.41824015063022,2017-2024,Other (229)
2021,Onondaga,229,37.815662684723236,2017-2024,Other (229)
2021,Ontario,229,25.1192486437706,2017-2024,Other (229)
2021,Orange,229,15.27005646587083,2017-2024,Other (229)
2021,Orleans,229,110.71215173225382,2017-2024,Other (229)
2021,Rensselaer,229,132.94823556272257,2017-2024,Other (229)
2021,Schoharie,229,25.1233281287914,2017-2024,Other (229)
2021,Suffolk,229,235.5116651997368,2017-2024,Other (229)
2021,Sullivan,229,3.36358247702235,2017-2024,Other (229)
2021,Tompkins,229,3.03540191014611,2017-2024,Other (229)
2021,Wayne,229,4.7002259516156,2017-2024,Other (229)
2021,Yates,229,5.72651528925268,2017-2024,Other (229)
2022,Cayuga,229,234.5180006398314,2017-2024,Other (229)
2022,Columbia,229,3.78405300838593,2017-2024,Other (229)
2022,Fulton,229,62.3374305903717,2017-2024,Other (229)
2022,Monroe,229,34.60277421464192,2017-2024,Other (229)
2022,Montgomery,229,41.53660138911671,2017-2024,Other (229)
2022,Onondaga,229,18.360024394486,2017-2024,Other (229)
2022,Orange,229,20.036181272668202,2017-2024,Other (229)
2022,Orleans,229,176.23707051667597,2017-2024,Other (229)
2022,Rensselaer,229,13.102683056497,2017-2024,Other (229)
2022,Schoharie,229,16.1076440273286,2017-2024,Other (229)
2022,Suffolk,229,312.6657230083753,2017-2024,Other (229)
2022,Washington,229,6.98218931241389,2017-2024,Other (229)
2023,Cayuga,229,100.1457807306052,2017-2024,Other (229)
2023,Fulton,229,133.29468570546194,2017-2024,Other (229)
2023,Montgomery,229,54.41154745381507,2017-2024,Other (229)
2023,Onondaga,229,78.99716691280372,2017-2024,Other (229)
2023,Ontario,229,33.7764448545979,2017-2024,Other (229)
2023,Orange,229,55.42100811309465,2017-2024,Other (229)
2023,Orleans,229,85.2958634049586,2017-2024,Other (229)
2023,Tioga,229,3.37033169220969,2017-2024,Other (229)
2023,Ulster,229,11.1384553773026,2017-2024,Other (229)
2023,Wyoming,229,14.5389921971159,2017-2024,Other (229)
2024,Albany,229,20.30722502499381,2017-2024,Other (229)
2024,Broome,229,3.54883470441142,2017-2024,Other (229)
2024,Cayuga,229,355.7316526942681,2017-2024,Other (229)
2024,Chenango,229,22.6745581181242,2017-2024,Other (229)
2024,Clinton,229,3.79938954579146,2017-2024,Other (229)
2024,Columbia,229,72.24614574765137,2017-2024,Other (229)
2024,Delaware,229,3.74215877275486,2017-2024,Other (229)
2024,Dutchess,229,54.367875031264475,2017-2024,Other (229)
2024,Erie,229,20.22990079577756,2017-2024,Other (229)
2024,Essex,229,17.8267952788516,2017-2024,Other (229)
2024,Fulton,229,76.44011596756206,2017-2024,Other (229)
2024,Genesee,229,64.94336897646387,2017-2024,Other (229)
2024,Greene,229,21.7672537329875,2017-2024,Other (229)
2024,Herkimer,229,6.22833184158222,2017-2024,Other (229)
2024,Livingston,229,65.73173761478206,2017-2024,Other (229)
2024,Monroe,229,55.57096627529774,2017-2024,Other (229)
2024,Montgomery,229,297.1066540010199,2017-2024,Other (229)
2024,Niagara,229,22.69193339327946,2017-2024,Other (229)
2024,Oneida,229,4.09201055336518,2017-2024,Other (229)
2024,Onondaga,229,52.84210010852726,2017-2024,Other (229)
2024,Ontario,229,108.48523188033165,2017-2024,Other (229)
2024,Orange,229,74.57867939209858,2017-2024,Other (229)
2024,Orleans,229,168.19882292313164,2017-2024,Other (229)
2024,Oswego,229,2.87876207826576,2017-2024,Other (229)
2024,Putnam,229,5.54150270943991,2017-2024,Other (229)
2024,Rensselaer,229,40.28269011927304,2017-2024,Other (229)
2024,Saratoga,229,28.14304981628205,2017-2024,Other (229)
2024,Schoharie,229,74.43191028014263,2017-2024,Other (229)
2024,Seneca,229,8.330466087068949,2017-2024,Other (229)
2024,Suffolk,229,32.09307008547219,2017-2024,Other (229)
2024,Ulster,229,129.24345603177653,2017-2024,Other (229)
2024,Washington,229,13.48492866345463,2017-2024,Other (229)
2024,Wyoming,229,19.835489450358622,2017-2024,Other (229)
2024,Yates,229,15.292805686711752,2017-2024,Other (229)
2008,Albany,242,7.430693525138443,2008-2015,Other (242)
2008,Cattaraugus,242,34.07243131435029,2008-2015,Other (242)
2008,Columbia,242,3.3758034191691664,2008-2015,Other (242)
2008,Saratoga,242,19.048493045553975,2008-2015,Other (242)
2008,Washington,242,2.825503578397383,2008-2015,Other (242)
2009,Saratoga,242,3.956162875508515,2008-2015,Other (242)
2010,Cattaraugus,242,34.07243131435029,2008-2015,Other (242)
2010,Onondaga,242,11.672642964987645,2008-2015,Other (242)
2010,Seneca,242,4.379533488298428,2008-2015,Other (242)
2011,Cattaraugus,242,46.08026153145479,2008-2015,Other (242)
2011,Wayne,242,5.478286975518137,2008-2015,Other (242)
2012,Cattaraugus,242,34.07243131435029,2008-2015,Other (242)
2012,Onondaga,242,3.935922031926194,2008-2015,Other (242)
2012,Washington,242,4.4345002831017135,2008-2015,Other (242)
2013,Cattaraugus,242,36.676862830900085,2008-2015,Other (242)
2013,Onondaga,242,8.11498572057351,2008-2015,Other (242)
2013,Saratoga,242,3.956162875508515,2008-2015,Other (242)
2014,Cattaraugus,242,34.07243131435029,2008-2015,Other (242)
2014,Dutchess,242,4.319482546010615,2008-2015,Other (242)
2015,Cattaraugus,242,34.07243131435029,2008-2015,Other (242)
2015,Dutchess,242,7.052507769192916,2008-2015,Other (242)
2015,Onondaga,242,13.924190355517982,2008-2015,Other (242)
2015,Saratoga,242,3.9110264511173987,2008-2015,Other (242)
2016,Dutchess,242,3.347318917115048,2016-Bridge,Other (242)
2016,Saratoga,242,3.3592092587484603,2016-Bridge,Other (242)
2016,Steuben,242,6.0981249350300795,2016-Bridge,Other (242)
2016,Washington,242,2.9562494085536257,2016-Bridge,Other (242)
2017,Cattaraugus,242,30.1134255435586,2017-2024,Other (242)
2017,Steuben,242,63.82922517441645,2017-2024,Other (242)
2018,Cattaraugus,242,30.1134255435586,2017-2024,Other (242)
2018,Steuben,242,63.82922517441645,2017-2024,Other (242)
2019,Cattaraugus,242,30.1134255435586,2017-2024,Other (242)
2019,Erie,242,8.57808537539707,2017-2024,Other (242)
2019,Monroe,242,4.20309274214658,2017-2024,Other (242)
2019,Ontario,242,6.93327244011369,2017-2024,Other (242)
2019,Saratoga,242,5.76758786207734,2017-2024,Other (242)
2020,Cattaraugus,242,30.1134255435586,2017-2024,Other (242)
2020,Saratoga,242,5.76758786207734,2017-2024,Other (242)
2020,Steuben,242,63.82922517441645,2017-2024,Other (242)
2021,Cattaraugus,242,30.1134255435586,2017-2024,Other (242)
2021,Saratoga,242,5.76758786207734,2017-2024,Other (242)
2021,Steuben,242,63.82922517441645,2017-2024,Other (242)
2022,Cattaraugus,242,30.1134255435586,2017-2024,Other (242)
2022,Dutchess,242,7.7401517916303995,2017-2024,Other (242)
2022,Saratoga,242,5.76758786207734,2017-2024,Other (242)
2022,Steuben,242,63.82922517441645,2017-2024,Other (242)
2023,Cattaraugus,242,30.1134255435586,2017-2024,Other (242)
2023,Saratoga,242,5.76758786207734,2017-2024,Other (242)
2023,Steuben,242,63.82922517441645,2017-2024,Other (242)
2024,Cattaraugus,242,4.90950836726982,2017-2024,Other (242)
2024,Chautauqua,242,35.53228359259958,2017-2024,Other (242)
2024,Cortland,242,6.85114924427801,2017-2024,Other (242)
2024,Dutchess,242,5.997754859674529,2017-2024,Other (242)
2024,Franklin,242,2.49900531299764,2017-2024,Other (242)
2024,Oswego,242,11.9475609067365,2017-2024,Other (242)
2024,Steuben,242,36.0618310754044,2017-2024,Other (242)
2024,Suffolk,242,3.03929504693099,2017-2024,Other (242)
2024,Yates,242,12.4080468387029,2017-2024,Other (242)
2008,Allegany,30,41.301720590194684,2008-2015,Other (30)
2008,Chautauqua,30,43.5241726254253,2008-2015,Other (30)
2008,Erie,30,593.2202453761412,2008-2015,Other (30)
2008,Genesee,30,25.849980814790243,2008-2015,Other (30)
2008,Livingston,30,8.152096669438592,2008-2015,Other (30)
2008,Madison,30,11.731609086135563,2008-2015,Other (30)
2008,Ontario,30,7.463447043202828,2008-2015,Other (30)
2008,Orleans,30,315.3277315075771,2008-2015,Other (30)
2008,Schuyler,30,7.606425163181001,2008-2015,Other (30)
2008,Tioga,30,5.612291000960026,2008-2015,Other (30)
2008,Tompkins,30,65.45297496974716,2008-2015,Other (30)
2008,Yates,30,39.18102401212293,2008-2015,Other (30)
2009,Allegany,30,4.008189692780573,2008-2015,Other (30)
2009,Chautauqua,30,54.345139339363634,2008-2015,Other (30)
2009,Erie,30,248.2353548585888,2008-2015,Other (30)
2009,Genesee,30,19.75751885302941,2008-2015,Other (30)
2009,Monroe,30,84.51482697131304,2008-2015,Other (30)
2009,Ontario,30,21.65151678863318,2008-2015,Other (30)
2009,Orleans,30,119.34800188188873,2008-2015,Other (30)
2009,Seneca,30,23.315818421016626,2008-2015,Other (30)
2009,Tompkins,30,23.99852953153154,2008-2015,Other (30)
2009,Yates,30,60.04151032994937,2008-2015,Other (30)
2010,Chautauqua,30,5.243116737878718,2008-2015,Other (30)
2010,Erie,30,453.78232224148354,2008-2015,Other (30)
2010,Genesee,30,81.68614007800048,2008-2015,Other (30)
2010,Ontario,30,112.66995328715666,2008-2015,Other (30)
2010,Orleans,30,255.4633868889693,2008-2015,Other (30)
2010,Tompkins,30,4.94707697364688,2008-2015,Other (30)
2010,Yates,30,129.1055940680011,2008-2015,Other (30)
2011,Allegany,30,12.37601188558891,2008-2015,Other (30)
2011,Erie,30,25.55770163291564,2008-2015,Other (30)
2011,Genesee,30,9.413759736848364,2008-2015,Other (30)
2011,Herkimer,30,6.8328314717211205,2008-2015,Other (30)
2011,Livingston,30,4.503082244113806,2008-2015,Other (30)
2011,Monroe,30,204.7094374208208,2008-2015,Other (30)
2011,Orleans,30,164.83432368078468,2008-2015,Other (30)
2011,Seneca,30,35.84777509728208,2008-2015,Other (30)
2011,Yates,30,73.73403693231914,2008-2015,Other (30)
2012,Erie,30,216.742670205137,2008-2015,Other (30)
2012,Niagara,30,2.7563373283942636,2008-2015,Other (30)
2012,Ontario,30,31.278109250247418,2008-2015,Other (30)
2012,Tompkins,30,27.655796878556345,2008-2015,Other (30)
2012,Yates,30,137.21642731997952,2008-2015,Other (30)
2013,Cattaraugus,30,5.390241600916635,2008-2015,Other (30)
2013,Monroe,30,67.70723670310127,2008-2015,Other (30)
2013,Ontario,30,139.59208960344787,2008-2015,Other (30)
2013,Orleans,30,97.41983372109969,2008-2015,Other (30)
2013,Wyoming,30,3.43208343821372,2008-2015,Other (30)
2013,Yates,30,356.215555491045,2008-2015,Other (30)
2014,Monroe,30,17.609807355988135,2008-2015,Other (30)
2014,Ontario,30,65.42225523797111,2008-2015,Other (30)
2014,Orleans,30,241.7166987085363,2008-2015,Other (30)
2014,Seneca,30,25.343012137795075,2008-2015,Other (30)
2014,Tompkins,30,5.492762604246637,2008-2015,Other (30)
2014,Wyoming,30,16.460667986881873,2008-2015,Other (30)
2014,Yates,30,315.6671327742604,2008-2015,Other (30)
2015,Monroe,30,42.553078374786374,2008-2015,Other (30)
2015,Montgomery,30,6.986353376460448,2008-2015,Other (30)
2015,Ontario,30,36.35274106864156,2008-2015,Other (30)
2015,Orleans,30,287.8877490706155,2008-2015,Other (30)
2015,Seneca,30,99.7513079613445,2008-2015,Other (30)
2015,Yates,30,236.73821299629233,2008-2015,Other (30)
2016,Erie,30,38.7484207579645,2016-Bridge,Other (30)
2016,Herkimer,30,6.809744181011149,2016-Bridge,Other (30)
2016,Livingston,30,3.5111042719917647,2016-Bridge,Other (30)
2016,Monroe,30,37.645432363829684,2016-Bridge,Other (30)
2016,Montgomery,30,23.030502372786138,2016-Bridge,Other (30)
2016,Ontario,30,48.70134549251141,2016-Bridge,Other (30)
2016,Orleans,30,86.15837385938993,2016-Bridge,Other (30)
2016,Schuyler,30,2.360718644854991,2016-Bridge,Other (30)
2016,Seneca,30,86.24388235525089,2016-Bridge,Other (30)
2016,Steuben,30,3.795301452896936,2016-Bridge,Other (30)
2016,Tompkins,30,7.999094985617702,2016-Bridge,Other (30)
2016,Wyoming,30,2.438861920792432,2016-Bridge,Other (30)
2016,Yates,30,113.88561453171543,2016-Bridge,Other (30)
2017,Cortland,30,3.05947182743251,2017-2024,Other (30)
2017,Jefferson,30,9.29861139992523,2017-2024,Other (30)
2017,Livingston,30,85.2289726604007,2017-2024,Other (30)
2017,Ontario,30,57.180822713965256,2017-2024,Other (30)
2017,Schuyler,30,4.1081214717306,2017-2024,Other (30)
2017,Seneca,30,40.152316629667,2017-2024,Other (30)
2017,Yates,30,153.31398662772057,2017-2024,Other (30)
2018,Livingston,30,71.96618129501984,2017-2024,Other (30)
2018,Ontario,30,86.3631188128029,2017-2024,Other (30)
2018,Orleans,30,263.50169806107516,2017-2024,Other (30)
2018,Seneca,30,66.4549547608784,2017-2024,Other (30)
2018,Tompkins,30,10.4441881875367,2017-2024,Other (30)
2018,Yates,30,174.17488119945077,2017-2024,Other (30)
2019,Cattaraugus,30,3.46255960102627,2017-2024,Other (30)
2019,Cayuga,30,4.69880100791043,2017-2024,Other (30)
2019,Orleans,30,187.86871883065683,2017-2024,Other (30)
2019,Yates,30,24.2766445787965,2017-2024,Other (30)
2020,Erie,30,10.55697826523954,2017-2024,Other (30)
2020,Jefferson,30,15.205060608573199,2017-2024,Other (30)
2020,Livingston,30,5.62258388957374,2017-2024,Other (30)
2020,Onondaga,30,5.90784749145448,2017-2024,Other (30)
2020,Ontario,30,6.29749810962498,2017-2024,Other (30)
2020,Orleans,30,337.8626325372466,2017-2024,Other (30)
2020,Oswego,30,3.10468390848952,2017-2024,Other (30)
2020,Seneca,30,8.403017064388541,2017-2024,Other (30)
2021,Cayuga,30,2.82899755501823,2017-2024,Other (30)
2021,Livingston,30,7.970571671316939,2017-2024,Other (30)
2021,Monroe,30,3.81773944189455,2017-2024,Other (30)
2021,Ontario,30,80.577813084521,2017-2024,Other (30)
2021,Orleans,30,433.1006312722567,2017-2024,Other (30)
2021,Otsego,30,18.75809051542838,2017-2024,Other (30)
2021,Steuben,30,30.58346801002883,2017-2024,Other (30)
2021,Yates,30,91.94094102730118,2017-2024,Other (30)
2022,Cattaraugus,30,19.5883449961636,2017-2024,Other (30)
2022,Ontario,30,38.59919191127665,2017-2024,Other (30)
2022,Yates,30,34.9131076836485,2017-2024,Other (30)
2023,Cattaraugus,30,9.9123839281887,2017-2024,Other (30)
2023,Madison,30,11.764032824150569,2017-2024,Other (30)
2023,Oneida,30,20.3077700777231,2017-2024,Other (30)
2023,Ontario,30,2.66516379048413,2017-2024,Other (30)
2024,Cattaraugus,30,40.33401007809209,2017-2024,Other (30)
2024,Chautauqua,30,14.6750618303236,2017-2024,Other (30)
2024,Montgomery,30,2.72663134239458,2017-2024,Other (30)
2024,Oneida,30,65.30505950983667,2017-2024,Other (30)
2024,Ontario,30,29.53202466035578,2017-2024,Other (30)
2024,Otsego,30,14.40968989012954,2017-2024,Other (30)
2024,Seneca,30,21.83704307687165,2017-2024,Other (30)
2024,Tompkins,30,8.40859528194115,2017-2024,Other (30)
2024,Yates,30,175.87373965645875,2017-2024,Other (30)
2008,Allegany,43,109.51631767178148,2008-2015,Other (43)
2008,Cattaraugus,43,3.674050828805767,2008-2015,Other (43)
2008,Cayuga,43,187.44477884504295,2008-2015,Other (43)
2008,Chautauqua,43,6.4829704851937775,2008-2015,Other (43)
2008,Clinton,43,6.573461735212529,2008-2015,Other (43)
2008,Erie,43,273.51873407185406,2008-2015,Other (43)
2008,Essex,43,7.46554390305479,2008-2015,Other (43)
2008,Franklin,43,33.40452803401106,2008-2015,Other (43)
2008,Fulton,43,7.2113031937476695,2008-2015,Other (43)
2008,Genesee,43,188.74435043045537,2008-2015,Other (43)
2008,Livingston,43,1071.1957585126922,2008-2015,Other (43)
2008,Monroe,43,33.04724412356059,2008-2015,Other (43)
2008,Montgomery,43,2.6334528398367447,2008-2015,Other (43)
2008,Onondaga,43,14.803847040146838,2008-2015,Other (43)
2008,Ontario,43,20.021973695915946,2008-2015,Other (43)
2008,Orange,43,4.310170124467936,2008-2015,Other (43)
2008,Orleans,43,358.67986655438875,2008-2015,Other (43)
2008,Oswego,43,44.26683477027467,2008-2015,Other (43)
2008,Saratoga,43,38.2124380034067,2008-2015,Other (43)
2008,Schoharie,43,33.83308970543662,2008-2015,Other (43)
2008,Schuyler,43,8.275167528496041,2008-2015,Other (43)
2008,Seneca,43,368.1403953953729,2008-2015,Other (43)
2008,St. Lawrence,43,3.356484353062567,2008-2015,Other (43)
2008,Steuben,43,2371.4722932773966,2008-2015,Other (43)
2008,Suffolk,43,2258.2897131692152,2008-2015,Other (43)
2008,Tompkins,43,17.581872364903667,2008-2015,Other (43)
2008,Ulster,43,34.488711654543714,2008-2015,Other (43)
2008,Warren,43,2.6116198210918937,2008-2015,Other (43)
2008,Wayne,43,1514.3715763667994,2008-2015,Other (43)
2008,Wyoming,43,3031.5451737775056,2008-2015,Other (43)
2008,Yates,43,196.44662353702464,2008-2015,Other (43)
2009,Albany,43,23.79867900282354,2008-2015,Other (43)
2009,Allegany,43,618.6117094519735,2008-2015,Other (43)
2009,Cattaraugus,43,8.987788583529067,2008-2015,Other (43)
2009,Cayuga,43,199.17959236067992,2008-2015,Other (43)
2009,Chautauqua,43,8.152341935377388,2008-2015,Other (43)
2009,Chemung,43,4.21962383994527,2008-2015,Other (43)
2009,Clinton,43,10.702175763358529,2008-2015,Other (43)
2009,Erie,43,803.1509442708805,2008-2015,Other (43)
2009,Essex,43,2.6957337328132938,2008-2015,Other (43)
2009,Franklin,43,38.43527743059445,2008-2015,Other (43)
2009,Genesee,43,649.1344768304723,2008-2015,Other (43)
2009,Greene,43,6.736925319543666,2008-2015,Other (43)
2009,Livingston,43,973.5539621625716,2008-2015,Other (43)
2009,Madison,43,20.203510220527228,2008-2015,Other (43)
2009,Monroe,43,64.40458785004513,2008-2015,Other (43)
2009,Montgomery,43,4.395510496880816,2008-2015,Other (43)
2009,Onondaga,43,27.530417823336325,2008-2015,Other (43)
2009,Ontario,43,35.395905507159604,2008-2015,Other (43)
2009,Orange,43,8.72294678219702,2008-2015,Other (43)
2009,Orleans,43,434.87270687764544,2008-2015,Other (43)
2009,Oswego,43,102.16965001622643,2008-2015,Other (43)
2009,Otsego,43,3.5302196593939965,2008-2015,Other (43)
2009,Saratoga,43,16.165598543591855,2008-2015,Other (43)
2009,Schoharie,43,31.668705093301565,2008-2015,Other (43)
2009,Schuyler,43,7.6272229396231666,2008-2015,Other (43)
2009,Steuben,43,1690.220415751732,2008-2015,Other (43)
2009,Suffolk,43,5228.329056796873,2008-2015,Other (43)
2009,Sullivan,43,3.1919336579723936,2008-2015,Other (43)
2009,Tompkins,43,30.913208905212592,2008-2015,Other (43)
2009,Ulster,43,36.84654396271388,2008-2015,Other (43)
2009,Washington,43,48.72195237777955,2008-2015,Other (43)
2009,Wayne,43,1163.0539195170072,2008-2015,Other (43)
2009,Wyoming,43,2885.636798168485,2008-2015,Other (43)
2009,Yates,43,274.02488602446107,2008-2015,Other (43)
2010,Allegany,43,160.60509548821997,2008-2015,Other (43)
2010,Cattaraugus,43,274.6140246773079,2008-2015,Other (43)
2010,Cayuga,43,177.6928769552244,2008-2015,Other (43)
2010,Chemung,43,5.857719279501851,2008-2015,Other (43)
2010,Erie,43,445.2642820202733,2008-2015,Other (43)
2010,Genesee,43,165.7790277222065,2008-2015,Other (43)
2010,Livingston,43,804.2205089955795,2008-2015,Other (43)
2010,Madison,43,8.960883020931245,2008-2015,Other (43)
2010,Monroe,43,8.080338012462605,2008-2015,Other (43)
2010,Niagara,43,3.4003389583967443,2008-2015,Other (43)
2010,Oneida,43,34.423648821424,2008-2015,Other (43)
2010,Onondaga,43,77.89880008838747,2008-2015,Other (43)
2010,Ontario,43,15.83915522517145,2008-2015,Other (43)
2010,Orange,43,8.865352014302466,2008-2015,Other (43)
2010,Orleans,43,326.3438787177388,2008-2015,Other (43)
2010,Oswego,43,169.70851896096394,2008-2015,Other (43)
2010,Seneca,43,418.8846898001613,2008-2015,Other (43)
2010,Steuben,43,1530.6445557622421,2008-2015,Other (43)
2010,Suffolk,43,3775.5413902321225,2008-2015,Other (43)
2010,Tompkins,43,50.81035713086001,2008-2015,Other (43)
2010,Washington,43,11.850089994677992,2008-2015,Other (43)
2010,Wayne,43,1043.853503650121,2008-2015,Other (43)
2010,Wyoming,43,2903.128924788531,2008-2015,Other (43)
2010,Yates,43,162.6523730302265,2008-2015,Other (43)
2011,Allegany,43,470.03634746371745,2008-2015,Other (43)
2011,Cattaraugus,43,277.444663675323,2008-2015,Other (43)
2011,Cayuga,43,131.45000553902608,2008-2015,Other (43)
2011,Chautauqua,43,10.82362630221507,2008-2015,Other (43)
2011,Erie,43,981.4479117825496,2008-2015,Other (43)
2011,Genesee,43,81.46030969785843,2008-2015,Other (43)
2011,Jefferson,43,3.2447690315294895,2008-2015,Other (43)
2011,Livingston,43,842.3673729303467,2008-2015,Other (43)
2011,Madison,43,4.668849580331517,2008-2015,Other (43)
2011,Monroe,43,42.603316047563915,2008-2015,Other (43)
2011,Oneida,43,13.527655105752451,2008-2015,Other (43)
2011,Onondaga,43,32.6488223736924,2008-2015,Other (43)
2011,Ontario,43,68.09927386138405,2008-2015,Other (43)
2011,Orleans,43,243.95507412553619,2008-2015,Other (43)
2011,Oswego,43,69.59002138979004,2008-2015,Other (43)
2011,Seneca,43,14.812738246313318,2008-2015,Other (43)
2011,Steuben,43,1509.53389491409,2008-2015,Other (43)
2011,Suffolk,43,3581.1754358078915,2008-2015,Other (43)
2011,Tioga,43,2.9137372766445884,2008-2015,Other (43)
2011,Tompkins,43,30.524512631639883,2008-2015,Other (43)
2011,Ulster,43,2.979689634161868,2008-2015,Other (43)
2011,Washington,43,25.905939275142458,2008-2015,Other (43)
2011,Wayne,43,623.3879385327971,2008-2015,Other (43)
2011,Wyoming,43,3182.8304838722274,2008-2015,Other (43)
2011,Yates,43,415.2630093358373,2008-2015,Other (43)
2012,Allegany,43,372.30288852311844,2008-2015,Other (43)
2012,Cayuga,43,230.2268578834171,2008-2015,Other (43)
2012,Erie,43,893.3093664100536,2008-2015,Other (43)
2012,Franklin,43,10.724634736531469,2008-2015,Other (43)
2012,Genesee,43,150.04983751151875,2008-2015,Other (43)
2012,Livingston,43,843.8653739906565,2008-2015,Other (43)
2012,Onondaga,43,5.171478723092062,2008-2015,Other (43)
2012,Ontario,43,149.14510419991709,2008-2015,Other (43)
2012,Orange,43,3.148066727978752,2008-2015,Other (43)
2012,Orleans,43,230.6704181855132,2008-2015,Other (43)
2012,Oswego,43,64.27611401183083,2008-2015,Other (43)
2012,Schuyler,43,3.0968903117940614,2008-2015,Other (43)
2012,Seneca,43,97.30489596878216,2008-2015,Other (43)
2012,Steuben,43,1310.0119079869546,2008-2015,Other (43)
2012,Suffolk,43,2902.7317741492616,2008-2015,Other (43)
2012,Tompkins,43,2.908585024427321,2008-2015,Other (43)
2012,Washington,43,16.823123806740863,2008-2015,Other (43)
2012,Wayne,43,831.7853223330181,2008-2015,Other (43)
2012,Wyoming,43,2129.147067878841,2008-2015,Other (43)
2012,Yates,43,184.43836580517188,2008-2015,Other (43)
2013,Allegany,43,360.76378651749496,2008-2015,Other (43)
2013,Cattaraugus,43,399.6698371569488,2008-2015,Other (43)
2013,Cayuga,43,161.96710620593126,2008-2015,Other (43)
2013,Chautauqua,43,26.22459795053561,2008-2015,Other (43)
2013,Cortland,43,3.2909473245767384,2008-2015,Other (43)
2013,Erie,43,1512.1086890018125,2008-2015,Other (43)
2013,Franklin,43,11.067602690619125,2008-2015,Other (43)
2013,Genesee,43,605.8658580539696,2008-2015,Other (43)
2013,Hamilton,43,3.0142513121394368,2008-2015,Other (43)
2013,Livingston,43,1023.057388768609,2008-2015,Other (43)
2013,Onondaga,43,30.20434478996882,2008-2015,Other (43)
2013,Ontario,43,13.574246274545253,2008-2015,Other (43)
2013,Orleans,43,355.95042162187707,2008-2015,Other (43)
2013,Oswego,43,145.91669199362877,2008-2015,Other (43)
2013,Schoharie,43,12.985562587115226,2008-2015,Other (43)
2013,Seneca,43,217.2271589632912,2008-2015,Other (43)
2013,Steuben,43,2384.6806178036995,2008-2015,Other (43)
2013,Suffolk,43,3068.7359283797723,2008-2015,Other (43)
2013,Tompkins,43,5.278190464685129,2008-2015,Other (43)
2013,Washington,43,4.919463611042966,2008-2015,Other (43)
2013,Wayne,43,706.2121989494647,2008-2015,Other (43)
2013,Wyoming,43,3136.7481101246713,2008-2015,Other (43)
2013,Yates,43,118.50997774131645,2008-2015,Other (43)
2014,Allegany,43,300.1895682290814,2008-2015,Other (43)
2014,Cattaraugus,43,355.2474542709273,2008-2015,Other (43)
2014,Chautauqua,43,3.1189611521495073,2008-2015,Other (43)
2014,Erie,43,1656.9005368034054,2008-2015,Other (43)
2014,Genesee,43,608.7811007633748,2008-2015,Other (43)
2014,Livingston,43,1127.5672710613912,2008-2015,Other (43)
2014,Monroe,43,111.27901458886684,2008-2015,Other (43)
2014,Niagara,43,18.978531263597013,2008-2015,Other (43)
2014,Oneida,43,38.11819027027197,2008-2015,Other (43)
2014,Ontario,43,71.99174917793677,2008-2015,Other (43)
2014,Orleans,43,747.6267790493957,2008-2015,Other (43)
2014,Steuben,43,2182.920681821947,2008-2015,Other (43)
2014,Suffolk,43,2664.1652739953443,2008-2015,Other (43)
2014,Wayne,43,915.8299720422175,2008-2015,Other (43)
2014,Wyoming,43,3649.6521321385685,2008-2015,Other (43)
2014,Yates,43,49.19248539715399,2008-2015,Other (43)
2015,Allegany,43,228.91558427375168,2008-2015,Other (43)
2015,Cattaraugus,43,403.5476104440703,2008-2015,Other (43)
2015,Erie,43,712.8308112158676,2008-2015,Other (43)
2015,Genesee,43,614.8255293597601,2008-2015,Other (43)
2015,Livingston,43,909.713434065005,2008-2015,Other (43)
2015,Niagara,43,9.476757706079205,2008-2015,Other (43)
2015,Oneida,43,6.27571528912962,2008-2015,Other (43)
2015,Ontario,43,20.754473728879898,2008-2015,Other (43)
2015,Orleans,43,438.5072931635458,2008-2015,Other (43)
2015,Seneca,43,5.112875786373154,2008-2015,Other (43)
2015,Steuben,43,1475.3613224543758,2008-2015,Other (43)
2015,Suffolk,43,4690.738675483759,2008-2015,Other (43)
2015,Wayne,43,317.4129366375644,2008-2015,Other (43)
2015,Wyoming,43,3450.352123412547,2008-2015,Other (43)
2015,Yates,43,159.36246056928655,2008-2015,Other (43)
2016,Allegany,43,317.8766156915105,2016-Bridge,Other (43)
2016,Cattaraugus,43,56.96814510744954,2016-Bridge,Other (43)
2016,Erie,43,1224.6666141441945,2016-Bridge,Other (43)
2016,Franklin,43,195.06638193207158,2016-Bridge,Other (43)
2016,Genesee,43,460.5994592434122,2016-Bridge,Other (43)
2016,Livingston,43,578.5306718852711,2016-Bridge,Other (43)
2016,Madison,43,24.94764651483916,2016-Bridge,Other (43)
2016,Monroe,43,2.458250674971994,2016-Bridge,Other (43)
2016,Niagara,43,5.763990644423375,2016-Bridge,Other (43)
2016,Ontario,43,31.526808477192002,2016-Bridge,Other (43)
2016,Orleans,43,317.1007820108976,2016-Bridge,Other (43)
2016,Oswego,43,3.216466471080141,2016-Bridge,Other (43)
2016,Schoharie,43,5.165452563182859,2016-Bridge,Other (43)
2016,Steuben,43,1669.486873040259,2016-Bridge,Other (43)
2016,Suffolk,43,3777.4767562815628,2016-Bridge,Other (43)
2016,Wayne,43,588.2841270212048,2016-Bridge,Other (43)
2016,Wyoming,43,3835.027085828421,2016-Bridge,Other (43)
2016,Yates,43,170.65284670404264,2016-Bridge,Other (43)
2017,Allegany,43,251.5910438761647,2017-2024,Other (43)
2017,Cattaraugus,43,456.0012460147673,2017-2024,Other (43)
2017,Chautauqua,43,4.71137798253822,2017-2024,Other (43)
2017,Erie,43,1091.745551439319,2017-2024,Other (43)
2017,Franklin,43,540.2109251652512,2017-2024,Other (43)
2017,Genesee,43,402.68936983897277,2017-2024,Other (43)
2017,Livingston,43,945.8281027887522,2017-2024,Other (43)
2017,Monroe,43,101.51206268920006,2017-2024,Other (43)
2017,Ontario,43,43.8563991085732,2017-2024,Other (43)
2017,Orleans,43,529.4559577362925,2017-2024,Other (43)
2017,Steuben,43,1848.8043653399047,2017-2024,Other (43)
2017,Suffolk,43,977.6830854139672,2017-2024,Other (43)
2017,Wayne,43,139.20133803609755,2017-2024,Other (43)
2017,Wyoming,43,3361.1345189734816,2017-2024,Other (43)
2017,Yates,43,132.25934270453024,2017-2024,Other (43)
2018,Allegany,43,450.9820932682547,2017-2024,Other (43)
2018,Cattaraugus,43,291.8835294118441,2017-2024,Other (43)
2018,Columbia,43,8.027907318119379,2017-2024,Other (43)
2018,Erie,43,1121.9142764760809,2017-2024,Other (43)
2018,Franklin,43,613.9051227249987,2017-2024,Other (43)
2018,Genesee,43,712.7750822657849,2017-2024,Other (43)
2018,Livingston,43,810.6462377557865,2017-2024,Other (43)
2018,Ontario,43,18.47035127303055,2017-2024,Other (43)
2018,Orleans,43,599.4079799438971,2017-2024,Other (43)
2018,Schuyler,43,2.85021615221249,2017-2024,Other (43)
2018,Steuben,43,1577.7238907601502,2017-2024,Other (43)
2018,Suffolk,43,2489.665307676731,2017-2024,Other (43)
2018,Wayne,43,97.36228117810032,2017-2024,Other (43)
2018,Wyoming,43,4406.09647061854,2017-2024,Other (43)
2018,Yates,43,92.16496310940975,2017-2024,Other (43)
2019,Allegany,43,349.3915539820261,2017-2024,Other (43)
2019,Cattaraugus,43,522.2571223571638,2017-2024,Other (43)
2019,Chautauqua,43,22.8292503625218,2017-2024,Other (43)
2019,Chemung,43,4.85208896308922,2017-2024,Other (43)
2019,Erie,43,1598.0768785582648,2017-2024,Other (43)
2019,Franklin,43,440.1838481177924,2017-2024,Other (43)
2019,Genesee,43,777.8406717986503,2017-2024,Other (43)
2019,Greene,43,6.45963925670713,2017-2024,Other (43)
2019,Livingston,43,966.0698457166787,2017-2024,Other (43)
2019,Monroe,43,51.720691302171886,2017-2024,Other (43)
2019,Orleans,43,359.96009949529275,2017-2024,Other (43)
2019,Rensselaer,43,3.14677468820932,2017-2024,Other (43)
2019,Steuben,43,2299.763395013799,2017-2024,Other (43)
2019,Suffolk,43,1477.6767925294632,2017-2024,Other (43)
2019,Ulster,43,21.655456356557142,2017-2024,Other (43)
2019,Wayne,43,84.67363396357831,2017-2024,Other (43)
2019,Wyoming,43,4926.28750235999,2017-2024,Other (43)
2019,Yates,43,210.1633693018904,2017-2024,Other (43)
2020,Allegany,43,281.30458650791013,2017-2024,Other (43)
2020,Cattaraugus,43,373.674722552246,2017-2024,Other (43)
2020,Chautauqua,43,6.661757036724341,2017-2024,Other (43)
2020,Columbia,43,12.51501032984092,2017-2024,Other (43)
2020,Erie,43,1019.2667233309858,2017-2024,Other (43)
2020,Franklin,43,796.0642847008829,2017-2024,Other (43)
2020,Genesee,43,465.4867916905024,2017-2024,Other (43)
2020,Livingston,43,1306.2143544724127,2017-2024,Other (43)
2020,Monroe,43,104.18566459857699,2017-2024,Other (43)
2020,Niagara,43,7.12767262739604,2017-2024,Other (43)
2020,Ontario,43,28.22811117794533,2017-2024,Other (43)
2020,Orange,43,13.5900853239727,2017-2024,Other (43)
2020,Orleans,43,500.6395094551122,2017-2024,Other (43)
2020,Steuben,43,2194.3097126642037,2017-2024,Other (43)
2020,Suffolk,43,2246.0631747655275,2017-2024,Other (43)
2020,Wayne,43,121.91070536247645,2017-2024,Other (43)
2020,Wyoming,43,4332.55076628153,2017-2024,Other (43)
2020,Yates,43,171.9197856384751,2017-2024,Other (43)
2021,Allegany,43,266.93425441079756,2017-2024,Other (43)
2021,Cattaraugus,43,465.9276943302733,2017-2024,Other (43)
2021,Cayuga,43,3.91255155254945,2017-2024,Other (43)
2021,Erie,43,1230.5133857716842,2017-2024,Other (43)
2021,Franklin,43,770.4496997137159,2017-2024,Other (43)
2021,Genesee,43,619.296934483349,2017-2024,Other (43)
2021,Livingston,43,1315.6630649698423,2017-2024,Other (43)
2021,Monroe,43,57.26270706321587,2017-2024,Other (43)
2021,Onondaga,43,4.04515596837016,2017-2024,Other (43)
2021,Ontario,43,36.77036250918496,2017-2024,Other (43)
2021,Orleans,43,574.5768746837113,2017-2024,Other (43)
2021,Oswego,43,13.1081466170269,2017-2024,Other (43)
2021,Schuyler,43,4.85040342397981,2017-2024,Other (43)
2021,Steuben,43,2282.5906819426837,2017-2024,Other (43)
2021,Suffolk,43,956.5257437845783,2017-2024,Other (43)
2021,Washington,43,3.3360612313864,2017-2024,Other (43)
2021,Wayne,43,102.28697610635632,2017-2024,Other (43)
2021,Wyoming,43,4975.452107704723,2017-2024,Other (43)
2021,Yates,43,301.99587318752594,2017-2024,Other (43)
2022,Allegany,43,360.0799672663015,2017-2024,Other (43)
2022,Cattaraugus,43,128.561718182031,2017-2024,Other (43)
2022,Chautauqua,43,3.35443409963874,2017-2024,Other (43)
2022,Erie,43,1176.0694349765947,2017-2024,Other (43)
2022,Genesee,43,719.8710956549482,2017-2024,Other (43)
2022,Livingston,43,944.3173823738027,2017-2024,Other (43)
2022,Monroe,43,28.930884851527303,2017-2024,Other (43)
2022,Ontario,43,104.72046954888556,2017-2024,Other (43)
2022,Orleans,43,605.9984145347562,2017-2024,Other (43)
2022,Steuben,43,2350.6388869611123,2017-2024,Other (43)
2022,Suffolk,43,561.3121760192984,2017-2024,Other (43)
2022,Wayne,43,8.51153873328043,2017-2024,Other (43)
2022,Wyoming,43,4533.572826293927,2017-2024,Other (43)
2022,Yates,43,232.29119574414378,2017-2024,Other (43)
2023,Allegany,43,227.00734307459862,2017-2024,Other (43)
2023,Cattaraugus,43,539.0472337525457,2017-2024,Other (43)
2023,Cayuga,43,129.64645070637025,2017-2024,Other (43)
2023,Chautauqua,43,5.15963623640352,2017-2024,Other (43)
2023,Erie,43,1658.2245825934988,2017-2024,Other (43)
2023,Franklin,43,771.2687066686512,2017-2024,Other (43)
2023,Genesee,43,928.4020594605776,2017-2024,Other (43)
2023,Livingston,43,1248.34120193076,2017-2024,Other (43)
2023,Orleans,43,780.1620265931438,2017-2024,Other (43)
2023,Steuben,43,2426.498255856866,2017-2024,Other (43)
2023,Suffolk,43,1045.2034956957825,2017-2024,Other (43)
2023,Wayne,43,125.18549568300396,2017-2024,Other (43)
2023,Wyoming,43,5393.951020284217,2017-2024,Other (43)
2023,Yates,43,334.3036788901311,2017-2024,Other (43)
2024,Allegany,43,347.2536727657512,2017-2024,Other (43)
2024,Cattaraugus,43,392.6797668462665,2017-2024,Other (43)
2024,Cayuga,43,65.46869741688116,2017-2024,Other (43)
2024,Chautauqua,43,106.25479021989747,2017-2024,Other (43)
2024,Erie,43,1253.568501803322,2017-2024,Other (43)
2024,Genesee,43,916.9858897087402,2017-2024,Other (43)
2024,Livingston,43,1060.210306058288,2017-2024,Other (43)
2024,Monroe,43,25.22554811289757,2017-2024,Other (43)
2024,Niagara,43,56.06852915006884,2017-2024,Other (43)
2024,Oneida,43,17.75040760085216,2017-2024,Other (43)
2024,Onondaga,43,3.19789602061044,2017-2024,Other (43)
2024,Ontario,43,55.422208515065364,2017-2024,Other (43)
2024,Orange,43,113.0937555450206,2017-2024,Other (43)
2024,Orleans,43,416.41282469936874,2017-2024,Other (43)
2024,Oswego,43,8.30077401175983,2017-2024,Other (43)
2024,Putnam,43,2.70313197100222,2017-2024,Other (43)
2024,Schuyler,43,3.5990371473447,2017-2024,Other (43)
2024,Seneca,43,12.4892509045593,2017-2024,Other (43)
2024,Steuben,43,1958.3994681272168,2017-2024,Other (43)
2024,Suffolk,43,793.6595793599158,2017-2024,Other (43)
2024,Washington,43,26.0638466864761,2017-2024,Other (43)
2024,Wayne,43,319.5248784192378,2017-2024,Other (43)
2024,Wyoming,43,5393.900983292825,2017-2024,Other (43)
2024,Yates,43,329.612202446264,2017-2024,Other (43)
2008,Allegany,44,51.42144602916364,2008-2015,Other (44)
2008,Cattaraugus,44,245.79131346697736,2008-2015,Other (44)
2008,Chautauqua,44,3.4987397643375298,2008-2015,Other (44)
2008,Dutchess,44,15.298790749221332,2008-2015,Other (44)
2008,Erie,44,483.5976481372722,2008-2015,Other (44)
2008,Livingston,44,50.64530215325769,2008-2015,Other (44)
2008,Madison,44,34.87569027840759,2008-2015,Other (44)
2008,Monroe,44,24.746674033493115,2008-2015,Other (44)
2008,Onondaga,44,24.858150642938114,2008-2015,Other (44)
2008,Orange,44,8.582345817279796,2008-2015,Other (44)
2008,Rensselaer,44,8.912743426239341,2008-2015,Other (44)
2008,Schuyler,44,15.099424202262096,2008-2015,Other (44)
2008,Steuben,44,2.848105607701347,2008-2015,Other (44)
2008,Ulster,44,123.60422380208009,2008-2015,Other (44)
2009,Allegany,44,60.28022424490863,2008-2015,Other (44)
2009,Cattaraugus,44,77.28719452507079,2008-2015,Other (44)
2009,Chautauqua,44,2.4860695347846824,2008-2015,Other (44)
2009,Erie,44,129.1815729313327,2008-2015,Other (44)
2009,Genesee,44,4.517949765276715,2008-2015,Other (44)
2009,Monroe,44,51.821157836166414,2008-2015,Other (44)
2009,Onondaga,44,22.51684560222562,2008-2015,Other (44)
2009,Rensselaer,44,68.9461867085858,2008-2015,Other (44)
2009,Ulster,44,119.00080364683775,2008-2015,Other (44)
2009,Washington,44,9.34630921576128,2008-2015,Other (44)
2009,Wayne,44,53.27478435799908,2008-2015,Other (44)
2010,Allegany,44,22.261064707135034,2008-2015,Other (44)
2010,Cattaraugus,44,41.826720310579745,2008-2015,Other (44)
2010,Cayuga,44,6.463135887878046,2008-2015,Other (44)
2010,Erie,44,125.97139512094921,2008-2015,Other (44)
2010,Genesee,44,113.05782598922823,2008-2015,Other (44)
2010,Greene,44,15.139049731774117,2008-2015,Other (44)
2010,Lewis,44,43.1522973011959,2008-2015,Other (44)
2010,Livingston,44,8.038813541326045,2008-2015,Other (44)
2010,Monroe,44,23.583723280329174,2008-2015,Other (44)
2010,Rensselaer,44,54.82366811585962,2008-2015,Other (44)
2010,Saratoga,44,8.46317437527074,2008-2015,Other (44)
2010,Steuben,44,5.486819652938403,2008-2015,Other (44)
2010,Suffolk,44,413.6862659987859,2008-2015,Other (44)
2010,Tompkins,44,7.786928552300264,2008-2015,Other (44)
2010,Ulster,44,94.46759838838864,2008-2015,Other (44)
2010,Wyoming,44,74.52769775719901,2008-2015,Other (44)
2011,Allegany,44,30.443696709974503,2008-2015,Other (44)
2011,Broome,44,2.453789114018434,2008-2015,Other (44)
2011,Cattaraugus,44,223.48247310920874,2008-2015,Other (44)
2011,Cayuga,44,7.638671885053354,2008-2015,Other (44)
2011,Erie,44,168.8855207628961,2008-2015,Other (44)
2011,Fulton,44,4.09888798613523,2008-2015,Other (44)
2011,Greene,44,8.548476826914571,2008-2015,Other (44)
2011,Madison,44,82.91409872698169,2008-2015,Other (44)
2011,Oneida,44,14.278453069314127,2008-2015,Other (44)
2011,Onondaga,44,93.76478993107959,2008-2015,Other (44)
2011,Ontario,44,14.832791526631393,2008-2015,Other (44)
2011,Oswego,44,10.138288429227437,2008-2015,Other (44)
2011,Rensselaer,44,62.85540982629507,2008-2015,Other (44)
2011,Schenectady,44,8.905963990411092,2008-2015,Other (44)
2011,Schoharie,44,29.4986766025693,2008-2015,Other (44)
2011,Seneca,44,73.48707717013146,2008-2015,Other (44)
2011,Steuben,44,4.090251282772714,2008-2015,Other (44)
2011,Suffolk,44,53.14093154790065,2008-2015,Other (44)
2011,Tompkins,44,54.360664339249674,2008-2015,Other (44)
2011,Ulster,44,431.29448122557244,2008-2015,Other (44)
2011,Wayne,44,9.068335643423854,2008-2015,Other (44)
2011,Wyoming,44,4.139431218472995,2008-2015,Other (44)
2011,Yates,44,5.565786262482392,2008-2015,Other (44)
2012,Allegany,44,101.38277481701157,2008-2015,Other (44)
2012,Cattaraugus,44,76.57022704737956,2008-2015,Other (44)
2012,Erie,44,260.9039595821536,2008-2015,Other (44)
2012,Livingston,44,5.916631938678713,2008-2015,Other (44)
2012,Onondaga,44,23.906043971228552,2008-2015,Other (44)
2012,Orange,44,568.3567282851386,2008-2015,Other (44)
2012,Rensselaer,44,45.54771001464206,2008-2015,Other (44)
2012,Steuben,44,8.80662095443225,2008-2015,Other (44)
2012,Washington,44,31.399474177130188,2008-2015,Other (44)
2012,Wayne,44,141.0917728795616,2008-2015,Other (44)
2013,Allegany,44,157.88576645148714,2008-2015,Other (44)
2013,Cattaraugus,44,166.07457736943138,2008-2015,Other (44)
2013,Cayuga,44,25.367982486454295,2008-2015,Other (44)
2013,Chautauqua,44,82.09954238926692,2008-2015,Other (44)
2013,Erie,44,249.25901611597584,2008-2015,Other (44)
2013,Livingston,44,3.0691959428456057,2008-2015,Other (44)
2013,Monroe,44,3.3156678300807028,2008-2015,Other (44)
2013,Oswego,44,2.9197168180663513,2008-2015,Other (44)
2013,Rensselaer,44,89.13445999907377,2008-2015,Other (44)
2013,Steuben,44,2.7725929739217605,2008-2015,Other (44)
2013,Wayne,44,180.79158378606607,2008-2015,Other (44)
2013,Wyoming,44,16.83266049617245,2008-2015,Other (44)
2014,Allegany,44,135.72789422241254,2008-2015,Other (44)
2014,Cattaraugus,44,82.81565988888323,2008-2015,Other (44)
2014,Cayuga,44,7.627188405346002,2008-2015,Other (44)
2014,Chautauqua,44,6.970321526159783,2008-2015,Other (44)
2014,Cortland,44,9.204690648422206,2008-2015,Other (44)
2014,Erie,44,203.91577428296506,2008-2015,Other (44)
2014,Rensselaer,44,157.8583569424046,2008-2015,Other (44)
2014,Schoharie,44,16.058930781548604,2008-2015,Other (44)
2014,Suffolk,44,18.740024229602096,2008-2015,Other (44)
2014,Washington,44,6.964050131950083,2008-2015,Other (44)
2014,Wayne,44,100.64430123729889,2008-2015,Other (44)
2015,Cattaraugus,44,44.33516781687729,2008-2015,Other (44)
2015,Chautauqua,44,8.087548676139203,2008-2015,Other (44)
2015,Oswego,44,3.269214433099159,2008-2015,Other (44)
2015,Wayne,44,134.68731841183848,2008-2015,Other (44)
2017,Orleans,44,18.8482163910907,2017-2024,Other (44)
2018,Ontario,44,12.0194012549394,2017-2024,Other (44)
2018,Seneca,44,10.09043158550202,2017-2024,Other (44)
2018,Wayne,44,123.28300214614191,2017-2024,Other (44)
2019,Cayuga,44,80.47127262161905,2017-2024,Other (44)
2019,Chautauqua,44,38.437804161881004,2017-2024,Other (44)
2019,Erie,44,32.5444986877948,2017-2024,Other (44)
2019,Lewis,44,358.42876184042325,2017-2024,Other (44)
2019,Onondaga,44,49.38218996394987,2017-2024,Other (44)
2019,Orleans,44,84.24802618903311,2017-2024,Other (44)
2019,Washington,44,70.69918667628956,2017-2024,Other (44)
2020,Erie,44,51.4829714473658,2017-2024,Other (44)
2020,Essex,44,35.09222061278967,2017-2024,Other (44)
2020,Jefferson,44,141.5059581678497,2017-2024,Other (44)
2020,Orleans,44,7.07616861497035,2017-2024,Other (44)
2020,Otsego,44,3.85625258213576,2017-2024,Other (44)
2020,Rensselaer,44,3.14677468820932,2017-2024,Other (44)
2020,Washington,44,10.5906648981458,2017-2024,Other (44)
2020,Wayne,44,38.0093425374336,2017-2024,Other (44)
2020,Yates,44,16.11373286785633,2017-2024,Other (44)
2021,Cayuga,44,4.47960807597181,2017-2024,Other (44)
2021,Columbia,44,12.14276795000794,2017-2024,Other (44)
2021,Jefferson,44,168.09327195052208,2017-2024,Other (44)
2021,Madison,44,9.87921417402393,2017-2024,Other (44)
2021,Onondaga,44,5.24175864333118,2017-2024,Other (44)
2021,Steuben,44,16.15407969032239,2017-2024,Other (44)
2021,Wayne,44,80.51839781269412,2017-2024,Other (44)
2022,Cayuga,44,8.64795988412932,2017-2024,Other (44)
2022,Essex,44,31.5391040460827,2017-2024,Other (44)
2022,Jefferson,44,13.0328129462315,2017-2024,Other (44)
2022,Onondaga,44,26.2870772084083,2017-2024,Other (44)
2022,Seneca,44,28.52019115090028,2017-2024,Other (44)
2022,Steuben,44,49.0843490605037,2017-2024,Other (44)
2022,Tompkins,44,3.35346646874494,2017-2024,Other (44)
2022,Wayne,44,32.5915752689945,2017-2024,Other (44)
2023,Cayuga,44,8.64795988412932,2017-2024,Other (44)
2023,Jefferson,44,9.03465831893727,2017-2024,Other (44)
2023,Orleans,44,20.3379463816217,2017-2024,Other (44)
2023,Seneca,44,24.107382185555117,2017-2024,Other (44)
2023,Steuben,44,49.0843490605037,2017-2024,Other (44)
2024,Chautauqua,44,4.72533029806451,2017-2024,Other (44)
2024,Dutchess,44,15.431373913549,2017-2024,Other (44)
2024,Monroe,44,8.66188958721007,2017-2024,Other (44)
2024,Onondaga,44,13.009549892552371,2017-2024,Other (44)
2024,Orange,44,34.97537363545889,2017-2024,Other (44)
2024,Oswego,44,11.62297691543444,2017-2024,Other (44)
2024,Putnam,44,13.01364177599528,2017-2024,Other (44)
2024,Rensselaer,44,15.59039982374971,2017-2024,Other (44)
2024,Richmond,44,3.72222963881928,2017-2024,Other (44)
2024,Rockland,44,13.987612398885059,2017-2024,Other (44)
2024,Saratoga,44,64.19120923464727,2017-2024,Other (44)
2024,Suffolk,44,2.99304966812502,2017-2024,Other (44)
2024,Sullivan,44,3.29880433308936,2017-2024,Other (44)
2024,Washington,44,78.96503831399457,2017-2024,Other (44)
2024,Wayne,44,364.44804116036113,2017-2024,Other (44)
2024,Yates,44,8.20010960483621,2017-2024,Other (44)
2008,Allegany,53,335.8874954865793,2008-2015,Other (53)
2008,Cattaraugus,53,794.1154132871247,2008-2015,Other (53)
2008,Cayuga,53,16.99681407378296,2008-2015,Other (53)
2008,Erie,53,662.961797793201,2008-2015,Other (53)
2008,Genesee,53,4686.166009877509,2008-2015,Other (53)
2008,Livingston,53,1141.2139437669512,2008-2015,Other (53)
2008,Monroe,53,3538.2824130147287,2008-2015,Other (53)
2008,Niagara,53,543.629443789872,2008-2015,Other (53)
2008,Orleans,53,2445.7555085693184,2008-2015,Other (53)
2008,Oswego,53,8.863767717071582,2008-2015,Other (53)
2008,Steuben,53,271.095303164148,2008-2015,Other (53)
2008,Wyoming,53,1912.1092133887535,2008-2015,Other (53)
2008,Yates,53,4.558815044880362,2008-2015,Other (53)
2009,Allegany,53,479.5080776203051,2008-2015,Other (53)
2009,Cattaraugus,53,536.2498864822628,2008-2015,Other (53)
2009,Chautauqua,53,52.13364587712299,2008-2015,Other (53)
2009,Erie,53,388.89049279448,2008-2015,Other (53)
2009,Genesee,53,4551.021817070894,2008-2015,Other (53)
2009,Livingston,53,1376.287477378971,2008-2015,Other (53)
2009,Monroe,53,2362.794908174428,2008-2015,Other (53)
2009,Niagara,53,233.48434602855687,2008-2015,Other (53)
2009,Orleans,53,1869.9065969357068,2008-2015,Other (53)
2009,Steuben,53,207.62974191690543,2008-2015,Other (53)
2009,Wyoming,53,1881.7798800921835,2008-2015,Other (53)
2010,Allegany,53,252.29492347714643,2008-2015,Other (53)
2010,Cattaraugus,53,645.4688642806786,2008-2015,Other (53)
2010,Chautauqua,53,23.490178241791963,2008-2015,Other (53)
2010,Erie,53,492.6313988543557,2008-2015,Other (53)
2010,Genesee,53,3741.473164922098,2008-2015,Other (53)
2010,Livingston,53,474.6908929908302,2008-2015,Other (53)
2010,Monroe,53,2325.584054470427,2008-2015,Other (53)
2010,Niagara,53,185.83628148454005,2008-2015,Other (53)
2010,Ontario,53,34.76599661469703,2008-2015,Other (53)
2010,Orleans,53,1677.5318383963106,2008-2015,Other (53)
2010,Steuben,53,207.31791426652697,2008-2015,Other (53)
2010,Wayne,53,11.355456614791134,2008-2015,Other (53)
2010,Wyoming,53,1308.4183568687724,2008-2015,Other (53)
2011,Allegany,53,86.65533835764292,2008-2015,Other (53)
2011,Genesee,53,1977.112832003334,2008-2015,Other (53)
2011,Livingston,53,53.11133553677176,2008-2015,Other (53)
2011,Monroe,53,421.7884968397128,2008-2015,Other (53)
2011,Niagara,53,25.48486480998662,2008-2015,Other (53)
2011,Orleans,53,236.79629338771272,2008-2015,Other (53)
2011,Wyoming,53,599.8749051956488,2008-2015,Other (53)
2012,Allegany,53,28.187556386883614,2008-2015,Other (53)
2012,Cayuga,53,15.597805054666877,2008-2015,Other (53)
2012,Erie,53,3.587318638961091,2008-2015,Other (53)
2012,Genesee,53,3920.3523611298356,2008-2015,Other (53)
2012,Livingston,53,207.45350419636833,2008-2015,Other (53)
2012,Monroe,53,1607.6634973185135,2008-2015,Other (53)
2012,Ontario,53,21.76051800559428,2008-2015,Other (53)
2012,Orleans,53,698.0093198671607,2008-2015,Other (53)
2012,Steuben,53,13.963904466016556,2008-2015,Other (53)
2012,Wyoming,53,736.9896952562691,2008-2015,Other (53)
2013,Allegany,53,177.06482762681898,2008-2015,Other (53)
2013,Cattaraugus,53,818.7103087103969,2008-2015,Other (53)
2013,Chautauqua,53,7.639151572559844,2008-2015,Other (53)
2013,Erie,53,58.7585175448011,2008-2015,Other (53)
2013,Genesee,53,4129.26744461902,2008-2015,Other (53)
2013,Jefferson,53,2.9934779464977983,2008-2015,Other (53)
2013,Livingston,53,497.86519894813955,2008-2015,Other (53)
2013,Monroe,53,700.9344578055975,2008-2015,Other (53)
2013,Niagara,53,144.22248590120853,2008-2015,Other (53)
2013,Ontario,53,7.674197056263704,2008-2015,Other (53)
2013,Orleans,53,985.1728082136013,2008-2015,Other (53)
2013,Steuben,53,134.74144973038807,2008-2015,Other (53)
2013,Wyoming,53,198.64781027208917,2008-2015,Other (53)
2014,Allegany,53,11.331985062813416,2008-2015,Other (53)
2014,Cattaraugus,53,567.0983987605357,2008-2015,Other (53)
2014,Erie,53,45.18144718191907,2008-2015,Other (53)
2014,Genesee,53,2813.477783264596,2008-2015,Other (53)
2014,Livingston,53,781.8370702228872,2008-2015,Other (53)
2014,Monroe,53,879.8572519100278,2008-2015,Other (53)
2014,Niagara,53,132.6637338116321,2008-2015,Other (53)
2014,Ontario,53,12.373391975782024,2008-2015,Other (53)
2014,Orleans,53,567.6370081872525,2008-2015,Other (53)
2014,Steuben,53,292.93630973605747,2008-2015,Other (53)
2014,Wyoming,53,305.58329560565153,2008-2015,Other (53)
2015,Allegany,53,162.22830533303704,2008-2015,Other (53)
2015,Cattaraugus,53,747.0951981803696,2008-2015,Other (53)
2015,Cayuga,53,3.8712037050755286,2008-2015,Other (53)
2015,Chautauqua,53,26.65171027929473,2008-2015,Other (53)
2015,Erie,53,372.54882067546134,2008-2015,Other (53)
2015,Genesee,53,4045.5603192008257,2008-2015,Other (53)
2015,Livingston,53,1187.394258528449,2008-2015,Other (53)
2015,Monroe,53,969.6502645828001,2008-2015,Other (53)
2015,Niagara,53,215.50313235442135,2008-2015,Other (53)
2015,Ontario,53,6.182160466651466,2008-2015,Other (53)
2015,Orleans,53,1017.8094641617047,2008-2015,Other (53)
2015,Schuyler,53,3.1869392072715446,2008-2015,Other (53)
2015,Steuben,53,284.66033547706985,2008-2015,Other (53)
2015,Wyoming,53,648.9142276072154,2008-2015,Other (53)
2016,Allegany,53,121.67817164298339,2016-Bridge,Other (53)
2016,Cattaraugus,53,867.7208314887871,2016-Bridge,Other (53)
2016,Erie,53,570.8178150012477,2016-Bridge,Other (53)
2016,Genesee,53,3518.8694662649186,2016-Bridge,Other (53)
2016,Livingston,53,1131.8635208551195,2016-Bridge,Other (53)
2016,Monroe,53,1036.1804017285426,2016-Bridge,Other (53)
2016,Niagara,53,180.06280093666993,2016-Bridge,Other (53)
2016,Ontario,53,12.10663427039217,2016-Bridge,Other (53)
2016,Orleans,53,1183.0782089224394,2016-Bridge,Other (53)
2016,Steuben,53,196.29019149704456,2016-Bridge,Other (53)
2016,Wyoming,53,497.44035205896176,2016-Bridge,Other (53)
2017,Allegany,53,111.25936368054963,2017-2024,Other (53)
2017,Cattaraugus,53,1040.304040048529,2017-2024,Other (53)
2017,Cayuga,53,92.43414745765061,2017-2024,Other (53)
2017,Erie,53,12.5771911082697,2017-2024,Other (53)
2017,Genesee,53,2940.709208230328,2017-2024,Other (53)
2017,Livingston,53,259.59988818900666,2017-2024,Other (53)
2017,Monroe,53,567.1666209174036,2017-2024,Other (53)
2017,Niagara,53,12.3224574477518,2017-2024,Other (53)
2017,Onondaga,53,3.59068703813984,2017-2024,Other (53)
2017,Orleans,53,391.58958788182724,2017-2024,Other (53)
2017,Steuben,53,82.47159462639019,2017-2024,Other (53)
2017,Wyoming,53,352.8137454901032,2017-2024,Other (53)
2018,Cattaraugus,53,917.662141770155,2017-2024,Other (53)
2018,Erie,53,345.4015065274083,2017-2024,Other (53)
2018,Genesee,53,2081.7636083743114,2017-2024,Other (53)
2018,Livingston,53,973.532215713059,2017-2024,Other (53)
2018,Monroe,53,701.9504142845851,2017-2024,Other (53)
2018,Niagara,53,12.79143888993131,2017-2024,Other (53)
2018,Orleans,53,426.63058752209463,2017-2024,Other (53)
2018,Steuben,53,61.7613648363066,2017-2024,Other (53)
2018,Wyoming,53,779.6296271812536,2017-2024,Other (53)
2018,Yates,53,2.97502207065621,2017-2024,Other (53)
2019,Allegany,53,298.448859999796,2017-2024,Other (53)
2019,Cattaraugus,53,1302.9614432799435,2017-2024,Other (53)
2019,Erie,53,118.92072719238257,2017-2024,Other (53)
2019,Genesee,53,2075.6985618375907,2017-2024,Other (53)
2019,Livingston,53,1185.9014425707978,2017-2024,Other (53)
2019,Monroe,53,800.570779324638,2017-2024,Other (53)
2019,Niagara,53,70.79337268308609,2017-2024,Other (53)
2019,Ontario,53,4.41448051316097,2017-2024,Other (53)
2019,Orleans,53,878.4462304822821,2017-2024,Other (53)
2019,Steuben,53,131.4425096569825,2017-2024,Other (53)
2019,Wyoming,53,1537.0830819001471,2017-2024,Other (53)
2019,Yates,53,7.81014970050294,2017-2024,Other (53)
2020,Allegany,53,374.683631419844,2017-2024,Other (53)
2020,Cattaraugus,53,430.01658220310304,2017-2024,Other (53)
2020,Chautauqua,53,3.75952790885726,2017-2024,Other (53)
2020,Erie,53,470.9732695546856,2017-2024,Other (53)
2020,Genesee,53,3147.627970522353,2017-2024,Other (53)
2020,Livingston,53,826.458870733261,2017-2024,Other (53)
2020,Monroe,53,600.8012137379278,2017-2024,Other (53)
2020,Niagara,53,640.2673283735865,2017-2024,Other (53)
2020,Orleans,53,988.3656110577508,2017-2024,Other (53)
2020,Steuben,53,52.85818607995169,2017-2024,Other (53)
2020,Wyoming,53,504.8466067011413,2017-2024,Other (53)
2021,Allegany,53,607.738348247291,2017-2024,Other (53)
2021,Cattaraugus,53,691.2155683590414,2017-2024,Other (53)
2021,Chautauqua,53,3.41580849639099,2017-2024,Other (53)
2021,Dutchess,53,21.39983420624545,2017-2024,Other (53)
2021,Erie,53,441.1416922308831,2017-2024,Other (53)
2021,Genesee,53,2601.058405052683,2017-2024,Other (53)
2021,Livingston,53,769.0229251311448,2017-2024,Other (53)
2021,Monroe,53,503.92695624526186,2017-2024,Other (53)
2021,Niagara,53,197.9014838665066,2017-2024,Other (53)
2021,Ontario,53,27.73686647774953,2017-2024,Other (53)
2021,Orleans,53,1087.9735457627628,2017-2024,Other (53)
2021,Steuben,53,109.46883823674186,2017-2024,Other (53)
2021,Wayne,53,9.05311957559876,2017-2024,Other (53)
2021,Wyoming,53,765.880178799634,2017-2024,Other (53)
2022,Allegany,53,250.3400497421202,2017-2024,Other (53)
2022,Cattaraugus,53,486.83158101205913,2017-2024,Other (53)
2022,Dutchess,53,21.39983420624545,2017-2024,Other (53)
2022,Erie,53,54.09606537521887,2017-2024,Other (53)
2022,Genesee,53,2539.6264653078915,2017-2024,Other (53)
2022,Livingston,53,511.97257206337224,2017-2024,Other (53)
2022,Monroe,53,560.758684567584,2017-2024,Other (53)
2022,Niagara,53,321.625432847814,2017-2024,Other (53)
2022,Ontario,53,27.99221528269148,2017-2024,Other (53)
2022,Orleans,53,1300.4530561233219,2017-2024,Other (53)
2022,Steuben,53,111.08789032762705,2017-2024,Other (53)
2022,Wyoming,53,536.6792187732866,2017-2024,Other (53)
2023,Allegany,53,510.04085624286176,2017-2024,Other (53)
2023,Cattaraugus,53,763.1438826486292,2017-2024,Other (53)
2023,Columbia,53,161.37224577879098,2017-2024,Other (53)
2023,Dutchess,53,25.89078114063273,2017-2024,Other (53)
2023,Erie,53,608.0683293653908,2017-2024,Other (53)
2023,Genesee,53,2902.5188611779704,2017-2024,Other (53)
2023,Livingston,53,985.5730498557574,2017-2024,Other (53)
2023,Monroe,53,582.7293046846373,2017-2024,Other (53)
2023,Niagara,53,325.05671174958655,2017-2024,Other (53)
2023,Ontario,53,8.22549001348272,2017-2024,Other (53)
2023,Orleans,53,1448.538432262332,2017-2024,Other (53)
2023,Steuben,53,315.6720771749871,2017-2024,Other (53)
2023,Wayne,53,2.41840092646671,2017-2024,Other (53)
2023,Wyoming,53,1099.2692568962912,2017-2024,Other (53)
2024,Allegany,53,420.9164724236655,2017-2024,Other (53)
2024,Cattaraugus,53,631.7339075207975,2017-2024,Other (53)
2024,Chautauqua,53,6.92864233531783,2017-2024,Other (53)
2024,Columbia,53,14.91538016455891,2017-2024,Other (53)
2024,Delaware,53,7.47859302014106,2017-2024,Other (53)
2024,Dutchess,53,17.87024645099631,2017-2024,Other (53)
2024,Erie,53,870.0780605644105,2017-2024,Other (53)
2024,Genesee,53,2718.7423375470617,2017-2024,Other (53)
2024,Livingston,53,1369.2260026125678,2017-2024,Other (53)
2024,Monroe,53,518.6875437147321,2017-2024,Other (53)
2024,Niagara,53,159.78235908728152,2017-2024,Other (53)
2024,Ontario,53,18.80732454307471,2017-2024,Other (53)
2024,Orleans,53,1017.4529293296073,2017-2024,Other (53)
2024,Steuben,53,164.28858269802055,2017-2024,Other (53)
2024,Wyoming,53,753.5706460469089,2017-2024,Other (53)
2008,Allegany,205,25.161064565055042,2008-2015,Other (205)
2008,Cattaraugus,205,6.535910803145715,2008-2015,Other (205)
2008,Cayuga,205,91.58304846239061,2008-2015,Other (205)
2008,Clinton,205,40.78853355103128,2008-2015,Other (205)
2008,Erie,205,43.92585241099794,2008-2015,Other (205)
2008,Genesee,205,40.55011241002036,2008-2015,Other (205)
2008,Herkimer,205,5.479485794295123,2008-2015,Other (205)
2008,Jefferson,205,45.19704594936495,2008-2015,Other (205)
2008,Livingston,205,33.10659377782606,2008-2015,Other (205)
2008,Madison,205,18.630252612509782,2008-2015,Other (205)
2008,Montgomery,205,4.274522595429799,2008-2015,Other (205)
2008,Niagara,205,30.886454210482672,2008-2015,Other (205)
2008,Onondaga,205,55.94631471333835,2008-2015,Other (205)
2008,Ontario,205,47.8167477563617,2008-2015,Other (205)
2008,Orleans,205,39.161172758868524,2008-2015,Other (205)
2008,Schoharie,205,3.6769954370641806,2008-2015,Other (205)
2008,Schuyler,205,18.106831509107064,2008-2015,Other (205)
2008,Tompkins,205,94.83273248568368,2008-2015,Other (205)
2009,Allegany,205,17.190793798011732,2008-2015,Other (205)
2009,Cattaraugus,205,58.73491415656417,2008-2015,Other (205)
2009,Cayuga,205,26.208850476529136,2008-2015,Other (205)
2009,Columbia,205,2.8095334077572374,2008-2015,Other (205)
2009,Cortland,205,27.24464561403816,2008-2015,Other (205)
2009,Delaware,205,6.48043139596948,2008-2015,Other (205)
2009,Erie,205,25.86099095537711,2008-2015,Other (205)
2009,Genesee,205,6.965615067882368,2008-2015,Other (205)
2009,Jefferson,205,58.14090784774625,2008-2015,Other (205)
2009,Madison,205,26.36418025862792,2008-2015,Other (205)
2009,Niagara,205,45.22558463515261,2008-2015,Other (205)
2009,Onondaga,205,29.311457640362498,2008-2015,Other (205)
2009,Ontario,205,104.31991005034178,2008-2015,Other (205)
2009,Orleans,205,4.709617568481692,2008-2015,Other (205)
2009,Schoharie,205,3.919683324902718,2008-2015,Other (205)
2009,Schuyler,205,91.77566221056865,2008-2015,Other (205)
2009,Seneca,205,97.2335147745602,2008-2015,Other (205)
2009,Steuben,205,81.8214397513772,2008-2015,Other (205)
2009,Tioga,205,20.218524056917015,2008-2015,Other (205)
2009,Tompkins,205,70.16373964059802,2008-2015,Other (205)
2009,Wayne,205,56.06688624929342,2008-2015,Other (205)
2009,Wyoming,205,46.748199541549354,2008-2015,Other (205)
2009,Yates,205,5.354998291944036,2008-2015,Other (205)
2010,Cattaraugus,205,42.08446568920098,2008-2015,Other (205)
2010,Cayuga,205,76.01714516419912,2008-2015,Other (205)
2010,Chenango,205,10.033856046454535,2008-2015,Other (205)
2010,Columbia,205,4.150262844884392,2008-2015,Other (205)
2010,Cortland,205,12.395861016391569,2008-2015,Other (205)
2010,Delaware,205,60.158423971526446,2008-2015,Other (205)
2010,Genesee,205,25.166194405393654,2008-2015,Other (205)
2010,Herkimer,205,3.3786609917438617,2008-2015,Other (205)
2010,Jefferson,205,251.88055139846466,2008-2015,Other (205)
2010,Livingston,205,91.80134282286592,2008-2015,Other (205)
2010,Niagara,205,73.57960873301289,2008-2015,Other (205)
2010,Onondaga,205,21.68213145630098,2008-2015,Other (205)
2010,Ontario,205,157.27954513867877,2008-2015,Other (205)
2010,Orleans,205,11.584449641545708,2008-2015,Other (205)
2010,Schoharie,205,7.116920416529665,2008-2015,Other (205)
2010,Schuyler,205,42.89404263672749,2008-2015,Other (205)
2010,Seneca,205,188.3627136183743,2008-2015,Other (205)
2010,Steuben,205,7.918524124194654,2008-2015,Other (205)
2010,Tompkins,205,86.10588978400398,2008-2015,Other (205)
2010,Wyoming,205,23.74953315496943,2008-2015,Other (205)
2011,Cayuga,205,39.13144666210949,2008-2015,Other (205)
2011,Cortland,205,9.82047399102808,2008-2015,Other (205)
2011,Delaware,205,3.18945476728007,2008-2015,Other (205)
2011,Erie,205,50.907923366790705,2008-2015,Other (205)
2011,Genesee,205,6.017066952115478,2008-2015,Other (205)
2011,Livingston,205,91.8031672735916,2008-2015,Other (205)
2011,Monroe,205,72.45073990462987,2008-2015,Other (205)
2011,Niagara,205,3.0289829558496653,2008-2015,Other (205)
2011,Oneida,205,5.5715346357154445,2008-2015,Other (205)
2011,Onondaga,205,7.3695390200282205,2008-2015,Other (205)
2011,Ontario,205,352.12363278210387,2008-2015,Other (205)
2011,Orleans,205,5.299625146863556,2008-2015,Other (205)
2011,Otsego,205,9.582440023752124,2008-2015,Other (205)
2011,Rensselaer,205,18.21449698836666,2008-2015,Other (205)
2011,Seneca,205,74.21624423333627,2008-2015,Other (205)
2011,Tompkins,205,37.198806636444544,2008-2015,Other (205)
2011,Wayne,205,33.33457909491462,2008-2015,Other (205)
2011,Yates,205,10.3889374213417,2008-2015,Other (205)
2012,Allegany,205,9.269381367762989,2008-2015,Other (205)
2012,Cattaraugus,205,174.8649387186655,2008-2015,Other (205)
2012,Cayuga,205,47.42299553416777,2008-2015,Other (205)
2012,Columbia,205,5.60867034088319,2008-2015,Other (205)
2012,Cortland,205,12.149881881683495,2008-2015,Other (205)
2012,Erie,205,13.516878651384571,2008-2015,Other (205)
2012,Fulton,205,4.595325040472031,2008-2015,Other (205)
2012,Genesee,205,162.63758778276062,2008-2015,Other (205)
2012,Livingston,205,86.75335682354775,2008-2015,Other (205)
2012,Montgomery,205,102.12360493000881,2008-2015,Other (205)
2012,Niagara,205,9.417546123592745,2008-2015,Other (205)
2012,Onondaga,205,21.69223681654363,2008-2015,Other (205)
2012,Ontario,205,130.078622135912,2008-2015,Other (205)
2012,Rensselaer,205,127.43321981002241,2008-2015,Other (205)
2012,Saratoga,205,6.883113360209995,2008-2015,Other (205)
2012,Schenectady,205,54.000888018356584,2008-2015,Other (205)
2012,Seneca,205,31.35464203495296,2008-2015,Other (205)
2012,Tioga,205,3.3438668198457253,2008-2015,Other (205)
2012,Tompkins,205,166.63954380200664,2008-2015,Other (205)
2012,Washington,205,13.43313809002595,2008-2015,Other (205)
2012,Wayne,205,49.06679550338495,2008-2015,Other (205)
2012,Wyoming,205,154.44581654654323,2008-2015,Other (205)
2012,Yates,205,71.56259673055733,2008-2015,Other (205)
2013,Allegany,205,14.489628479288957,2008-2015,Other (205)
2013,Cayuga,205,29.058214737620077,2008-2015,Other (205)
2013,Cortland,205,4.840573937319183,2008-2015,Other (205)
2013,Erie,205,104.7744854637366,2008-2015,Other (205)
2013,Franklin,205,3.972971279264911,2008-2015,Other (205)
2013,Jefferson,205,33.938431475308334,2008-2015,Other (205)
2013,Livingston,205,209.89295071542702,2008-2015,Other (205)
2013,Madison,205,8.49796373922433,2008-2015,Other (205)
2013,Montgomery,205,20.588516650052657,2008-2015,Other (205)
2013,Niagara,205,56.96119471955491,2008-2015,Other (205)
2013,Ontario,205,36.741649039029376,2008-2015,Other (205)
2013,Orleans,205,3.825061345583816,2008-2015,Other (205)
2013,Rensselaer,205,65.08544565856562,2008-2015,Other (205)
2013,Saratoga,205,46.42057371700515,2008-2015,Other (205)
2013,Schuyler,205,163.99529351627223,2008-2015,Other (205)
2013,Seneca,205,40.617828542293196,2008-2015,Other (205)
2013,Steuben,205,25.792094039430978,2008-2015,Other (205)
2013,Tompkins,205,249.58137193892594,2008-2015,Other (205)
2013,Washington,205,46.854817311018934,2008-2015,Other (205)
2013,Wayne,205,57.18667904805477,2008-2015,Other (205)
2013,Wyoming,205,24.366819608904073,2008-2015,Other (205)
2013,Yates,205,35.929045703284636,2008-2015,Other (205)
2014,Cayuga,205,47.96962366442772,2008-2015,Other (205)
2014,Chautauqua,205,50.83878708905932,2008-2015,Other (205)
2014,Columbia,205,100.43215808404686,2008-2015,Other (205)
2014,Cortland,205,21.116593731762045,2008-2015,Other (205)
2014,Erie,205,80.10002317260576,2008-2015,Other (205)
2014,Genesee,205,24.267099055838393,2008-2015,Other (205)
2014,Herkimer,205,15.213908378448934,2008-2015,Other (205)
2014,Jefferson,205,307.9655825201353,2008-2015,Other (205)
2014,Livingston,205,30.586283711060922,2008-2015,Other (205)
2014,Madison,205,45.7728416245195,2008-2015,Other (205)
2014,Montgomery,205,32.32030620305901,2008-2015,Other (205)
2014,Onondaga,205,11.496816223091468,2008-2015,Other (205)
2014,Ontario,205,652.4504818461168,2008-2015,Other (205)
2014,Otsego,205,4.210457124693695,2008-2015,Other (205)
2014,Rensselaer,205,176.5284815723696,2008-2015,Other (205)
2014,Saratoga,205,37.563174588566184,2008-2015,Other (205)
2014,Schoharie,205,13.205104395632974,2008-2015,Other (205)
2014,Schuyler,205,201.71162345910594,2008-2015,Other (205)
2014,Seneca,205,163.6852712130306,2008-2015,Other (205)
2014,Steuben,205,91.36365796126621,2008-2015,Other (205)
2014,Tompkins,205,194.50419312480298,2008-2015,Other (205)
2014,Washington,205,12.142765828599883,2008-2015,Other (205)
2014,Wayne,205,339.73372524987354,2008-2015,Other (205)
2014,Wyoming,205,58.34095188367672,2008-2015,Other (205)
2014,Yates,205,37.33818663551292,2008-2015,Other (205)
2015,Cattaraugus,205,103.55071476322567,2008-2015,Other (205)
2015,Cayuga,205,130.72255573075114,2008-2015,Other (205)
2015,Chautauqua,205,8.678945129469788,2008-2015,Other (205)
2015,Columbia,205,52.855938431118034,2008-2015,Other (205)
2015,Cortland,205,2.7475271785032422,2008-2015,Other (205)
2015,Delaware,205,9.791554110011674,2008-2015,Other (205)
2015,Erie,205,4.752524942255612,2008-2015,Other (205)
2015,Fulton,205,26.58752404544276,2008-2015,Other (205)
2015,Genesee,205,32.75282463102959,2008-2015,Other (205)
2015,Jefferson,205,313.9567411253608,2008-2015,Other (205)
2015,Livingston,205,287.88228547309853,2008-2015,Other (205)
2015,Madison,205,10.657062159696865,2008-2015,Other (205)
2015,Monroe,205,10.393899521580343,2008-2015,Other (205)
2015,Niagara,205,28.4898538435532,2008-2015,Other (205)
2015,Onondaga,205,15.720161532576295,2008-2015,Other (205)
2015,Ontario,205,394.87128041234195,2008-2015,Other (205)
2015,Oswego,205,3.129098999756583,2008-2015,Other (205)
2015,Otsego,205,41.56077356083495,2008-2015,Other (205)
2015,Rensselaer,205,92.95067409313131,2008-2015,Other (205)
2015,Schuyler,205,32.91449719668926,2008-2015,Other (205)
2015,Seneca,205,101.4656171925153,2008-2015,Other (205)
2015,St. Lawrence,205,14.799057610949156,2008-2015,Other (205)
2015,Steuben,205,13.22790237325732,2008-2015,Other (205)
2015,Tioga,205,3.076053012506175,2008-2015,Other (205)
2015,Tompkins,205,123.08029074961544,2008-2015,Other (205)
2015,Washington,205,65.53477136743872,2008-2015,Other (205)
2015,Wayne,205,43.99301512834945,2008-2015,Other (205)
2015,Wyoming,205,8.482467115077721,2008-2015,Other (205)
2015,Yates,205,9.711148498764551,2008-2015,Other (205)
2016,Allegany,205,50.85945026222514,2016-Bridge,Other (205)
2016,Cattaraugus,205,8.511599785618397,2016-Bridge,Other (205)
2016,Cayuga,205,95.61754383393593,2016-Bridge,Other (205)
2016,Chautauqua,205,20.112992252937875,2016-Bridge,Other (205)
2016,Chemung,205,4.0132621422353925,2016-Bridge,Other (205)
2016,Chenango,205,5.748484473503664,2016-Bridge,Other (205)
2016,Clinton,205,2.961630719300526,2016-Bridge,Other (205)
2016,Erie,205,89.04611040690455,2016-Bridge,Other (205)
2016,Genesee,205,74.2618692587522,2016-Bridge,Other (205)
2016,Jefferson,205,162.59289524818232,2016-Bridge,Other (205)
2016,Lewis,205,18.03476846022742,2016-Bridge,Other (205)
2016,Livingston,205,132.51093986177233,2016-Bridge,Other (205)
2016,Madison,205,31.089659993322726,2016-Bridge,Other (205)
2016,Montgomery,205,28.992587541831856,2016-Bridge,Other (205)
2016,Niagara,205,49.456243418288295,2016-Bridge,Other (205)
2016,Oneida,205,43.43965926674288,2016-Bridge,Other (205)
2016,Onondaga,205,11.564213324124413,2016-Bridge,Other (205)
2016,Ontario,205,364.2308331567352,2016-Bridge,Other (205)
2016,Orange,205,28.613374337709402,2016-Bridge,Other (205)
2016,Orleans,205,4.797080938332279,2016-Bridge,Other (205)
2016,Rensselaer,205,280.5632281626471,2016-Bridge,Other (205)
2016,Schuyler,205,19.87406907585431,2016-Bridge,Other (205)
2016,Seneca,205,426.6942761612465,2016-Bridge,Other (205)
2016,Steuben,205,86.3403966164806,2016-Bridge,Other (205)
2016,Tioga,205,10.410189765436812,2016-Bridge,Other (205)
2016,Tompkins,205,340.9232726404867,2016-Bridge,Other (205)
2016,Washington,205,209.818577455981,2016-Bridge,Other (205)
2016,Wayne,205,103.32358237896312,2016-Bridge,Other (205)
2016,Wyoming,205,155.43107570853365,2016-Bridge,Other (205)
2016,Yates,205,100.11709257564608,2016-Bridge,Other (205)
2017,Cattaraugus,205,346.8156087469119,2017-2024,Other (205)
2017,Cayuga,205,256.2299102170557,2017-2024,Other (205)
2017,Chautauqua,205,148.87134307645886,2017-2024,Other (205)
2017,Chemung,205,10.418435950687911,2017-2024,Other (205)
2017,Cortland,205,94.48077536636026,2017-2024,Other (205)
2017,Erie,205,604.7701170943784,2017-2024,Other (205)
2017,Genesee,205,72.68490699603673,2017-2024,Other (205)
2017,Jefferson,205,312.8775436681385,2017-2024,Other (205)
2017,Livingston,205,253.3486962078299,2017-2024,Other (205)
2017,Madison,205,18.11324172310037,2017-2024,Other (205)
2017,Monroe,205,179.72876460575708,2017-2024,Other (205)
2017,Montgomery,205,6.61530509455536,2017-2024,Other (205)
2017,Niagara,205,38.25713393399025,2017-2024,Other (205)
2017,Oneida,205,76.3438352283772,2017-2024,Other (205)
2017,Onondaga,205,60.81331606750215,2017-2024,Other (205)
2017,Ontario,205,373.63976691216794,2017-2024,Other (205)
2017,Orleans,205,137.57051054823523,2017-2024,Other (205)
2017,Oswego,205,2.69584333789115,2017-2024,Other (205)
2017,Rensselaer,205,2.93887456221612,2017-2024,Other (205)
2017,Saratoga,205,6.32013832167297,2017-2024,Other (205)
2017,Schuyler,205,124.41871543856735,2017-2024,Other (205)
2017,Seneca,205,492.9017122958441,2017-2024,Other (205)
2017,Steuben,205,421.4680852332582,2017-2024,Other (205)
2017,Tioga,205,14.9273744306156,2017-2024,Other (205)
2017,Tompkins,205,161.4601684669888,2017-2024,Other (205)
2017,Washington,205,45.8139630355056,2017-2024,Other (205)
2017,Wayne,205,442.1233109333632,2017-2024,Other (205)
2017,Wyoming,205,30.0710812673516,2017-2024,Other (205)
2017,Yates,205,112.56005318077013,2017-2024,Other (205)
2018,Allegany,205,6.68316207499091,2017-2024,Other (205)
2018,Cattaraugus,205,48.025851205918656,2017-2024,Other (205)
2018,Cayuga,205,86.79459789158659,2017-2024,Other (205)
2018,Columbia,205,3.70512540261398,2017-2024,Other (205)
2018,Cortland,205,112.30511943275187,2017-2024,Other (205)
2018,Erie,205,393.19677234869323,2017-2024,Other (205)
2018,Genesee,205,245.6881363140281,2017-2024,Other (205)
2018,Jefferson,205,304.40911302375713,2017-2024,Other (205)
2018,Livingston,205,130.06643745402732,2017-2024,Other (205)
2018,Madison,205,23.12438162882526,2017-2024,Other (205)
2018,Monroe,205,16.6146878165236,2017-2024,Other (205)
2018,Niagara,205,69.69696061848433,2017-2024,Other (205)
2018,Oneida,205,29.87461319197949,2017-2024,Other (205)
2018,Onondaga,205,27.89325171895515,2017-2024,Other (205)
2018,Ontario,205,106.07990446845777,2017-2024,Other (205)
2018,Orleans,205,63.3296376483147,2017-2024,Other (205)
2018,Rensselaer,205,42.19733842551665,2017-2024,Other (205)
2018,Schuyler,205,11.0215729874649,2017-2024,Other (205)
2018,Seneca,205,512.4450914370483,2017-2024,Other (205)
2018,Tompkins,205,81.6045096177771,2017-2024,Other (205)
2018,Ulster,205,19.719974038814748,2017-2024,Other (205)
2018,Warren,205,34.1200722147967,2017-2024,Other (205)
2018,Washington,205,135.3903174481936,2017-2024,Other (205)
2018,Wayne,205,27.12369514765597,2017-2024,Other (205)
2018,Wyoming,205,39.834744502355704,2017-2024,Other (205)
2018,Yates,205,18.512684688133362,2017-2024,Other (205)
2019,Allegany,205,12.1868578047653,2017-2024,Other (205)
2019,Cattaraugus,205,102.0869016536693,2017-2024,Other (205)
2019,Cayuga,205,138.57320837134696,2017-2024,Other (205)
2019,Chautauqua,205,19.2864474514313,2017-2024,Other (205)
2019,Chemung,205,5.62388131202372,2017-2024,Other (205)
2019,Columbia,205,6.31707478186624,2017-2024,Other (205)
2019,Cortland,205,26.45271651791121,2017-2024,Other (205)
2019,Erie,205,102.91873813588408,2017-2024,Other (205)
2019,Franklin,205,10.7662990590808,2017-2024,Other (205)
2019,Genesee,205,501.74796071959355,2017-2024,Other (205)
2019,Jefferson,205,200.1638440250511,2017-2024,Other (205)
2019,Livingston,205,191.32801439772365,2017-2024,Other (205)
2019,Madison,205,155.95120974164678,2017-2024,Other (205)
2019,Monroe,205,341.1232427500493,2017-2024,Other (205)
2019,Montgomery,205,40.14379812734373,2017-2024,Other (205)
2019,Onondaga,205,95.58870210969232,2017-2024,Other (205)
2019,Ontario,205,387.9657002372368,2017-2024,Other (205)
2019,Orange,205,70.85201508891879,2017-2024,Other (205)
2019,Orleans,205,58.97922618160342,2017-2024,Other (205)
2019,Oswego,205,4.06472369788638,2017-2024,Other (205)
2019,Rensselaer,205,84.6283092833962,2017-2024,Other (205)
2019,Schuyler,205,161.11401792647587,2017-2024,Other (205)
2019,Seneca,205,144.38432618183444,2017-2024,Other (205)
2019,Steuben,205,78.8032352290014,2017-2024,Other (205)
2019,Sullivan,205,3.36358247702235,2017-2024,Other (205)
2019,Tompkins,205,213.70916028158464,2017-2024,Other (205)
2019,Ulster,205,104.6902455527344,2017-2024,Other (205)
2019,Warren,205,22.3653026004795,2017-2024,Other (205)
2019,Washington,205,127.9355187573379,2017-2024,Other (205)
2019,Wayne,205,399.31547906042414,2017-2024,Other (205)
2019,Wyoming,205,194.57356211434185,2017-2024,Other (205)
2019,Yates,205,76.4979689892991,2017-2024,Other (205)
2020,Broome,205,44.90256435761241,2017-2024,Other (205)
2020,Cattaraugus,205,14.3267931138252,2017-2024,Other (205)
2020,Cayuga,205,185.21386415433037,2017-2024,Other (205)
2020,Chemung,205,49.20942211999052,2017-2024,Other (205)
2020,Cortland,205,68.01765980010342,2017-2024,Other (205)
2020,Erie,205,445.9610071753038,2017-2024,Other (205)
2020,Franklin,205,130.0596415146712,2017-2024,Other (205)
2020,Fulton,205,12.0731199363264,2017-2024,Other (205)
2020,Genesee,205,326.8542093868703,2017-2024,Other (205)
2020,Jefferson,205,190.40869794310194,2017-2024,Other (205)
2020,Livingston,205,279.5010741460949,2017-2024,Other (205)
2020,Madison,205,12.1098450083774,2017-2024,Other (205)
2020,Monroe,205,47.58580542195042,2017-2024,Other (205)
2020,Niagara,205,174.51699383093208,2017-2024,Other (205)
2020,Onondaga,205,23.60242231812114,2017-2024,Other (205)
2020,Ontario,205,424.585588138811,2017-2024,Other (205)
2020,Orange,205,55.92586357328728,2017-2024,Other (205)
2020,Orleans,205,43.66394541284687,2017-2024,Other (205)
2020,Oswego,205,40.21038538539915,2017-2024,Other (205)
2020,Rensselaer,205,22.20587514868068,2017-2024,Other (205)
2020,Saratoga,205,22.1927035840058,2017-2024,Other (205)
2020,Schoharie,205,33.05673249484127,2017-2024,Other (205)
2020,Schuyler,205,83.09059641894027,2017-2024,Other (205)
2020,Seneca,205,352.5262683282661,2017-2024,Other (205)
2020,Steuben,205,123.99995642011685,2017-2024,Other (205)
2020,Tioga,205,3.64459700235058,2017-2024,Other (205)
2020,Tompkins,205,370.02870300674846,2017-2024,Other (205)
2020,Washington,205,67.86393248387154,2017-2024,Other (205)
2020,Wayne,205,27.8038409028672,2017-2024,Other (205)
2020,Wyoming,205,158.69085379764445,2017-2024,Other (205)
2020,Yates,205,179.5753740770303,2017-2024,Other (205)
2021,Cayuga,205,176.77401170768195,2017-2024,Other (205)
2021,Chemung,205,10.6277523559092,2017-2024,Other (205)
2021,Chenango,205,3.91331312889049,2017-2024,Other (205)
2021,Delaware,205,48.945447748777426,2017-2024,Other (205)
2021,Erie,205,824.9886252612728,2017-2024,Other (205)
2021,Genesee,205,715.8654816595075,2017-2024,Other (205)
2021,Herkimer,205,8.95270121539598,2017-2024,Other (205)
2021,Jefferson,205,266.9191918117585,2017-2024,Other (205)
2021,Lewis,205,15.66473794492774,2017-2024,Other (205)
2021,Livingston,205,228.24634398501868,2017-2024,Other (205)
2021,Madison,205,15.19037327994883,2017-2024,Other (205)
2021,Monroe,205,10.30667931554149,2017-2024,Other (205)
2021,Montgomery,205,11.2120453585348,2017-2024,Other (205)
2021,Niagara,205,37.26938406183838,2017-2024,Other (205)
2021,Onondaga,205,261.5265277913377,2017-2024,Other (205)
2021,Ontario,205,587.7876959558319,2017-2024,Other (205)
2021,Orleans,205,168.7731569127526,2017-2024,Other (205)
2021,Oswego,205,54.6453651241747,2017-2024,Other (205)
2021,Otsego,205,2.61750697388383,2017-2024,Other (205)
2021,Schoharie,205,28.1320555831697,2017-2024,Other (205)
2021,Schuyler,205,19.108047560018612,2017-2024,Other (205)
2021,Seneca,205,390.7999018099008,2017-2024,Other (205)
2021,Steuben,205,108.4964683501048,2017-2024,Other (205)
2021,Tioga,205,66.31727655731933,2017-2024,Other (205)
2021,Tompkins,205,228.20773791961315,2017-2024,Other (205)
2021,Warren,205,24.16638774569214,2017-2024,Other (205)
2021,Washington,205,311.4766439201454,2017-2024,Other (205)
2021,Wayne,205,132.63878932545242,2017-2024,Other (205)
2021,Wyoming,205,201.10940872262285,2017-2024,Other (205)
2021,Yates,205,96.28266562512555,2017-2024,Other (205)
2022,Cattaraugus,205,131.48856080604875,2017-2024,Other (205)
2022,Cayuga,205,122.7056143908122,2017-2024,Other (205)
2022,Chemung,205,20.20448654188133,2017-2024,Other (205)
2022,Columbia,205,4.42490969402712,2017-2024,Other (205)
2022,Cortland,205,56.68433791196999,2017-2024,Other (205)
2022,Erie,205,805.2712046172115,2017-2024,Other (205)
2022,Genesee,205,709.313488498127,2017-2024,Other (205)
2022,Jefferson,205,264.17818827500656,2017-2024,Other (205)
2022,Lewis,205,16.1674018050159,2017-2024,Other (205)
2022,Livingston,205,184.9775072179629,2017-2024,Other (205)
2022,Madison,205,9.44138622488008,2017-2024,Other (205)
2022,Monroe,205,422.77786366360414,2017-2024,Other (205)
2022,Montgomery,205,115.57644830908697,2017-2024,Other (205)
2022,Niagara,205,46.14065326075781,2017-2024,Other (205)
2022,Oneida,205,71.47605645012074,2017-2024,Other (205)
2022,Onondaga,205,139.5399742005256,2017-2024,Other (205)
2022,Ontario,205,446.87857364047517,2017-2024,Other (205)
2022,Orleans,205,35.75134504215469,2017-2024,Other (205)
2022,Otsego,205,8.20529076359795,2017-2024,Other (205)
2022,Rensselaer,205,30.2536750196304,2017-2024,Other (205)
2022,Schuyler,205,42.35673875201181,2017-2024,Other (205)
2022,Seneca,205,186.44837740315756,2017-2024,Other (205)
2022,Steuben,205,78.94868244794239,2017-2024,Other (205)
2022,Tioga,205,56.92319138128773,2017-2024,Other (205)
2022,Tompkins,205,184.3186050226772,2017-2024,Other (205)
2022,Wayne,205,36.7484048972833,2017-2024,Other (205)
2022,Wyoming,205,237.12740319279118,2017-2024,Other (205)
2022,Yates,205,44.75410975665157,2017-2024,Other (205)
2023,Allegany,205,6.22798532446788,2017-2024,Other (205)
2023,Cattaraugus,205,195.66065140593568,2017-2024,Other (205)
2023,Cayuga,205,211.2347228230887,2017-2024,Other (205)
2023,Chautauqua,205,8.25031941978316,2017-2024,Other (205)
2023,Delaware,205,70.1897713285076,2017-2024,Other (205)
2023,Erie,205,642.0946185492552,2017-2024,Other (205)
2023,Genesee,205,364.97859537522936,2017-2024,Other (205)
2023,Jefferson,205,131.60877737641516,2017-2024,Other (205)
2023,Lewis,205,5.95918652525473,2017-2024,Other (205)
2023,Livingston,205,391.65410754161076,2017-2024,Other (205)
2023,Madison,205,98.04560317121789,2017-2024,Other (205)
2023,Monroe,205,418.12067122254734,2017-2024,Other (205)
2023,Montgomery,205,12.4698178652096,2017-2024,Other (205)
2023,Niagara,205,36.599641849950004,2017-2024,Other (205)
2023,Oneida,205,23.449275396438118,2017-2024,Other (205)
2023,Onondaga,205,235.06794443771918,2017-2024,Other (205)
2023,Ontario,205,932.8518172521322,2017-2024,Other (205)
2023,Schenectady,205,4.35824395854422,2017-2024,Other (205)
2023,Schoharie,205,9.76076480559109,2017-2024,Other (205)
2023,Schuyler,205,135.16391888521505,2017-2024,Other (205)
2023,Seneca,205,231.69608371041943,2017-2024,Other (205)
2023,St. Lawrence,205,6.1807405681766205,2017-2024,Other (205)
2023,Steuben,205,141.60865266448397,2017-2024,Other (205)
2023,Tioga,205,34.34929133414335,2017-2024,Other (205)
2023,Tompkins,205,75.40427434716875,2017-2024,Other (205)
2023,Washington,205,156.02146542007756,2017-2024,Other (205)
2023,Wayne,205,35.42314551283052,2017-2024,Other (205)
2023,Wyoming,205,227.5658931204802,2017-2024,Other (205)
2023,Yates,205,20.32404708440292,2017-2024,Other (205)
2024,Broome,205,6.04237665394574,2017-2024,Other (205)
2024,Cattaraugus,205,51.83738677636236,2017-2024,Other (205)
2024,Cayuga,205,62.17969963272019,2017-2024,Other (205)
2024,Chautauqua,205,77.96319316965479,2017-2024,Other (205)
2024,Chenango,205,16.2261018716495,2017-2024,Other (205)
2024,Cortland,205,23.322675953550338,2017-2024,Other (205)
2024,Erie,205,471.8770050624164,2017-2024,Other (205)
2024,Genesee,205,118.5913937854634,2017-2024,Other (205)
2024,Herkimer,205,23.14085739112013,2017-2024,Other (205)
2024,Jefferson,205,46.623929481552,2017-2024,Other (205)
2024,Livingston,205,147.85760833594628,2017-2024,Other (205)
2024,Madison,205,45.7063843617754,2017-2024,Other (205)
2024,Monroe,205,131.8549636245273,2017-2024,Other (205)
2024,Montgomery,205,9.44011805122473,2017-2024,Other (205)
2024,Niagara,205,225.8792873983501,2017-2024,Other (205)
2024,Oneida,205,88.26610671931299,2017-2024,Other (205)
2024,Onondaga,205,119.67872808568218,2017-2024,Other (205)
2024,Ontario,205,220.187622874453,2017-2024,Other (205)
2024,Orleans,205,197.73681623784358,2017-2024,Other (205)
2024,Otsego,205,3.25299276584589,2017-2024,Other (205)
2024,Rensselaer,205,14.63142094227679,2017-2024,Other (205)
2024,Saratoga,205,23.9129611343135,2017-2024,Other (205)
2024,Schenectady,205,50.59371431892381,2017-2024,Other (205)
2024,Seneca,205,192.8199385262774,2017-2024,Other (205)
2024,Steuben,205,326.1741313532482,2017-2024,Other (205)
2024,Tioga,205,3.59753953480757,2017-2024,Other (205)
2024,Tompkins,205,151.86341326927322,2017-2024,Other (205)
2024,Washington,205,216.3445455089627,2017-2024,Other (205)
2024,Wayne,205,282.78830136721245,2017-2024,Other (205)
2024,Wyoming,205,40.81310698493698,2017-2024,Other (205)
2024,Yates,205,91.12588345470849,2017-2024,Other (205)
2008,Cattaraugus,25,5.135137964089166,2008-2015,Other (25)
2008,Cortland,25,9.964741263551568,2008-2015,Other (25)
2008,Genesee,25,14.953777849693438,2008-2015,Other (25)
2008,Rensselaer,25,5.4879182265611695,2008-2015,Other (25)
2008,Schuyler,25,78.44608422244511,2008-2015,Other (25)
2008,Seneca,25,71.89003493725916,2008-2015,Other (25)
2008,Tompkins,25,3.061777985758554,2008-2015,Other (25)
2012,Tompkins,25,8.204870316578505,2008-2015,Other (25)
2012,Yates,25,5.616668200254543,2008-2015,Other (25)
2015,Yates,25,21.236335712433114,2008-2015,Other (25)
2021,Yates,25,33.65154823517758,2017-2024,Other (25)
2024,Schuyler,25,10.748225631650701,2017-2024,Other (25)
2024,Steuben,25,538.3546476130921,2017-2024,Other (25)
2024,Yates,25,61.52033220851829,2017-2024,Other (25)
2008,Cattaraugus,69,777.2461354525923,2008-2015,Other (69)
2008,Cayuga,69,12.354055543708435,2008-2015,Other (69)
2008,Chautauqua,69,22288.231153796263,2008-2015,Other (69)
2008,Columbia,69,7.300073070798829,2008-2015,Other (69)
2008,Erie,69,2810.8517696486006,2008-2015,Other (69)
2008,Niagara,69,204.39518164579997,2008-2015,Other (69)
2008,Schuyler,69,86.00763469375227,2008-2015,Other (69)
2008,Seneca,69,265.9605641910523,2008-2015,Other (69)
2008,Steuben,69,130.20430563765242,2008-2015,Other (69)
2008,Wayne,69,6.027185761019894,2008-2015,Other (69)
2008,Yates,69,419.93595931746415,2008-2015,Other (69)
2009,Cattaraugus,69,550.6507659056086,2008-2015,Other (69)
2009,Cayuga,69,7.509275745538282,2008-2015,Other (69)
2009,Chautauqua,69,19770.857215302116,2008-2015,Other (69)
2009,Chemung,69,7.5632139073481115,2008-2015,Other (69)
2009,Columbia,69,11.356044351516083,2008-2015,Other (69)
2009,Erie,69,2310.6552547070137,2008-2015,Other (69)
2009,Genesee,69,33.08637038699646,2008-2015,Other (69)
2009,Niagara,69,19.948579234343715,2008-2015,Other (69)
2009,Onondaga,69,12.660815632153264,2008-2015,Other (69)
2009,Ontario,69,9.981843623374079,2008-2015,Other (69)
2009,Orleans,69,20.481789289472367,2008-2015,Other (69)
2009,Schuyler,69,16.475182971566937,2008-2015,Other (69)
2009,Seneca,69,158.6138366511364,2008-2015,Other (69)
2009,Steuben,69,68.10364107939112,2008-2015,Other (69)
2009,Suffolk,69,465.1991132064759,2008-2015,Other (69)
2009,Yates,69,543.2202775033774,2008-2015,Other (69)
2010,Cattaraugus,69,437.1433746446774,2008-2015,Other (69)
2010,Chautauqua,69,23314.30272931293,2008-2015,Other (69)
2010,Erie,69,1643.3162182838212,2008-2015,Other (69)
2010,Genesee,69,5.43172747144815,2008-2015,Other (69)
2010,Niagara,69,107.50523500468158,2008-2015,Other (69)
2010,Onondaga,69,7.324930998224834,2008-2015,Other (69)
2010,Ontario,69,260.0289783327888,2008-2015,Other (69)
2010,Orleans,69,2.516017740801169,2008-2015,Other (69)
2010,Schuyler,69,12.014211566469605,2008-2015,Other (69)
2010,Seneca,69,67.16103913227758,2008-2015,Other (69)
2010,Steuben,69,121.71474168797245,2008-2015,Other (69)
2010,Suffolk,69,246.9501697790649,2008-2015,Other (69)
2010,Wayne,69,10.991746430091244,2008-2015,Other (69)
2010,Yates,69,995.5768407002623,2008-2015,Other (69)
2011,Cattaraugus,69,579.5332874824854,2008-2015,Other (69)
2011,Cayuga,69,3.4331832326630902,2008-2015,Other (69)
2011,Chautauqua,69,27470.75228253408,2008-2015,Other (69)
2011,Columbia,69,3.3901497313804025,2008-2015,Other (69)
2011,Erie,69,2366.619106247562,2008-2015,Other (69)
2011,Madison,69,6.460105486110587,2008-2015,Other (69)
2011,Niagara,69,200.30551507243945,2008-2015,Other (69)
2011,Ontario,69,81.83441037638696,2008-2015,Other (69)
2011,Schuyler,69,19.832563155719573,2008-2015,Other (69)
2011,Seneca,69,157.6794196243089,2008-2015,Other (69)
2011,Steuben,69,289.6860456332737,2008-2015,Other (69)
2011,Suffolk,69,498.81316499534006,2008-2015,Other (69)
2011,Tompkins,69,3.8929944320453584,2008-2015,Other (69)
2011,Ulster,69,9.144160325726283,2008-2015,Other (69)
2011,Yates,69,915.7297097879277,2008-2015,Other (69)
2012,Cattaraugus,69,451.6419214027912,2008-2015,Other (69)
2012,Cayuga,69,4.323949273043766,2008-2015,Other (69)
2012,Chautauqua,69,21349.537941271916,2008-2015,Other (69)
2012,Columbia,69,11.356044351516083,2008-2015,Other (69)
2012,Erie,69,1838.0260311707625,2008-2015,Other (69)
2012,Niagara,69,206.30529190404698,2008-2015,Other (69)
2012,Onondaga,69,4.1809214471648115,2008-2015,Other (69)
2012,Ontario,69,8.01571167937546,2008-2015,Other (69)
2012,Schuyler,69,7.994852793793141,2008-2015,Other (69)
2012,Seneca,69,57.67355596973063,2008-2015,Other (69)
2012,Steuben,69,116.7172415757901,2008-2015,Other (69)
2012,Suffolk,69,786.4440635526394,2008-2015,Other (69)
2012,Tompkins,69,5.926592359118285,2008-2015,Other (69)
2012,Westchester,69,5.2834901619367685,2008-2015,Other (69)
2012,Yates,69,510.800747424598,2008-2015,Other (69)
2013,Cattaraugus,69,472.6116179045983,2008-2015,Other (69)
2013,Cayuga,69,4.323949273043766,2008-2015,Other (69)
2013,Chautauqua,69,19642.203129662703,2008-2015,Other (69)
2013,Erie,69,1513.376920917236,2008-2015,Other (69)
2013,Niagara,69,67.03900606482459,2008-2015,Other (69)
2013,Onondaga,69,6.99059279126628,2008-2015,Other (69)
2013,Ontario,69,10.242232325135884,2008-2015,Other (69)
2013,Schuyler,69,54.14007418816352,2008-2015,Other (69)
2013,Seneca,69,213.0047891859465,2008-2015,Other (69)
2013,Steuben,69,104.64734553025968,2008-2015,Other (69)
2013,Ulster,69,6.662284955355993,2008-2015,Other (69)
2013,Yates,69,681.2143599899983,2008-2015,Other (69)
2014,Cattaraugus,69,536.2322006070469,2008-2015,Other (69)
2014,Chautauqua,69,21481.62769782812,2008-2015,Other (69)
2014,Erie,69,1638.045863089415,2008-2015,Other (69)
2014,Niagara,69,63.703769003311386,2008-2015,Other (69)
2014,Ontario,69,49.51631888365278,2008-2015,Other (69)
2014,Schuyler,69,37.91811334945844,2008-2015,Other (69)
2014,Seneca,69,124.34160694473017,2008-2015,Other (69)
2014,Steuben,69,183.9068713633077,2008-2015,Other (69)
2014,Ulster,69,6.662284955355993,2008-2015,Other (69)
2014,Yates,69,921.8231347935177,2008-2015,Other (69)
2015,Cattaraugus,69,524.0303950549056,2008-2015,Other (69)
2015,Chautauqua,69,23637.424578407503,2008-2015,Other (69)
2015,Erie,69,1652.5077173381544,2008-2015,Other (69)
2015,Niagara,69,115.86804454057224,2008-2015,Other (69)
2015,Onondaga,69,6.457342131277892,2008-2015,Other (69)
2015,Ontario,69,61.9037748446486,2008-2015,Other (69)
2015,Schoharie,69,2.7458778874983043,2008-2015,Other (69)
2015,Schuyler,69,46.32048866457106,2008-2015,Other (69)
2015,Seneca,69,209.8108536195854,2008-2015,Other (69)
2015,Steuben,69,392.15776895986846,2008-2015,Other (69)
2015,Ulster,69,26.122815795855978,2008-2015,Other (69)
2015,Yates,69,1847.1733682481877,2008-2015,Other (69)
2016,Cattaraugus,69,575.8018415850338,2016-Bridge,Other (69)
2016,Cayuga,69,7.139961206577485,2016-Bridge,Other (69)
2016,Chautauqua,69,23700.370434735272,2016-Bridge,Other (69)
2016,Erie,69,1648.1569640146383,2016-Bridge,Other (69)
2016,Niagara,69,82.46091599939953,2016-Bridge,Other (69)
2016,Onondaga,69,38.50409079818065,2016-Bridge,Other (69)
2016,Ontario,69,65.53929925998285,2016-Bridge,Other (69)
2016,Orleans,69,20.589130716273814,2016-Bridge,Other (69)
2016,Schuyler,69,158.02604422899043,2016-Bridge,Other (69)
2016,Seneca,69,311.3770040773632,2016-Bridge,Other (69)
2016,Steuben,69,479.03825395503054,2016-Bridge,Other (69)
2016,Tompkins,69,31.510070649838855,2016-Bridge,Other (69)
2016,Wayne,69,9.57950901679898,2016-Bridge,Other (69)
2016,Yates,69,1960.3869476802336,2016-Bridge,Other (69)
2017,Cattaraugus,69,517.8745129245766,2017-2024,Other (69)
2017,Cayuga,69,14.50131344695886,2017-2024,Other (69)
2017,Chautauqua,69,25531.066537469673,2017-2024,Other (69)
2017,Erie,69,1718.0461716288924,2017-2024,Other (69)
2017,Essex,69,5.23803114038779,2017-2024,Other (69)
2017,Niagara,69,117.13531674194698,2017-2024,Other (69)
2017,Onondaga,69,47.31863722495409,2017-2024,Other (69)
2017,Ontario,69,232.72797983146663,2017-2024,Other (69)
2017,Schuyler,69,238.7081066564061,2017-2024,Other (69)
2017,Seneca,69,420.18029057711425,2017-2024,Other (69)
2017,Steuben,69,630.5532865932888,2017-2024,Other (69)
2017,Suffolk,69,19.25386762851371,2017-2024,Other (69)
2017,Wayne,69,17.22300342872801,2017-2024,Other (69)
2017,Yates,69,2424.1573616554333,2017-2024,Other (69)
2018,Cattaraugus,69,517.8745129245766,2017-2024,Other (69)
2018,Chautauqua,69,25481.418201556953,2017-2024,Other (69)
2018,Erie,69,1689.0413510628193,2017-2024,Other (69)
2018,Niagara,69,117.6081485727855,2017-2024,Other (69)
2018,Onondaga,69,34.7733937316379,2017-2024,Other (69)
2018,Ontario,69,147.42335307715183,2017-2024,Other (69)
2018,Orange,69,3.82348841953566,2017-2024,Other (69)
2018,Orleans,69,27.10126822351248,2017-2024,Other (69)
2018,Schuyler,69,348.5007355094809,2017-2024,Other (69)
2018,Seneca,69,535.6741114639848,2017-2024,Other (69)
2018,Steuben,69,834.7431256781385,2017-2024,Other (69)
2018,Suffolk,69,14.154454113139991,2017-2024,Other (69)
2018,Yates,69,3488.7962729611195,2017-2024,Other (69)
2019,Cattaraugus,69,528.7787711034048,2017-2024,Other (69)
2019,Cayuga,69,9.24946805273894,2017-2024,Other (69)
2019,Chautauqua,69,25591.293326766092,2017-2024,Other (69)
2019,Erie,69,1790.5401872124776,2017-2024,Other (69)
2019,Essex,69,5.23803114038779,2017-2024,Other (69)
2019,Niagara,69,81.87038873721217,2017-2024,Other (69)
2019,Onondaga,69,27.736632208240138,2017-2024,Other (69)
2019,Ontario,69,99.66581119823624,2017-2024,Other (69)
2019,Schuyler,69,413.4324552329141,2017-2024,Other (69)
2019,Seneca,69,583.4827237205424,2017-2024,Other (69)
2019,Steuben,69,885.2803562045733,2017-2024,Other (69)
2019,Yates,69,3682.8557877220105,2017-2024,Other (69)
2020,Cattaraugus,69,506.0379382428094,2017-2024,Other (69)
2020,Cayuga,69,3.63219061553947,2017-2024,Other (69)
2020,Chautauqua,69,24937.497508303273,2017-2024,Other (69)
2020,Columbia,69,2.7832490723358,2017-2024,Other (69)
2020,Erie,69,1754.6312844830782,2017-2024,Other (69)
2020,Essex,69,5.23803114038779,2017-2024,Other (69)
2020,Niagara,69,108.16282789995077,2017-2024,Other (69)
2020,Onondaga,69,34.7733937316379,2017-2024,Other (69)
2020,Ontario,69,74.37303556907783,2017-2024,Other (69)
2020,Orange,69,3.82348841953566,2017-2024,Other (69)
2020,Schuyler,69,442.90654400877315,2017-2024,Other (69)
2020,Seneca,69,586.205583145232,2017-2024,Other (69)
2020,Steuben,69,896.5145812275777,2017-2024,Other (69)
2020,Yates,69,3797.6183337365865,2017-2024,Other (69)
2021,Cattaraugus,69,497.5643569984917,2017-2024,Other (69)
2021,Cayuga,69,3.63219061553947,2017-2024,Other (69)
2021,Chautauqua,69,24774.707720875987,2017-2024,Other (69)
2021,Columbia,69,2.7832490723358,2017-2024,Other (69)
2021,Erie,69,1772.9609189829685,2017-2024,Other (69)
2021,Niagara,69,168.8068563479597,2017-2024,Other (69)
2021,Onondaga,69,11.10677918866191,2017-2024,Other (69)
2021,Ontario,69,70.41424483518524,2017-2024,Other (69)
2021,Orange,69,3.82348841953566,2017-2024,Other (69)
2021,Schuyler,69,422.5348517601003,2017-2024,Other (69)
2021,Seneca,69,605.345509763246,2017-2024,Other (69)
2021,Steuben,69,913.963777156667,2017-2024,Other (69)
2021,Yates,69,3714.1957336029373,2017-2024,Other (69)
2022,Cattaraugus,69,541.82016076465,2017-2024,Other (69)
2022,Cayuga,69,3.63219061553947,2017-2024,Other (69)
2022,Chautauqua,69,26410.82412467299,2017-2024,Other (69)
2022,Erie,69,1850.351500265646,2017-2024,Other (69)
2022,Essex,69,5.23803114038779,2017-2024,Other (69)
2022,Livingston,69,5.71349221045633,2017-2024,Other (69)
2022,Niagara,69,223.8499193695857,2017-2024,Other (69)
2022,Onondaga,69,27.736632208240138,2017-2024,Other (69)
2022,Ontario,69,93.90275452319445,2017-2024,Other (69)
2022,Schuyler,69,432.5318044106869,2017-2024,Other (69)
2022,Seneca,69,620.0256831290488,2017-2024,Other (69)
2022,Steuben,69,902.7579773101298,2017-2024,Other (69)
2022,Yates,69,3676.012914081103,2017-2024,Other (69)
2023,Cattaraugus,69,584.388768347763,2017-2024,Other (69)
2023,Chautauqua,69,26808.867518718926,2017-2024,Other (69)
2023,Erie,69,2105.197650397539,2017-2024,Other (69)
2023,Niagara,69,232.31190182649826,2017-2024,Other (69)
2023,Onondaga,69,4.07001766526415,2017-2024,Other (69)
2023,Ontario,69,77.58011935129491,2017-2024,Other (69)
2023,Schuyler,69,391.09745185438607,2017-2024,Other (69)
2023,Seneca,69,633.6874376590006,2017-2024,Other (69)
2023,Steuben,69,869.8372419753238,2017-2024,Other (69)
2023,Yates,69,3672.770357950933,2017-2024,Other (69)
2024,Cattaraugus,69,286.03492871351233,2017-2024,Other (69)
2024,Cayuga,69,28.20267332544591,2017-2024,Other (69)
2024,Chautauqua,69,11055.186010326439,2017-2024,Other (69)
2024,Dutchess,69,178.11335841741092,2017-2024,Other (69)
2024,Erie,69,675.9188437649658,2017-2024,Other (69)
2024,Monroe,69,26.503705237187518,2017-2024,Other (69)
2024,Niagara,69,54.30338073072352,2017-2024,Other (69)
2024,Ontario,69,13.3348633623333,2017-2024,Other (69)
2024,Orange,69,94.43400576381615,2017-2024,Other (69)
2024,Oswego,69,2.85324336274046,2017-2024,Other (69)
2024,Schuyler,69,221.01855804246088,2017-2024,Other (69)
2024,Seneca,69,473.73283512744723,2017-2024,Other (69)
2024,Steuben,69,100.83516317054875,2017-2024,Other (69)
2024,Suffolk,69,243.4679803424729,2017-2024,Other (69)
2024,Ulster,69,74.45166971853962,2017-2024,Other (69)
2024,Wayne,69,168.53685194797401,2017-2024,Other (69)
2024,Yates,69,1159.517928041968,2017-2024,Other (69)
2008,Cattaraugus,71,2.970039341760614,2008-2015,Other (71)
2008,Greene,71,11.191363792377981,2008-2015,Other (71)
2008,Orleans,71,9.991596961369963,2008-2015,Other (71)
2008,Wyoming,71,9.113925194543583,2008-2015,Other (71)
2009,Clinton,71,16.36605419001686,2008-2015,Other (71)
2009,Franklin,71,18.70753490750996,2008-2015,Other (71)
2010,Ulster,71,23.607488890231878,2008-2015,Other (71)
2011,Columbia,71,5.7476624014360915,2008-2015,Other (71)
2011,Dutchess,71,3.2867662298386007,2008-2015,Other (71)
2014,Fulton,71,12.59787397949569,2008-2015,Other (71)
2014,Montgomery,71,14.69377775217378,2008-2015,Other (71)
2015,Herkimer,71,5.895092976558381,2008-2015,Other (71)
2015,Montgomery,71,51.36878145896328,2008-2015,Other (71)
2015,Oneida,71,4.002099861756462,2008-2015,Other (71)
2024,Monroe,71,2.93352942633123,2017-2024,Other (71)
2024,Ulster,71,4.29799111311386,2017-2024,Other (71)
2008,Cayuga,6,40.71735169617793,2008-2015,Other (6)
2008,Chemung,6,50.785294610284716,2008-2015,Other (6)
2008,Onondaga,6,160.2540420608168,2008-2015,Other (6)
2008,Ontario,6,145.01063874021762,2008-2015,Other (6)
2008,Seneca,6,46.35444973706557,2008-2015,Other (6)
2008,Tioga,6,2.3385805476179446,2008-2015,Other (6)
2008,Tompkins,6,72.90504368749905,2008-2015,Other (6)
2008,Wayne,6,186.76767485527517,2008-2015,Other (6)
2008,Yates,6,10.665407067854497,2008-2015,Other (6)
2009,Cayuga,6,101.06758682125509,2008-2015,Other (6)
2009,Essex,6,5.813922090594163,2008-2015,Other (6)
2009,Herkimer,6,10.761651619170728,2008-2015,Other (6)
2009,Oneida,6,110.70936838214662,2008-2015,Other (6)
2009,Onondaga,6,229.9989455375027,2008-2015,Other (6)
2009,Ontario,6,6.767173458442739,2008-2015,Other (6)
2009,Seneca,6,63.74903836256031,2008-2015,Other (6)
2009,Tompkins,6,16.672410968082556,2008-2015,Other (6)
2009,Wayne,6,234.67334120874406,2008-2015,Other (6)
2010,Cayuga,6,28.196334321686784,2008-2015,Other (6)
2010,Chenango,6,10.603797898718678,2008-2015,Other (6)
2010,Herkimer,6,3.057027199144777,2008-2015,Other (6)
2010,Jefferson,6,20.143098889367465,2008-2015,Other (6)
2010,Lewis,6,26.251158881781613,2008-2015,Other (6)
2010,Madison,6,8.634763591127552,2008-2015,Other (6)
2010,Monroe,6,15.518826236791577,2008-2015,Other (6)
2010,Oneida,6,88.31822582424371,2008-2015,Other (6)
2010,Onondaga,6,90.81971028710838,2008-2015,Other (6)
2010,Ontario,6,23.915237816161778,2008-2015,Other (6)
2010,Oswego,6,4.681028403241879,2008-2015,Other (6)
2010,Steuben,6,4.255930187556829,2008-2015,Other (6)
2010,Wayne,6,21.623716714578556,2008-2015,Other (6)
2011,Greene,6,13.53404824367344,2008-2015,Other (6)
2011,Herkimer,6,89.6613388091498,2008-2015,Other (6)
2011,Montgomery,6,33.408682159659705,2008-2015,Other (6)
2011,Onondaga,6,4.837684686124396,2008-2015,Other (6)
2011,Ontario,6,22.519229814112748,2008-2015,Other (6)
2011,Tioga,6,24.67600639728302,2008-2015,Other (6)
2011,Tompkins,6,16.522326230131576,2008-2015,Other (6)
2012,Albany,6,3.546563977303348,2008-2015,Other (6)
2012,Greene,6,6.891448220722864,2008-2015,Other (6)
2012,Herkimer,6,68.92052771532799,2008-2015,Other (6)
2012,Madison,6,4.364360907975973,2008-2015,Other (6)
2012,Oneida,6,90.57558630848914,2008-2015,Other (6)
2012,Onondaga,6,39.818214629357676,2008-2015,Other (6)
2012,Otsego,6,6.256013284392672,2008-2015,Other (6)
2012,Rensselaer,6,4.201253836311566,2008-2015,Other (6)
2012,Tompkins,6,27.46429252171179,2008-2015,Other (6)
2012,Wayne,6,45.68775667039734,2008-2015,Other (6)
2013,Cayuga,6,89.81240328694619,2008-2015,Other (6)
2013,Erie,6,44.65386896243173,2008-2015,Other (6)
2013,Herkimer,6,119.70669767488202,2008-2015,Other (6)
2013,Onondaga,6,35.20737511448485,2008-2015,Other (6)
2013,Orleans,6,13.843578088599319,2008-2015,Other (6)
2013,Seneca,6,13.818111910885854,2008-2015,Other (6)
2013,Steuben,6,30.609176541946383,2008-2015,Other (6)
2013,Tioga,6,36.93295282597873,2008-2015,Other (6)
2013,Tompkins,6,82.14966282705328,2008-2015,Other (6)
2013,Wayne,6,73.06788078100584,2008-2015,Other (6)
2014,Cayuga,6,91.67699776861795,2008-2015,Other (6)
2014,Dutchess,6,5.809921754131709,2008-2015,Other (6)
2014,Erie,6,2.90653560521141,2008-2015,Other (6)
2014,Essex,6,4.090246288140253,2008-2015,Other (6)
2014,Herkimer,6,170.43122985779834,2008-2015,Other (6)
2014,Lewis,6,7.012575742184622,2008-2015,Other (6)
2014,Monroe,6,3.9634907315424943,2008-2015,Other (6)
2014,Montgomery,6,33.408682159659705,2008-2015,Other (6)
2014,Orleans,6,89.3115639016072,2008-2015,Other (6)
2014,Tompkins,6,124.1485065718124,2008-2015,Other (6)
2014,Wayne,6,127.49493857271143,2008-2015,Other (6)
2015,Columbia,6,24.24593555804647,2008-2015,Other (6)
2015,Dutchess,6,12.232083713032893,2008-2015,Other (6)
2015,Erie,6,44.65386896243173,2008-2015,Other (6)
2015,Essex,6,7.383638405636763,2008-2015,Other (6)
2015,Herkimer,6,114.69764771516262,2008-2015,Other (6)
2015,Montgomery,6,6.509387319737261,2008-2015,Other (6)
2015,Onondaga,6,11.069302327492784,2008-2015,Other (6)
2015,Ontario,6,4.099373357004189,2008-2015,Other (6)
2015,Otsego,6,8.847376616632724,2008-2015,Other (6)
2015,Steuben,6,3.817645900142558,2008-2015,Other (6)
2015,Tompkins,6,123.31856451112063,2008-2015,Other (6)
2015,Wayne,6,168.69883810677416,2008-2015,Other (6)
2016,Columbia,6,41.607321925824344,2016-Bridge,Other (6)
2016,Delaware,6,4.9022561437902255,2016-Bridge,Other (6)
2016,Dutchess,6,15.16581563305695,2016-Bridge,Other (6)
2016,Herkimer,6,63.36821252320986,2016-Bridge,Other (6)
2016,Monroe,6,4.119849377785451,2016-Bridge,Other (6)
2016,Montgomery,6,61.0230289684541,2016-Bridge,Other (6)
2016,Onondaga,6,86.1291146333296,2016-Bridge,Other (6)
2016,Orleans,6,2.5608104912766128,2016-Bridge,Other (6)
2016,Otsego,6,35.04954819992892,2016-Bridge,Other (6)
2016,Seneca,6,29.044506923704176,2016-Bridge,Other (6)
2016,Tompkins,6,179.1770519214005,2016-Bridge,Other (6)
2016,Wayne,6,92.34045369195238,2016-Bridge,Other (6)
2017,Allegany,6,42.04986802628872,2017-2024,Other (6)
2017,Dutchess,6,63.86246684018736,2017-2024,Other (6)
2017,Essex,6,2.80048071252641,2017-2024,Other (6)
2017,Montgomery,6,16.9545177686343,2017-2024,Other (6)
2017,Orleans,6,47.13461713757289,2017-2024,Other (6)
2017,Seneca,6,22.5795904363122,2017-2024,Other (6)
2017,Steuben,6,18.3546350919524,2017-2024,Other (6)
2017,Suffolk,6,1056.8146264021423,2017-2024,Other (6)
2017,Tompkins,6,75.28903127917246,2017-2024,Other (6)
2017,Wayne,6,133.76882052293024,2017-2024,Other (6)
2017,Yates,6,18.255341430716918,2017-2024,Other (6)
2018,Allegany,6,33.7170145612393,2017-2024,Other (6)
2018,Cayuga,6,14.51293033721415,2017-2024,Other (6)
2018,Columbia,6,13.5953046702565,2017-2024,Other (6)
2018,Montgomery,6,5.60150940722029,2017-2024,Other (6)
2018,Onondaga,6,4.17923267016739,2017-2024,Other (6)
2018,Ontario,6,25.0631630061833,2017-2024,Other (6)
2018,Tompkins,6,48.698324673263755,2017-2024,Other (6)
2018,Wayne,6,56.8324120276588,2017-2024,Other (6)
2018,Yates,6,52.14484933730712,2017-2024,Other (6)
2019,Cayuga,6,75.1081044146833,2017-2024,Other (6)
2019,Dutchess,6,25.00657827199735,2017-2024,Other (6)
2019,Ontario,6,8.74652041817235,2017-2024,Other (6)
2019,Seneca,6,13.6035492442533,2017-2024,Other (6)
2019,Steuben,6,4.01422061625504,2017-2024,Other (6)
2019,Wayne,6,72.78985449599612,2017-2024,Other (6)
2020,Cayuga,6,14.398152652297831,2017-2024,Other (6)
2020,Genesee,6,37.07046999491127,2017-2024,Other (6)
2020,Otsego,6,18.6159313719107,2017-2024,Other (6)
2020,Steuben,6,14.3243846193515,2017-2024,Other (6)
2020,Wayne,6,25.8100634165656,2017-2024,Other (6)
2021,Allegany,6,20.216218383641,2017-2024,Other (6)
2021,Cayuga,6,84.65554933593182,2017-2024,Other (6)
2021,Dutchess,6,20.2733072321765,2017-2024,Other (6)
2021,Essex,6,31.5391040460827,2017-2024,Other (6)
2021,Madison,6,14.6189995628361,2017-2024,Other (6)
2021,Montgomery,6,6.31537008836085,2017-2024,Other (6)
2021,Oneida,6,16.6015073080852,2017-2024,Other (6)
2021,Onondaga,6,26.2870772084083,2017-2024,Other (6)
2021,Ontario,6,27.678209300126042,2017-2024,Other (6)
2021,Seneca,6,35.7419628117546,2017-2024,Other (6)
2021,Tompkins,6,3.25994359837665,2017-2024,Other (6)
2021,Wayne,6,145.97806069723984,2017-2024,Other (6)
2021,Yates,6,26.5638808455976,2017-2024,Other (6)
2022,Cayuga,6,69.70894476797639,2017-2024,Other (6)
2022,Essex,6,336.22932028365045,2017-2024,Other (6)
2022,Ontario,6,15.6066416588735,2017-2024,Other (6)
2022,Orleans,6,3.09093600490134,2017-2024,Other (6)
2022,Otsego,6,22.17896544828794,2017-2024,Other (6)
2023,Cayuga,6,97.14880626535982,2017-2024,Other (6)
2023,Erie,6,3.03460987118889,2017-2024,Other (6)
2023,Essex,6,69.1082195220582,2017-2024,Other (6)
2023,Franklin,6,6.4581641410616,2017-2024,Other (6)
2023,Montgomery,6,35.3906039365316,2017-2024,Other (6)
2023,Otsego,6,20.85043007169805,2017-2024,Other (6)
2023,Schoharie,6,3.97858658783197,2017-2024,Other (6)
2023,Seneca,6,66.37414829621729,2017-2024,Other (6)
2023,Tompkins,6,3.28447340155613,2017-2024,Other (6)
2023,Wayne,6,66.2302292893037,2017-2024,Other (6)
2023,Yates,6,35.39350154767608,2017-2024,Other (6)
2024,Cayuga,6,157.6742564045151,2017-2024,Other (6)
2024,Columbia,6,20.816864799067858,2017-2024,Other (6)
2024,Cortland,6,3.17961654747835,2017-2024,Other (6)
2024,Dutchess,6,61.58198962802478,2017-2024,Other (6)
2024,Essex,6,47.2161220813154,2017-2024,Other (6)
2024,Livingston,6,14.168355469313779,2017-2024,Other (6)
2024,Madison,6,38.27436580174645,2017-2024,Other (6)
2024,Oneida,6,18.21859520250806,2017-2024,Other (6)
2024,Onondaga,6,26.32278952639061,2017-2024,Other (6)
2024,Ontario,6,14.2005473236922,2017-2024,Other (6)
2024,Orleans,6,20.3379463816217,2017-2024,Other (6)
2024,Otsego,6,92.07989342308645,2017-2024,Other (6)
2024,Rensselaer,6,3.92268384132308,2017-2024,Other (6)
2024,Schoharie,6,5.15022286027331,2017-2024,Other (6)
2024,Schuyler,6,13.258459244542731,2017-2024,Other (6)
2024,Seneca,6,3.782002847371,2017-2024,Other (6)
2024,Steuben,6,14.715793152759709,2017-2024,Other (6)
2024,Washington,6,2.30392541291771,2017-2024,Other (6)
2024,Wayne,6,52.30212649645267,2017-2024,Other (6)
2024,Yates,6,52.334078612181685,2017-2024,Other (6)
2008,Cayuga,29,11.88328667338415,2008-2015,Other (29)
2008,Seneca,29,16.192982538797658,2008-2015,Other (29)
2008,Wyoming,29,4.553882842648858,2008-2015,Other (29)
2009,Cattaraugus,29,19.97939474697459,2008-2015,Other (29)
2010,Onondaga,29,25.48844753809237,2008-2015,Other (29)
2012,Seneca,29,27.042371323810226,2008-2015,Other (29)
2013,Cortland,29,17.409722833832497,2008-2015,Other (29)
2014,Chenango,29,2.948191727635851,2008-2015,Other (29)
2014,Seneca,29,36.900728270527694,2008-2015,Other (29)
2015,Cattaraugus,29,20.24608335481342,2008-2015,Other (29)
2015,Cortland,29,8.958109303726125,2008-2015,Other (29)
2016,Chautauqua,29,21.3170177945989,2016-Bridge,Other (29)
2016,Chenango,29,2.767047103616384,2016-Bridge,Other (29)
2016,Cortland,29,122.70555154450841,2016-Bridge,Other (29)
2016,Erie,29,7.269805277510617,2016-Bridge,Other (29)
2016,Tioga,29,7.940575060740054,2016-Bridge,Other (29)
2016,Tompkins,29,9.140557606651939,2016-Bridge,Other (29)
2017,Madison,29,6.03987614663607,2017-2024,Other (29)
2018,Cattaraugus,29,34.49007142280118,2017-2024,Other (29)
2018,Tompkins,29,5.69360387680375,2017-2024,Other (29)
2019,Ontario,29,3.43520901095084,2017-2024,Other (29)
2019,Orange,29,12.2082848432249,2017-2024,Other (29)
2019,Otsego,29,36.27832271851979,2017-2024,Other (29)
2019,Schoharie,29,3.19968722306906,2017-2024,Other (29)
2019,Seneca,29,376.0321623809395,2017-2024,Other (29)
2019,Tioga,29,6.50082256538882,2017-2024,Other (29)
2020,Allegany,29,5.67925968867125,2017-2024,Other (29)
2020,Cattaraugus,29,13.24016223311061,2017-2024,Other (29)
2020,Chautauqua,29,58.98424395772927,2017-2024,Other (29)
2020,Chenango,29,3.82657634404052,2017-2024,Other (29)
2020,Herkimer,29,2.65910895208399,2017-2024,Other (29)
2020,Jefferson,29,15.60002571815439,2017-2024,Other (29)
2020,Livingston,29,36.472327563113396,2017-2024,Other (29)
2020,Orange,29,6.0730986984994,2017-2024,Other (29)
2021,Chenango,29,32.91881408201858,2017-2024,Other (29)
2021,Columbia,29,14.60888109339659,2017-2024,Other (29)
2021,Ontario,29,103.71496303242205,2017-2024,Other (29)
2021,Orleans,29,4.00895342418323,2017-2024,Other (29)
2021,Otsego,29,3.39437134762249,2017-2024,Other (29)
2021,Seneca,29,9.75004627066445,2017-2024,Other (29)
2021,Steuben,29,2.90769724816431,2017-2024,Other (29)
2021,Wayne,29,23.007537482479,2017-2024,Other (29)
2021,Wyoming,29,38.85332635844924,2017-2024,Other (29)
2022,Allegany,29,14.9587296653703,2017-2024,Other (29)
2022,Chemung,29,2.99761429147127,2017-2024,Other (29)
2022,Chenango,29,13.6229605631916,2017-2024,Other (29)
2022,Livingston,29,12.0647765100041,2017-2024,Other (29)
2022,Ontario,29,23.6691146537218,2017-2024,Other (29)
2022,Schuyler,29,31.1108058384882,2017-2024,Other (29)
2022,Yates,29,36.6237951447997,2017-2024,Other (29)
2023,Chautauqua,29,12.38493203308023,2017-2024,Other (29)
2023,Chemung,29,2.99761429147127,2017-2024,Other (29)
2023,Chenango,29,45.77074452922999,2017-2024,Other (29)
2023,Cortland,29,6.55216819121714,2017-2024,Other (29)
2023,Livingston,29,42.4212264549524,2017-2024,Other (29)
2023,Ontario,29,193.29178467494552,2017-2024,Other (29)
2023,Oswego,29,4.10924051463512,2017-2024,Other (29)
2023,Yates,29,36.6237951447997,2017-2024,Other (29)
2024,Allegany,29,8.147617714808451,2017-2024,Other (29)
2024,Chenango,29,5.37838788212187,2017-2024,Other (29)
2024,Cortland,29,13.33970187066805,2017-2024,Other (29)
2024,Greene,29,3.78487247736064,2017-2024,Other (29)
2024,Herkimer,29,88.44858058154128,2017-2024,Other (29)
2024,Madison,29,11.1578415908493,2017-2024,Other (29)
2024,Montgomery,29,4.75510817904241,2017-2024,Other (29)
2024,Oneida,29,4.39935394687497,2017-2024,Other (29)
2024,Onondaga,29,34.90487270230847,2017-2024,Other (29)
2024,Ontario,29,407.5628612761397,2017-2024,Other (29)
2024,Otsego,29,45.7451948260192,2017-2024,Other (29)
2024,Schoharie,29,19.4602971387733,2017-2024,Other (29)
2024,Seneca,29,45.44737358514785,2017-2024,Other (29)
2024,St. Lawrence,29,5.00412641703342,2017-2024,Other (29)
2024,Steuben,29,6.07280729244316,2017-2024,Other (29)
2024,Tompkins,29,43.46659244604185,2017-2024,Other (29)
2024,Wayne,29,81.5332041846784,2017-2024,Other (29)
2008,Cayuga,39,14.94901007512286,2008-2015,Other (39)
2008,Chautauqua,39,20.98046040038241,2008-2015,Other (39)
2008,Cortland,39,6.870451011359522,2008-2015,Other (39)
2008,Erie,39,85.10128115143002,2008-2015,Other (39)
2008,Seneca,39,6.49202106245156,2008-2015,Other (39)
2008,Steuben,39,6.851053214355693,2008-2015,Other (39)
2008,Tompkins,39,50.314302058220385,2008-2015,Other (39)
2008,Ulster,39,11.234929555650995,2008-2015,Other (39)
2009,Cayuga,39,9.040972662065036,2008-2015,Other (39)
2009,Lewis,39,20.911422453898055,2008-2015,Other (39)
2009,Madison,39,48.20364032650516,2008-2015,Other (39)
2009,Niagara,39,29.208418330125582,2008-2015,Other (39)
2009,Oneida,39,30.20419493041792,2008-2015,Other (39)
2009,Onondaga,39,2.856454007434237,2008-2015,Other (39)
2009,Ontario,39,3.6941082247963104,2008-2015,Other (39)
2009,Steuben,39,19.38725232396164,2008-2015,Other (39)
2009,Tioga,39,31.792777928913434,2008-2015,Other (39)
2012,Cayuga,39,29.286264367049768,2008-2015,Other (39)
2012,Chautauqua,39,3.008827089046976,2008-2015,Other (39)
2012,Livingston,39,14.444128324461698,2008-2015,Other (39)
2012,Madison,39,7.344807977335982,2008-2015,Other (39)
2012,Monroe,39,87.28555077157492,2008-2015,Other (39)
2012,Onondaga,39,17.411450039781894,2008-2015,Other (39)
2012,Schuyler,39,3.2571656835438203,2008-2015,Other (39)
2012,Seneca,39,22.79295326932803,2008-2015,Other (39)
2012,Steuben,39,17.532566826646796,2008-2015,Other (39)
2012,Tompkins,39,55.73937817740203,2008-2015,Other (39)
2012,Wayne,39,25.50386269260032,2008-2015,Other (39)
2012,Wyoming,39,42.53128206099586,2008-2015,Other (39)
2013,Cayuga,39,163.60053353456632,2008-2015,Other (39)
2013,Monroe,39,28.97868172398065,2008-2015,Other (39)
2013,Onondaga,39,19.2411261365491,2008-2015,Other (39)
2013,Seneca,39,19.39265417919134,2008-2015,Other (39)
2013,Tompkins,39,32.68505234711822,2008-2015,Other (39)
2013,Wayne,39,52.912502423041204,2008-2015,Other (39)
2014,Allegany,39,8.963301301025355,2008-2015,Other (39)
2014,Cayuga,39,110.99810171122952,2008-2015,Other (39)
2014,Cortland,39,5.383948314908503,2008-2015,Other (39)
2014,Monroe,39,82.97298206798828,2008-2015,Other (39)
2014,Oneida,39,26.116247586956167,2008-2015,Other (39)
2014,Onondaga,39,10.328483764705982,2008-2015,Other (39)
2014,Schuyler,39,119.1974379849085,2008-2015,Other (39)
2014,Seneca,39,2.4733947743928626,2008-2015,Other (39)
2014,Steuben,39,40.56852824518913,2008-2015,Other (39)
2014,Tompkins,39,43.44197626922555,2008-2015,Other (39)
2014,Wayne,39,22.63527355612939,2008-2015,Other (39)
2015,Cayuga,39,146.11083876776542,2008-2015,Other (39)
2015,Cortland,39,24.963177739673345,2008-2015,Other (39)
2015,Madison,39,20.358606548971068,2008-2015,Other (39)
2015,Monroe,39,28.97868172398065,2008-2015,Other (39)
2015,Onondaga,39,17.52619092156247,2008-2015,Other (39)
2015,Orleans,39,15.152367564638585,2008-2015,Other (39)
2015,Otsego,39,3.2235352173133744,2008-2015,Other (39)
2015,Schoharie,39,31.03060641055859,2008-2015,Other (39)
2015,Schuyler,39,76.26443666313912,2008-2015,Other (39)
2015,Seneca,39,165.81933791215238,2008-2015,Other (39)
2015,Steuben,39,41.71886437691924,2008-2015,Other (39)
2015,Tompkins,39,32.37230980726216,2008-2015,Other (39)
2015,Wayne,39,49.917147211681296,2008-2015,Other (39)
2015,Wyoming,39,44.045883354909336,2008-2015,Other (39)
2016,Allegany,39,3.161292734262643,2016-Bridge,Other (39)
2016,Cattaraugus,39,18.318564870235367,2016-Bridge,Other (39)
2016,Cayuga,39,121.58199845207402,2016-Bridge,Other (39)
2016,Chenango,39,3.564881504251096,2016-Bridge,Other (39)
2016,Cortland,39,64.8643789549571,2016-Bridge,Other (39)
2016,Genesee,39,38.02168297654356,2016-Bridge,Other (39)
2016,Herkimer,39,31.42632348847981,2016-Bridge,Other (39)
2016,Lewis,39,3.2697003937298357,2016-Bridge,Other (39)
2016,Livingston,39,4.39625412173797,2016-Bridge,Other (39)
2016,Madison,39,17.960215412963343,2016-Bridge,Other (39)
2016,Monroe,39,25.78690581739583,2016-Bridge,Other (39)
2016,Montgomery,39,52.182138283192025,2016-Bridge,Other (39)
2016,Oneida,39,78.08757574542004,2016-Bridge,Other (39)
2016,Onondaga,39,32.50834070523868,2016-Bridge,Other (39)
2016,Orleans,39,4.610616641228145,2016-Bridge,Other (39)
2016,Oswego,39,2.921932788460054,2016-Bridge,Other (39)
2016,Otsego,39,77.16497908014057,2016-Bridge,Other (39)
2016,Schoharie,39,36.03460382000428,2016-Bridge,Other (39)
2016,Steuben,39,16.010994257111225,2016-Bridge,Other (39)
2016,Tioga,39,23.07751111030861,2016-Bridge,Other (39)
2016,Tompkins,39,85.9974363869702,2016-Bridge,Other (39)
2017,Cattaraugus,39,29.26227408658587,2017-2024,Other (39)
2017,Cayuga,39,75.96877819261744,2017-2024,Other (39)
2017,Cortland,39,91.2669892190709,2017-2024,Other (39)
2017,Madison,39,31.6371362156267,2017-2024,Other (39)
2017,Monroe,39,38.3151591416303,2017-2024,Other (39)
2017,Oneida,39,8.06778960869042,2017-2024,Other (39)
2017,Onondaga,39,3.42780251625053,2017-2024,Other (39)
2017,Ontario,39,36.5357949317143,2017-2024,Other (39)
2017,Rensselaer,39,7.59673112804105,2017-2024,Other (39)
2017,Schuyler,39,5.22772382998789,2017-2024,Other (39)
2017,Seneca,39,16.3346890263737,2017-2024,Other (39)
2017,Steuben,39,23.297619866419268,2017-2024,Other (39)
2017,Tioga,39,5.30991152358131,2017-2024,Other (39)
2017,Tompkins,39,37.99850325842355,2017-2024,Other (39)
2018,Cayuga,39,124.82711315105908,2017-2024,Other (39)
2018,Chemung,39,23.36209397606086,2017-2024,Other (39)
2018,Cortland,39,28.830093046914598,2017-2024,Other (39)
2018,Erie,39,21.1216009759064,2017-2024,Other (39)
2018,Genesee,39,70.88736575103073,2017-2024,Other (39)
2018,Herkimer,39,3.28062030197841,2017-2024,Other (39)
2018,Livingston,39,94.42181677903606,2017-2024,Other (39)
2018,Madison,39,43.687172405430246,2017-2024,Other (39)
2018,Monroe,39,73.69055376410441,2017-2024,Other (39)
2018,Oneida,39,66.8918380416171,2017-2024,Other (39)
2018,Onondaga,39,74.23004777838472,2017-2024,Other (39)
2018,Oswego,39,12.550541150925199,2017-2024,Other (39)
2018,Schuyler,39,8.08447254274421,2017-2024,Other (39)
2018,Seneca,39,67.53934642454023,2017-2024,Other (39)
2018,Steuben,39,90.09572402790121,2017-2024,Other (39)
2018,Tompkins,39,203.92753879358122,2017-2024,Other (39)
2018,Wayne,39,5.84637460545973,2017-2024,Other (39)
2018,Wyoming,39,2.79049415142321,2017-2024,Other (39)
2019,Cayuga,39,57.25867203468488,2017-2024,Other (39)
2019,Cortland,39,19.615353335367,2017-2024,Other (39)
2019,Madison,39,11.1547012909982,2017-2024,Other (39)
2019,Monroe,39,73.69055376410441,2017-2024,Other (39)
2019,Oneida,39,63.389414873016875,2017-2024,Other (39)
2019,Onondaga,39,66.02450163462194,2017-2024,Other (39)
2019,Otsego,39,4.17418655763679,2017-2024,Other (39)
2019,Seneca,39,445.9635414448174,2017-2024,Other (39)
2019,St. Lawrence,39,19.20325566976886,2017-2024,Other (39)
2019,Steuben,39,27.15944493585764,2017-2024,Other (39)
2019,Tompkins,39,221.74038176713162,2017-2024,Other (39)
2019,Wayne,39,92.97306986816633,2017-2024,Other (39)
2019,Wyoming,39,9.90165956492047,2017-2024,Other (39)
2019,Yates,39,2.57370430187774,2017-2024,Other (39)
2020,Cayuga,39,37.17429343344963,2017-2024,Other (39)
2020,Erie,39,16.8744689782756,2017-2024,Other (39)
2020,Genesee,39,57.04231274985296,2017-2024,Other (39)
2020,Jefferson,39,455.61199746820444,2017-2024,Other (39)
2020,Oneida,39,109.03038865506684,2017-2024,Other (39)
2020,Ontario,39,16.8513386007726,2017-2024,Other (39)
2020,Richmond,39,3.60985160447198,2017-2024,Other (39)
2020,Seneca,39,10.482924119399371,2017-2024,Other (39)
2020,Steuben,39,75.50708401668042,2017-2024,Other (39)
2020,Tompkins,39,47.21960031577313,2017-2024,Other (39)
2021,Livingston,39,75.12840321199975,2017-2024,Other (39)
2021,Madison,39,22.62402529614205,2017-2024,Other (39)
2021,Oneida,39,65.91638331585094,2017-2024,Other (39)
2021,Ontario,39,76.62510233376639,2017-2024,Other (39)
2021,Oswego,39,3.1191973783284,2017-2024,Other (39)
2021,Seneca,39,50.2734292356145,2017-2024,Other (39)
2021,Steuben,39,62.08657004043137,2017-2024,Other (39)
2021,Wyoming,39,46.359488156325185,2017-2024,Other (39)
2022,Cayuga,39,3.12766210908509,2017-2024,Other (39)
2022,Chautauqua,39,9.04161038317042,2017-2024,Other (39)
2022,Erie,39,25.88501996269139,2017-2024,Other (39)
2022,Genesee,39,11.7945298757974,2017-2024,Other (39)
2022,Oneida,39,36.63726588284305,2017-2024,Other (39)
2022,Ontario,39,101.59590407928042,2017-2024,Other (39)
2022,Schuyler,39,5.78514276426518,2017-2024,Other (39)
2022,Seneca,39,98.09403998180684,2017-2024,Other (39)
2022,Steuben,39,114.88099349869177,2017-2024,Other (39)
2022,Tompkins,39,19.5505864490426,2017-2024,Other (39)
2022,Wayne,39,2.48355632581056,2017-2024,Other (39)
2022,Wyoming,39,27.537491510816608,2017-2024,Other (39)
2023,Allegany,39,7.83249759033436,2017-2024,Other (39)
2023,Cayuga,39,15.43622498150772,2017-2024,Other (39)
2023,Erie,39,37.3424071605033,2017-2024,Other (39)
2023,Genesee,39,48.661144275763775,2017-2024,Other (39)
2023,Herkimer,39,9.19455352600994,2017-2024,Other (39)
2023,Madison,39,10.88462049948363,2017-2024,Other (39)
2023,Oneida,39,88.71013606480342,2017-2024,Other (39)
2023,Ontario,39,126.5542053242677,2017-2024,Other (39)
2023,Schoharie,39,24.67695120893814,2017-2024,Other (39)
2023,Seneca,39,58.87808518390312,2017-2024,Other (39)
2023,Steuben,39,55.28740777649709,2017-2024,Other (39)
2023,Tompkins,39,13.43190125640523,2017-2024,Other (39)
2023,Wyoming,39,25.24954618444509,2017-2024,Other (39)
2024,Allegany,39,3.59876678723852,2017-2024,Other (39)
2024,Cayuga,39,55.1925954994677,2017-2024,Other (39)
2024,Chautauqua,39,4.79891561866505,2017-2024,Other (39)
2024,Chenango,39,3.06240283370888,2017-2024,Other (39)
2024,Erie,39,12.13323480190679,2017-2024,Other (39)
2024,Herkimer,39,20.1617578358849,2017-2024,Other (39)
2024,Madison,39,21.37773366473442,2017-2024,Other (39)
2024,Niagara,39,3.53574178922483,2017-2024,Other (39)
2024,Oneida,39,181.95008744939315,2017-2024,Other (39)
2024,Onondaga,39,7.73031798778972,2017-2024,Other (39)
2024,Ontario,39,116.10679552303233,2017-2024,Other (39)
2024,Orleans,39,24.55561190011108,2017-2024,Other (39)
2024,Schuyler,39,16.41668279918856,2017-2024,Other (39)
2024,Seneca,39,189.43403944943663,2017-2024,Other (39)
2024,Steuben,39,146.68657584972124,2017-2024,Other (39)
2024,Tompkins,39,188.6655777773616,2017-2024,Other (39)
2024,Wayne,39,2.88639633614559,2017-2024,Other (39)
2024,Wyoming,39,13.386252458039,2017-2024,Other (39)
2024,Yates,39,75.44512688045185,2017-2024,Other (39)
2008,Cayuga,49,126.50382379231212,2008-2015,Other (49)
2008,Genesee,49,527.5306086775001,2008-2015,Other (49)
2008,Livingston,49,35.24539557074459,2008-2015,Other (49)
2008,Madison,49,113.13877152980011,2008-2015,Other (49)
2008,Monroe,49,18.7542101366686,2008-2015,Other (49)
2008,Onondaga,49,6.123215884203159,2008-2015,Other (49)
2008,Ontario,49,14.132536999561811,2008-2015,Other (49)
2008,Orange,49,2341.2791220905765,2008-2015,Other (49)
2008,Orleans,49,2478.750495378102,2008-2015,Other (49)
2008,Oswego,49,2052.763562194476,2008-2015,Other (49)
2008,Seneca,49,24.439395390854326,2008-2015,Other (49)
2008,Steuben,49,410.66023831060306,2008-2015,Other (49)
2008,Sullivan,49,3.939502268530647,2008-2015,Other (49)
2008,Tioga,49,5.2455947374418574,2008-2015,Other (49)
2008,Tompkins,49,19.853281694083684,2008-2015,Other (49)
2008,Wayne,49,569.4966619534114,2008-2015,Other (49)
2008,Wyoming,49,6.3388705156189395,2008-2015,Other (49)
2008,Yates,49,551.942956905535,2008-2015,Other (49)
2009,Cayuga,49,398.36187056080695,2008-2015,Other (49)
2009,Chemung,49,3.010051976928238,2008-2015,Other (49)
2009,Genesee,49,551.3136874741406,2008-2015,Other (49)
2009,Greene,49,2.861009820117652,2008-2015,Other (49)
2009,Livingston,49,25.273781775957712,2008-2015,Other (49)
2009,Madison,49,140.5337387755089,2008-2015,Other (49)
2009,Oneida,49,9.336314660222591,2008-2015,Other (49)
2009,Onondaga,49,19.278769592546226,2008-2015,Other (49)
2009,Orange,49,4388.29220350302,2008-2015,Other (49)
2009,Orleans,49,2279.6690130048023,2008-2015,Other (49)
2009,Oswego,49,2452.638818067807,2008-2015,Other (49)
2009,Steuben,49,396.06053171222663,2008-2015,Other (49)
2009,Sullivan,49,8.041566355502288,2008-2015,Other (49)
2009,Tompkins,49,16.486740723123546,2008-2015,Other (49)
2009,Wayne,49,254.4771366058896,2008-2015,Other (49)
2009,Wyoming,49,6.3388705156189395,2008-2015,Other (49)
2009,Yates,49,581.1979395023216,2008-2015,Other (49)
2010,Allegany,49,2.550374270562618,2008-2015,Other (49)
2010,Cayuga,49,556.2932516024576,2008-2015,Other (49)
2010,Genesee,49,482.1491602940228,2008-2015,Other (49)
2010,Jefferson,49,16.77466367337633,2008-2015,Other (49)
2010,Livingston,49,3.2102237807170457,2008-2015,Other (49)
2010,Madison,49,123.37939105031074,2008-2015,Other (49)
2010,Monroe,49,49.005925601463545,2008-2015,Other (49)
2010,Oneida,49,3.0022337241859454,2008-2015,Other (49)
2010,Onondaga,49,68.09917139557444,2008-2015,Other (49)
2010,Ontario,49,3.9283811265679685,2008-2015,Other (49)
2010,Orange,49,4199.075523353829,2008-2015,Other (49)
2010,Orleans,49,2214.668563962006,2008-2015,Other (49)
2010,Oswego,49,2180.13961177219,2008-2015,Other (49)
2010,Steuben,49,371.60946055619326,2008-2015,Other (49)
2010,Sullivan,49,3.939502268530647,2008-2015,Other (49)
2010,Tompkins,49,19.762446494278468,2008-2015,Other (49)
2010,Wayne,49,102.42068863725764,2008-2015,Other (49)
2010,Wyoming,49,8.10147858518476,2008-2015,Other (49)
2010,Yates,49,516.3127138119805,2008-2015,Other (49)
2011,Cayuga,49,339.55986852432517,2008-2015,Other (49)
2011,Franklin,49,4.574208961983397,2008-2015,Other (49)
2011,Genesee,49,462.4501101944878,2008-2015,Other (49)
2011,Jefferson,49,18.11822197439603,2008-2015,Other (49)
2011,Livingston,49,58.898248334652884,2008-2015,Other (49)
2011,Madison,49,11.746114632657743,2008-2015,Other (49)
2011,Monroe,49,3.0685359859409127,2008-2015,Other (49)
2011,Niagara,49,6.2422555330183656,2008-2015,Other (49)
2011,Onondaga,49,21.952585895219972,2008-2015,Other (49)
2011,Orange,49,2950.6666863862997,2008-2015,Other (49)
2011,Orleans,49,1910.2978498595985,2008-2015,Other (49)
2011,Oswego,49,2168.391065925226,2008-2015,Other (49)
2011,Wayne,49,327.82858848638665,2008-2015,Other (49)
2011,Yates,49,300.75687267060954,2008-2015,Other (49)
2012,Allegany,49,2.592309371244326,2008-2015,Other (49)
2012,Cattaraugus,49,7.954929943091356,2008-2015,Other (49)
2012,Cayuga,49,136.35639659637883,2008-2015,Other (49)
2012,Genesee,49,461.74619728248325,2008-2015,Other (49)
2012,Livingston,49,90.49110819954178,2008-2015,Other (49)
2012,Madison,49,44.73928217185447,2008-2015,Other (49)
2012,Monroe,49,13.33790929831196,2008-2015,Other (49)
2012,Niagara,49,5.161173423760558,2008-2015,Other (49)
2012,Onondaga,49,11.853163476792052,2008-2015,Other (49)
2012,Ontario,49,41.58331557641191,2008-2015,Other (49)
2012,Orange,49,2692.307624725193,2008-2015,Other (49)
2012,Orleans,49,2291.1791810097106,2008-2015,Other (49)
2012,Oswego,49,2151.031127399939,2008-2015,Other (49)
2012,Steuben,49,303.62330826434317,2008-2015,Other (49)
2012,Tompkins,49,28.77937670313662,2008-2015,Other (49)
2012,Wayne,49,524.7147499300268,2008-2015,Other (49)
2012,Wyoming,49,10.846738606348818,2008-2015,Other (49)
2012,Yates,49,463.3524451041703,2008-2015,Other (49)
2013,Albany,49,7.694136983466139,2008-2015,Other (49)
2013,Cayuga,49,128.8333649546546,2008-2015,Other (49)
2013,Chautauqua,49,11.211076144985647,2008-2015,Other (49)
2013,Genesee,49,430.7151487863798,2008-2015,Other (49)
2013,Livingston,49,86.272843885719,2008-2015,Other (49)
2013,Madison,49,33.316230257664145,2008-2015,Other (49)
2013,Monroe,49,2.4582408419791273,2008-2015,Other (49)
2013,Niagara,49,23.628748320398856,2008-2015,Other (49)
2013,Onondaga,49,11.478304482544074,2008-2015,Other (49)
2013,Orange,49,4275.381776361081,2008-2015,Other (49)
2013,Orleans,49,2092.8687044205626,2008-2015,Other (49)
2013,Oswego,49,2040.5860228751778,2008-2015,Other (49)
2013,Steuben,49,173.19438750192927,2008-2015,Other (49)
2013,Tompkins,49,7.042420756473944,2008-2015,Other (49)
2013,Wayne,49,298.3759156658831,2008-2015,Other (49)
2013,Yates,49,2.6225539368588566,2008-2015,Other (49)
2014,Cayuga,49,20.004216374969147,2008-2015,Other (49)
2014,Cortland,49,4.945456019656283,2008-2015,Other (49)
2014,Erie,49,6.696036725406661,2008-2015,Other (49)
2014,Genesee,49,444.16175370878193,2008-2015,Other (49)
2014,Livingston,49,68.39628539030667,2008-2015,Other (49)
2014,Madison,49,42.213101110019295,2008-2015,Other (49)
2014,Onondaga,49,11.478304482544074,2008-2015,Other (49)
2014,Ontario,49,4.110204661587694,2008-2015,Other (49)
2014,Orange,49,3781.471466097938,2008-2015,Other (49)
2014,Orleans,49,2173.9881753976056,2008-2015,Other (49)
2014,Oswego,49,1400.9005247027576,2008-2015,Other (49)
2014,Steuben,49,309.4577974277716,2008-2015,Other (49)
2014,Tompkins,49,14.882650577533136,2008-2015,Other (49)
2014,Wayne,49,266.61797419110985,2008-2015,Other (49)
2014,Wyoming,49,8.347358942357992,2008-2015,Other (49)
2014,Yates,49,205.6751417198306,2008-2015,Other (49)
2015,Cayuga,49,152.46724315492844,2008-2015,Other (49)
2015,Genesee,49,239.85032828470676,2008-2015,Other (49)
2015,Madison,49,84.98633361557204,2008-2015,Other (49)
2015,Monroe,49,2.4582408419791273,2008-2015,Other (49)
2015,Niagara,49,5.663264025814337,2008-2015,Other (49)
2015,Onondaga,49,8.487047038247603,2008-2015,Other (49)
2015,Orange,49,4477.776969754298,2008-2015,Other (49)
2015,Orleans,49,2284.6689235434487,2008-2015,Other (49)
2015,Oswego,49,2102.76958271691,2008-2015,Other (49)
2015,Steuben,49,308.02548524921764,2008-2015,Other (49)
2015,Tompkins,49,2.908585024427321,2008-2015,Other (49)
2015,Wayne,49,101.5940382338898,2008-2015,Other (49)
2015,Yates,49,291.6216215378171,2008-2015,Other (49)
2016,Allegany,49,12.666344342630552,2016-Bridge,Other (49)
2016,Cayuga,49,220.6969973099542,2016-Bridge,Other (49)
2016,Clinton,49,3.5645369985110587,2016-Bridge,Other (49)
2016,Erie,49,20.434362186289256,2016-Bridge,Other (49)
2016,Genesee,49,475.9441134211349,2016-Bridge,Other (49)
2016,Livingston,49,51.40722558650015,2016-Bridge,Other (49)
2016,Madison,49,62.29737087420577,2016-Bridge,Other (49)
2016,Monroe,49,3.4424349560072764,2016-Bridge,Other (49)
2016,Niagara,49,12.159615631595049,2016-Bridge,Other (49)
2016,Oneida,49,6.70294502851309,2016-Bridge,Other (49)
2016,Onondaga,49,3.045244937507735,2016-Bridge,Other (49)
2016,Ontario,49,8.452631177533846,2016-Bridge,Other (49)
2016,Orange,49,4442.055201706184,2016-Bridge,Other (49)
2016,Orleans,49,2172.475868753988,2016-Bridge,Other (49)
2016,Oswego,49,2092.2786880118515,2016-Bridge,Other (49)
2016,Schoharie,49,5.426220696690456,2016-Bridge,Other (49)
2016,Seneca,49,79.42234876081432,2016-Bridge,Other (49)
2016,Steuben,49,336.51593885505804,2016-Bridge,Other (49)
2016,Tioga,49,3.8208430393083073,2016-Bridge,Other (49)
2016,Tompkins,49,3.1936151486216677,2016-Bridge,Other (49)
2016,Wayne,49,320.29084126142857,2016-Bridge,Other (49)
2016,Yates,49,414.89008178104547,2016-Bridge,Other (49)
2017,Cayuga,49,142.74014883378842,2017-2024,Other (49)
2017,Chenango,49,4.62787838722651,2017-2024,Other (49)
2017,Genesee,49,516.5992887475396,2017-2024,Other (49)
2017,Madison,49,88.94006330495978,2017-2024,Other (49)
2017,Orange,49,4409.196521320549,2017-2024,Other (49)
2017,Orleans,49,2242.3498749117343,2017-2024,Other (49)
2017,Oswego,49,1842.8708155189684,2017-2024,Other (49)
2017,Steuben,49,181.76150629782836,2017-2024,Other (49)
2017,Wayne,49,60.7618805865839,2017-2024,Other (49)
2017,Yates,49,299.1424026352649,2017-2024,Other (49)
2018,Cayuga,49,215.50771161351938,2017-2024,Other (49)
2018,Genesee,49,449.0653842177714,2017-2024,Other (49)
2018,Madison,49,88.94006330495978,2017-2024,Other (49)
2018,Niagara,49,5.35246265861041,2017-2024,Other (49)
2018,Onondaga,49,5.12646083935882,2017-2024,Other (49)
2018,Orange,49,4063.9499300434004,2017-2024,Other (49)
2018,Orleans,49,2254.753194567627,2017-2024,Other (49)
2018,Oswego,49,1984.7231859854414,2017-2024,Other (49)
2018,Steuben,49,200.13082591030843,2017-2024,Other (49)
2018,Wayne,49,703.4771651026344,2017-2024,Other (49)
2018,Yates,49,226.17115150828644,2017-2024,Other (49)
2019,Cayuga,49,180.85880920361876,2017-2024,Other (49)
2019,Genesee,49,363.0736912271557,2017-2024,Other (49)
2019,Livingston,49,44.2972307495513,2017-2024,Other (49)
2019,Monroe,49,7.88901709950715,2017-2024,Other (49)
2019,Oneida,49,2.85207929430184,2017-2024,Other (49)
2019,Onondaga,49,2.77891913800608,2017-2024,Other (49)
2019,Ontario,49,3.62836091071403,2017-2024,Other (49)
2019,Orange,49,3416.5154232120253,2017-2024,Other (49)
2019,Orleans,49,2448.9075537286312,2017-2024,Other (49)
2019,Oswego,49,1532.4634438868616,2017-2024,Other (49)
2019,Steuben,49,195.67771743399783,2017-2024,Other (49)
2019,Suffolk,49,18.5766452412671,2017-2024,Other (49)
2019,Tompkins,49,3.17201121181149,2017-2024,Other (49)
2019,Wayne,49,586.1007733174997,2017-2024,Other (49)
2019,Yates,49,358.0754217635862,2017-2024,Other (49)
2020,Cayuga,49,186.23418844199597,2017-2024,Other (49)
2020,Genesee,49,502.07399269674414,2017-2024,Other (49)
2020,Livingston,49,47.08593593354054,2017-2024,Other (49)
2020,Madison,49,57.56239690985428,2017-2024,Other (49)
2020,Ontario,49,83.44185928697004,2017-2024,Other (49)
2020,Orange,49,4102.323193520843,2017-2024,Other (49)
2020,Orleans,49,2374.6887631816967,2017-2024,Other (49)
2020,Oswego,49,1193.303614596634,2017-2024,Other (49)
2020,Steuben,49,39.9576432161517,2017-2024,Other (49)
2020,Wayne,49,627.7282730709429,2017-2024,Other (49)
2020,Yates,49,235.79971770579078,2017-2024,Other (49)
2021,Cayuga,49,188.28401530832414,2017-2024,Other (49)
2021,Genesee,49,583.7864355039602,2017-2024,Other (49)
2021,Jefferson,49,4.06920610061114,2017-2024,Other (49)
2021,Livingston,49,89.95242911833506,2017-2024,Other (49)
2021,Madison,49,57.210867625671895,2017-2024,Other (49)
2021,Ontario,49,7.72202395396812,2017-2024,Other (49)
2021,Orange,49,4426.340343848546,2017-2024,Other (49)
2021,Orleans,49,2264.459921981298,2017-2024,Other (49)
2021,Oswego,49,1666.2597978182393,2017-2024,Other (49)
2021,Seneca,49,9.99398668788731,2017-2024,Other (49)
2021,Wayne,49,408.25888610409095,2017-2024,Other (49)
2021,Wyoming,49,10.48414185921397,2017-2024,Other (49)
2021,Yates,49,368.4373930244419,2017-2024,Other (49)
2022,Cayuga,49,248.21006923872088,2017-2024,Other (49)
2022,Dutchess,49,2.5990326628655,2017-2024,Other (49)
2022,Genesee,49,333.5766887626177,2017-2024,Other (49)
2022,Livingston,49,5.70264928485319,2017-2024,Other (49)
2022,Orange,49,4575.839862737527,2017-2024,Other (49)
2022,Orleans,49,1984.5346394397689,2017-2024,Other (49)
2022,Oswego,49,1671.179631050742,2017-2024,Other (49)
2022,Seneca,49,9.99398668788731,2017-2024,Other (49)
2022,Suffolk,49,15.05243245761146,2017-2024,Other (49)
2022,Wayne,49,433.63161826681227,2017-2024,Other (49)
2022,Wyoming,49,4.0690523788431,2017-2024,Other (49)
2022,Yates,49,296.0742762709124,2017-2024,Other (49)
2023,Cayuga,49,48.06601509639958,2017-2024,Other (49)
2023,Genesee,49,426.0487764051736,2017-2024,Other (49)
2023,Livingston,49,2.66117486508386,2017-2024,Other (49)
2023,Madison,49,7.24741821785514,2017-2024,Other (49)
2023,Oneida,49,6.03376014973818,2017-2024,Other (49)
2023,Orange,49,4079.607466306352,2017-2024,Other (49)
2023,Orleans,49,2256.929548812675,2017-2024,Other (49)
2023,Oswego,49,1691.170297450537,2017-2024,Other (49)
2023,Seneca,49,22.53782591061745,2017-2024,Other (49)
2023,Wayne,49,317.3152348424976,2017-2024,Other (49)
2023,Westchester,49,3.99314131893951,2017-2024,Other (49)
2023,Yates,49,418.03316827674877,2017-2024,Other (49)
2024,Cayuga,49,286.8739205460175,2017-2024,Other (49)
2024,Cortland,49,3.3279545379377,2017-2024,Other (49)
2024,Erie,49,4.75502654906569,2017-2024,Other (49)
2024,Genesee,49,374.49985481298086,2017-2024,Other (49)
2024,Livingston,49,52.54830130574145,2017-2024,Other (49)
2024,Monroe,49,12.66151636354751,2017-2024,Other (49)
2024,Orange,49,3086.2628751654224,2017-2024,Other (49)
2024,Orleans,49,2390.387221526482,2017-2024,Other (49)
2024,Oswego,49,1901.7753450532393,2017-2024,Other (49)
2024,Rockland,49,4.16314994735682,2017-2024,Other (49)
2024,Tompkins,49,11.452747726284,2017-2024,Other (49)
2024,Wayne,49,678.9180674462327,2017-2024,Other (49)
2024,Yates,49,546.6889305684995,2017-2024,Other (49)
2008,Cayuga,70,4.095338793250482,2008-2015,Other (70)
2008,Livingston,70,2.953491124936,2008-2015,Other (70)
2008,Onondaga,70,70.7754285115701,2008-2015,Other (70)
2008,Steuben,70,124.21397185456934,2008-2015,Other (70)
2008,Wyoming,70,3.4031935797877386,2008-2015,Other (70)
2009,Lewis,70,4.2143740397426255,2008-2015,Other (70)
2009,Livingston,70,37.52289836498824,2008-2015,Other (70)
2009,Onondaga,70,27.71633293491134,2008-2015,Other (70)
2009,Ontario,70,2.8048336766979554,2008-2015,Other (70)
2009,Schuyler,70,3.772334490156496,2008-2015,Other (70)
2009,Seneca,70,3.045999772375377,2008-2015,Other (70)
2009,Steuben,70,88.0966125989855,2008-2015,Other (70)
2009,Wayne,70,3.800862070922513,2008-2015,Other (70)
2009,Yates,70,12.802693368501046,2008-2015,Other (70)
2010,Allegany,70,15.163285568673349,2008-2015,Other (70)
2010,Columbia,70,2.837521490802932,2008-2015,Other (70)
2010,Suffolk,70,32.86744688897772,2008-2015,Other (70)
2011,Onondaga,70,3.9021644682263026,2008-2015,Other (70)
2011,Ontario,70,66.61726876510562,2008-2015,Other (70)
2011,Saratoga,70,7.603300952125656,2008-2015,Other (70)
2011,Seneca,70,5.8007981890983045,2008-2015,Other (70)
2011,Steuben,70,103.41049271946314,2008-2015,Other (70)
2011,Suffolk,70,229.86016069696657,2008-2015,Other (70)
2012,Fulton,70,12.203196721483554,2008-2015,Other (70)
2012,Livingston,70,11.91491996132101,2008-2015,Other (70)
2012,Monroe,70,67.6085496253762,2008-2015,Other (70)
2012,Onondaga,70,2.7226278635680945,2008-2015,Other (70)
2012,Ontario,70,5.258237170196667,2008-2015,Other (70)
2012,Saratoga,70,12.43306353483111,2008-2015,Other (70)
2012,Steuben,70,71.98703138945378,2008-2015,Other (70)
2012,Suffolk,70,60.85022609981932,2008-2015,Other (70)
2012,Wayne,70,3.3058885101454445,2008-2015,Other (70)
2013,Chemung,70,2.864473352475452,2008-2015,Other (70)
2013,Monroe,70,15.192947493349166,2008-2015,Other (70)
2013,Onondaga,70,5.594841072512683,2008-2015,Other (70)
2013,Seneca,70,3.5067457597371248,2008-2015,Other (70)
2013,Steuben,70,98.96476450464455,2008-2015,Other (70)
2013,Suffolk,70,11.841129696107204,2008-2015,Other (70)
2013,Wayne,70,44.31405941671723,2008-2015,Other (70)
2013,Yates,70,7.433999371775446,2008-2015,Other (70)
2014,Columbia,70,7.447675319870019,2008-2015,Other (70)
2014,Genesee,70,2.708778684385833,2008-2015,Other (70)
2014,Onondaga,70,5.775570673547621,2008-2015,Other (70)
2014,Ontario,70,3.477360614799021,2008-2015,Other (70)
2014,Saratoga,70,2.465322117324233,2008-2015,Other (70)
2014,Steuben,70,68.69530125288469,2008-2015,Other (70)
2014,Suffolk,70,3.501230311922998,2008-2015,Other (70)
2015,Allegany,70,4.0813700358009815,2008-2015,Other (70)
2015,Columbia,70,3.107134093407525,2008-2015,Other (70)
2015,Lewis,70,11.75055457846939,2008-2015,Other (70)
2015,Monroe,70,26.383374676822463,2008-2015,Other (70)
2015,Niagara,70,3.560014337256864,2008-2015,Other (70)
2015,Onondaga,70,113.14380391150479,2008-2015,Other (70)
2015,Orleans,70,4.996464197433602,2008-2015,Other (70)
2015,Oswego,70,4.3567577305280425,2008-2015,Other (70)
2015,Steuben,70,79.0733673453883,2008-2015,Other (70)
2015,Suffolk,70,68.43883225371391,2008-2015,Other (70)
2015,Wayne,70,7.975957760226063,2008-2015,Other (70)
2016,Chemung,70,8.505031795273608,2016-Bridge,Other (70)
2016,Herkimer,70,9.545409455250407,2016-Bridge,Other (70)
2016,Lewis,70,19.214311666751968,2016-Bridge,Other (70)
2016,Monroe,70,24.928847910011903,2016-Bridge,Other (70)
2016,Onondaga,70,10.775020588836657,2016-Bridge,Other (70)
2016,Ontario,70,3.604955844972246,2016-Bridge,Other (70)
2016,Saratoga,70,2.826554876043637,2016-Bridge,Other (70)
2016,Steuben,70,79.32867789019639,2016-Bridge,Other (70)
2016,Tioga,70,5.449989441964563,2016-Bridge,Other (70)
2016,Wayne,70,8.075038747960765,2016-Bridge,Other (70)
2017,Lewis,70,4.29745780384131,2017-2024,Other (70)
2017,Monroe,70,6.31668990317996,2017-2024,Other (70)
2017,Onondaga,70,59.468726995311876,2017-2024,Other (70)
2017,Oswego,70,3.02934424693758,2017-2024,Other (70)
2017,Steuben,70,22.79390649891619,2017-2024,Other (70)
2017,Suffolk,70,330.5303588551507,2017-2024,Other (70)
2017,Wayne,70,34.24160244921937,2017-2024,Other (70)
2018,Genesee,70,2.85746934441616,2017-2024,Other (70)
2018,Lewis,70,4.29745780384131,2017-2024,Other (70)
2018,Monroe,70,6.31668990317996,2017-2024,Other (70)
2018,Onondaga,70,6.94891714399237,2017-2024,Other (70)
2018,Oswego,70,3.02934424693758,2017-2024,Other (70)
2018,Steuben,70,34.68215686242704,2017-2024,Other (70)
2018,Suffolk,70,393.4091297974605,2017-2024,Other (70)
2018,Ulster,70,8.06506130144193,2017-2024,Other (70)
2018,Westchester,70,35.76560190960641,2017-2024,Other (70)
2019,Genesee,70,2.85746934441616,2017-2024,Other (70)
2019,Lewis,70,4.29745780384131,2017-2024,Other (70)
2019,Monroe,70,3.33019059606144,2017-2024,Other (70)
2019,Onondaga,70,3.67476212550766,2017-2024,Other (70)
2019,Oswego,70,3.02934424693758,2017-2024,Other (70)
2019,Steuben,70,18.92978233345601,2017-2024,Other (70)
2019,Suffolk,70,59.83631310349388,2017-2024,Other (70)
2019,Westchester,70,31.10853356902228,2017-2024,Other (70)
2020,Chautauqua,70,5.764325328806,2017-2024,Other (70)
2020,Lewis,70,4.29745780384131,2017-2024,Other (70)
2020,Monroe,70,2.76583642601759,2017-2024,Other (70)
2020,Onondaga,70,3.67476212550766,2017-2024,Other (70)
2020,Oswego,70,50.23278957375519,2017-2024,Other (70)
2020,Steuben,70,2.58202840182477,2017-2024,Other (70)
2020,Suffolk,70,3.32736891024494,2017-2024,Other (70)
2020,Westchester,70,24.827934838391492,2017-2024,Other (70)
2021,Monroe,70,2.88152820335458,2017-2024,Other (70)
2021,Onondaga,70,18.2181142214871,2017-2024,Other (70)
2021,Oswego,70,13.7775951911957,2017-2024,Other (70)
2021,Richmond,70,4.81948468534757,2017-2024,Other (70)
2021,Suffolk,70,96.75409766748427,2017-2024,Other (70)
2021,Westchester,70,24.827934838391492,2017-2024,Other (70)
2022,Onondaga,70,18.2181142214871,2017-2024,Other (70)
2022,Steuben,70,2.58202840182477,2017-2024,Other (70)
2022,Suffolk,70,65.46850361493172,2017-2024,Other (70)
2022,Wayne,70,4.22515197597034,2017-2024,Other (70)
2023,Livingston,70,14.0605763999319,2017-2024,Other (70)
2023,Monroe,70,12.139491388841531,2017-2024,Other (70)
2023,Onondaga,70,18.2181142214871,2017-2024,Other (70)
2023,Oswego,70,33.73232406007663,2017-2024,Other (70)
2023,Steuben,70,2.58202840182477,2017-2024,Other (70)
2023,Suffolk,70,97.96648949846387,2017-2024,Other (70)
2023,Wayne,70,9.05054105257126,2017-2024,Other (70)
2024,Albany,70,2.96203214310283,2017-2024,Other (70)
2024,Cattaraugus,70,2.75536934377518,2017-2024,Other (70)
2024,Cayuga,70,16.56812251530458,2017-2024,Other (70)
2024,Erie,70,26.6245640195671,2017-2024,Other (70)
2024,Monroe,70,203.5781156372231,2017-2024,Other (70)
2024,Onondaga,70,25.52232015220103,2017-2024,Other (70)
2024,Ontario,70,15.78153099694164,2017-2024,Other (70)
2024,Orleans,70,44.1966859828936,2017-2024,Other (70)
2024,Oswego,70,30.4327488322551,2017-2024,Other (70)
2024,Suffolk,70,22.03163548972619,2017-2024,Other (70)
2024,Ulster,70,6.44357970625095,2017-2024,Other (70)
2024,Wayne,70,515.0440133526834,2017-2024,Other (70)
2008,Cayuga,222,19.625049359649175,2008-2015,Other (222)
2008,Erie,222,8.003115730615892,2008-2015,Other (222)
2008,Genesee,222,94.04093054131324,2008-2015,Other (222)
2008,Greene,222,26.41090715888905,2008-2015,Other (222)
2008,Monroe,222,628.7098287809014,2008-2015,Other (222)
2008,Ontario,222,52.59452356407576,2008-2015,Other (222)
2008,Orleans,222,354.0310147544917,2008-2015,Other (222)
2009,Cayuga,222,113.79928442639195,2008-2015,Other (222)
2009,Chemung,222,3.7707720339003705,2008-2015,Other (222)
2009,Genesee,222,186.45495346428518,2008-2015,Other (222)
2009,Greene,222,11.478051627787606,2008-2015,Other (222)
2009,Monroe,222,1124.3051910621875,2008-2015,Other (222)
2009,Onondaga,222,19.037788365194483,2008-2015,Other (222)
2009,Ontario,222,12.775536785872514,2008-2015,Other (222)
2009,Orange,222,216.72759881464606,2008-2015,Other (222)
2009,Orleans,222,453.4502370169466,2008-2015,Other (222)
2009,Tompkins,222,43.84982213033389,2008-2015,Other (222)
2010,Cayuga,222,47.36795187744727,2008-2015,Other (222)
2010,Greene,222,15.499380142246673,2008-2015,Other (222)
2010,Monroe,222,704.8729060631299,2008-2015,Other (222)
2010,Ontario,222,59.80034172575079,2008-2015,Other (222)
2010,Orange,222,143.7515483224928,2008-2015,Other (222)
2010,Orleans,222,263.4619360113202,2008-2015,Other (222)
2010,Steuben,222,4.711608660546905,2008-2015,Other (222)
2010,Tompkins,222,16.68464954329848,2008-2015,Other (222)
2011,Allegany,222,7.575335505350779,2008-2015,Other (222)
2011,Cattaraugus,222,4.268417785401574,2008-2015,Other (222)
2011,Cayuga,222,69.49991406950319,2008-2015,Other (222)
2011,Cortland,222,2.9563843182148717,2008-2015,Other (222)
2011,Genesee,222,18.931107745032758,2008-2015,Other (222)
2011,Greene,222,105.02705041653465,2008-2015,Other (222)
2011,Monroe,222,1216.2163736783532,2008-2015,Other (222)
2011,Ontario,222,23.720717458006536,2008-2015,Other (222)
2011,Orange,222,106.32698346908838,2008-2015,Other (222)
2011,Orleans,222,352.14020989281113,2008-2015,Other (222)
2011,Wyoming,222,3.502681547596056,2008-2015,Other (222)
2012,Cayuga,222,68.91685021057427,2008-2015,Other (222)
2012,Columbia,222,20.43277890425365,2008-2015,Other (222)
2012,Erie,222,4.575163197199166,2008-2015,Other (222)
2012,Franklin,222,4.937301626601391,2008-2015,Other (222)
2012,Genesee,222,429.74785175029166,2008-2015,Other (222)
2012,Monroe,222,926.5981583235346,2008-2015,Other (222)
2012,Niagara,222,8.135139792001258,2008-2015,Other (222)
2012,Ontario,222,53.95093101471596,2008-2015,Other (222)
2012,Orange,222,94.13693436009801,2008-2015,Other (222)
2012,Orleans,222,503.63766965769554,2008-2015,Other (222)
2012,Saratoga,222,5.587166122241671,2008-2015,Other (222)
2012,Yates,222,7.001587995111591,2008-2015,Other (222)
2013,Cayuga,222,170.74413732335563,2008-2015,Other (222)
2013,Chemung,222,3.760083467901121,2008-2015,Other (222)
2013,Erie,222,3.2283630954066287,2008-2015,Other (222)
2013,Genesee,222,250.74546654942887,2008-2015,Other (222)
2013,Livingston,222,22.609728629986506,2008-2015,Other (222)
2013,Monroe,222,991.1758614500432,2008-2015,Other (222)
2013,Ontario,222,9.009307305815453,2008-2015,Other (222)
2013,Orleans,222,503.7207488723824,2008-2015,Other (222)
2013,Schenectady,222,11.113940469739578,2008-2015,Other (222)
2013,Wayne,222,2.962597405496866,2008-2015,Other (222)
2014,Cayuga,222,116.45456709641564,2008-2015,Other (222)
2014,Dutchess,222,28.03876029325517,2008-2015,Other (222)
2014,Erie,222,31.479298432368154,2008-2015,Other (222)
2014,Genesee,222,130.19719376870316,2008-2015,Other (222)
2014,Greene,222,12.779182408412325,2008-2015,Other (222)
2014,Livingston,222,6.579226511363022,2008-2015,Other (222)
2014,Monroe,222,1273.120719136564,2008-2015,Other (222)
2014,Onondaga,222,6.402871163115222,2008-2015,Other (222)
2014,Ontario,222,35.931178486231914,2008-2015,Other (222)
2014,Orange,222,135.9258717824126,2008-2015,Other (222)
2014,Orleans,222,845.7066409621318,2008-2015,Other (222)
2014,Suffolk,222,5.714865794632039,2008-2015,Other (222)
2015,Cayuga,222,62.93915166943809,2008-2015,Other (222)
2015,Erie,222,4.964812126190576,2008-2015,Other (222)
2015,Essex,222,64.94087322924831,2008-2015,Other (222)
2015,Genesee,222,323.00173626274534,2008-2015,Other (222)
2015,Monroe,222,1042.8605368765868,2008-2015,Other (222)
2015,Niagara,222,26.263203909550896,2008-2015,Other (222)
2015,Ontario,222,32.54820184015768,2008-2015,Other (222)
2015,Orange,222,115.86679287601639,2008-2015,Other (222)
2015,Orleans,222,568.5168950130937,2008-2015,Other (222)
2016,Cayuga,222,35.377941191608095,2016-Bridge,Other (222)
2016,Genesee,222,302.6244107631247,2016-Bridge,Other (222)
2016,Greene,222,15.481534540826472,2016-Bridge,Other (222)
2016,Livingston,222,8.275729058038896,2016-Bridge,Other (222)
2016,Monroe,222,997.6312745227818,2016-Bridge,Other (222)
2016,Niagara,222,50.1505614188703,2016-Bridge,Other (222)
2016,Ontario,222,131.85215723595047,2016-Bridge,Other (222)
2016,Orange,222,66.40608839106763,2016-Bridge,Other (222)
2016,Orleans,222,882.4553526204849,2016-Bridge,Other (222)
2016,Steuben,222,3.5939147297236076,2016-Bridge,Other (222)
2016,Wayne,222,2.9697822020138624,2016-Bridge,Other (222)
2016,Yates,222,17.386971057583352,2016-Bridge,Other (222)
2017,Allegany,222,4.59579568542438,2017-2024,Other (222)
2017,Cayuga,222,151.48640270892454,2017-2024,Other (222)
2017,Columbia,222,3.6212793784842,2017-2024,Other (222)
2017,Genesee,222,213.42161354873951,2017-2024,Other (222)
2017,Greene,222,38.74342740797121,2017-2024,Other (222)
2017,Monroe,222,1076.0960035160208,2017-2024,Other (222)
2017,Niagara,222,64.14625563907148,2017-2024,Other (222)
2017,Ontario,222,58.30558598164815,2017-2024,Other (222)
2017,Orleans,222,966.1026981081611,2017-2024,Other (222)
2017,Wyoming,222,82.44921488744896,2017-2024,Other (222)
2017,Yates,222,4.1964625839169,2017-2024,Other (222)
2018,Cayuga,222,187.65649852824558,2017-2024,Other (222)
2018,Genesee,222,142.40089976106498,2017-2024,Other (222)
2018,Greene,222,3.33107222103823,2017-2024,Other (222)
2018,Monroe,222,1145.7351648290382,2017-2024,Other (222)
2018,Ontario,222,25.19944671059362,2017-2024,Other (222)
2018,Orleans,222,691.5577582120351,2017-2024,Other (222)
2018,Tioga,222,32.32585066358568,2017-2024,Other (222)
2018,Wyoming,222,65.1223434265908,2017-2024,Other (222)
2019,Albany,222,2.64885890282318,2017-2024,Other (222)
2019,Cayuga,222,241.5287708413934,2017-2024,Other (222)
2019,Erie,222,19.50147999202265,2017-2024,Other (222)
2019,Genesee,222,374.93043453027815,2017-2024,Other (222)
2019,Monroe,222,1226.9643832049244,2017-2024,Other (222)
2019,Niagara,222,12.7451311109313,2017-2024,Other (222)
2019,Ontario,222,78.85918857977381,2017-2024,Other (222)
2019,Orleans,222,775.6868346075963,2017-2024,Other (222)
2019,Rensselaer,222,43.91570238846679,2017-2024,Other (222)
2019,Wyoming,222,101.652422914238,2017-2024,Other (222)
2020,Cayuga,222,149.0985962927333,2017-2024,Other (222)
2020,Erie,222,2.90463617836961,2017-2024,Other (222)
2020,Genesee,222,350.70198621706317,2017-2024,Other (222)
2020,Monroe,222,972.335688556096,2017-2024,Other (222)
2020,Niagara,222,3.40199069637082,2017-2024,Other (222)
2020,Onondaga,222,3.32368552085834,2017-2024,Other (222)
2020,Orange,222,3.06853763895899,2017-2024,Other (222)
2020,Orleans,222,873.110686313502,2017-2024,Other (222)
2020,Wyoming,222,58.05245331524651,2017-2024,Other (222)
2021,Cayuga,222,119.1963758366491,2017-2024,Other (222)
2021,Columbia,222,4.79674928884984,2017-2024,Other (222)
2021,Erie,222,38.72871129470659,2017-2024,Other (222)
2021,Genesee,222,167.8830738787547,2017-2024,Other (222)
2021,Monroe,222,1035.1366862013656,2017-2024,Other (222)
2021,Ontario,222,38.93976682165807,2017-2024,Other (222)
2021,Orange,222,42.03224024865056,2017-2024,Other (222)
2021,Orleans,222,993.794899724475,2017-2024,Other (222)
2021,Wyoming,222,34.1047360870402,2017-2024,Other (222)
2022,Cayuga,222,61.74913902664689,2017-2024,Other (222)
2022,Genesee,222,222.38157323667926,2017-2024,Other (222)
2022,Monroe,222,945.1549633876556,2017-2024,Other (222)
2022,Onondaga,222,11.2261890978391,2017-2024,Other (222)
2022,Orange,222,14.1560992399448,2017-2024,Other (222)
2022,Orleans,222,832.8073726666429,2017-2024,Other (222)
2023,Cayuga,222,231.50748833521538,2017-2024,Other (222)
2023,Genesee,222,310.617206110233,2017-2024,Other (222)
2023,Livingston,222,76.6613527889683,2017-2024,Other (222)
2023,Monroe,222,1432.3560673610127,2017-2024,Other (222)
2023,Ontario,222,51.58078109330961,2017-2024,Other (222)
2023,Orange,222,26.384420205706668,2017-2024,Other (222)
2023,Orleans,222,817.0095900478858,2017-2024,Other (222)
2023,Tompkins,222,79.4898856235769,2017-2024,Other (222)
2023,Westchester,222,2.8986990905331,2017-2024,Other (222)
2024,Albany,222,8.70935526063628,2017-2024,Other (222)
2024,Cayuga,222,248.31392846139036,2017-2024,Other (222)
2024,Genesee,222,567.442927453704,2017-2024,Other (222)
2024,Livingston,222,67.41912212031892,2017-2024,Other (222)
2024,Monroe,222,1182.2710792287437,2017-2024,Other (222)
2024,Onondaga,222,33.1612659189926,2017-2024,Other (222)
2024,Ontario,222,43.95288887890292,2017-2024,Other (222)
2024,Orange,222,209.98772764916143,2017-2024,Other (222)
2024,Orleans,222,817.3579708323412,2017-2024,Other (222)
2024,Rensselaer,222,41.470593551208914,2017-2024,Other (222)
2024,Saratoga,222,4.28368820491108,2017-2024,Other (222)
2024,Seneca,222,26.57667479948613,2017-2024,Other (222)
2024,Steuben,222,24.341261714688052,2017-2024,Other (222)
2024,Suffolk,222,4.45775820727169,2017-2024,Other (222)
2024,Tompkins,222,163.7246843127625,2017-2024,Other (222)
2024,Washington,222,17.5419217050606,2017-2024,Other (222)
2024,Wyoming,222,188.48042847413518,2017-2024,Other (222)
2024,Yates,222,3.95533194868912,2017-2024,Other (222)
2008,Cayuga,243,14.594237944870137,2008-2015,Other (243)
2008,Chautauqua,243,4.329524188389473,2008-2015,Other (243)
2008,Cortland,243,7.320016132210554,2008-2015,Other (243)
2008,Erie,243,6.780110425950207,2008-2015,Other (243)
2008,Genesee,243,1992.8555054383382,2008-2015,Other (243)
2008,Madison,243,34.93296359795574,2008-2015,Other (243)
2008,Monroe,243,1337.3240986051956,2008-2015,Other (243)
2008,Niagara,243,979.1650681732028,2008-2015,Other (243)
2008,Ontario,243,1753.1820547497798,2008-2015,Other (243)
2008,Orleans,243,2867.589046794962,2008-2015,Other (243)
2008,Wayne,243,10.101183279241782,2008-2015,Other (243)
2008,Yates,243,281.1754423109758,2008-2015,Other (243)
2009,Cayuga,243,97.87237542580587,2008-2015,Other (243)
2009,Chautauqua,243,60.76374020764923,2008-2015,Other (243)
2009,Erie,243,135.60315382132353,2008-2015,Other (243)
2009,Genesee,243,2016.1368349298234,2008-2015,Other (243)
2009,Monroe,243,1520.560962109582,2008-2015,Other (243)
2009,Niagara,243,983.8861528929622,2008-2015,Other (243)
2009,Ontario,243,1627.5362612587155,2008-2015,Other (243)
2009,Orleans,243,2886.962698871797,2008-2015,Other (243)
2009,Wayne,243,2.7726807017247466,2008-2015,Other (243)
2009,Wyoming,243,6.716626504169571,2008-2015,Other (243)
2009,Yates,243,241.09109633147725,2008-2015,Other (243)
2010,Cattaraugus,243,4.049952371436158,2008-2015,Other (243)
2010,Cayuga,243,4.776730017807808,2008-2015,Other (243)
2010,Genesee,243,1484.9531540302341,2008-2015,Other (243)
2010,Monroe,243,1767.3806643133933,2008-2015,Other (243)
2010,Niagara,243,1483.6360394963126,2008-2015,Other (243)
2010,Onondaga,243,5.719333251515922,2008-2015,Other (243)
2010,Ontario,243,1288.5681979331462,2008-2015,Other (243)
2010,Orleans,243,2891.8037963692996,2008-2015,Other (243)
2010,Suffolk,243,7.118104859998374,2008-2015,Other (243)
2010,Wayne,243,70.31215944537914,2008-2015,Other (243)
2010,Yates,243,160.27538068744104,2008-2015,Other (243)
2011,Cattaraugus,243,2.8204768446891433,2008-2015,Other (243)
2011,Cayuga,243,16.28652506189875,2008-2015,Other (243)
2011,Chautauqua,243,242.94795590574745,2008-2015,Other (243)
2011,Erie,243,149.62201915802703,2008-2015,Other (243)
2011,Genesee,243,1085.0622510824178,2008-2015,Other (243)
2011,Monroe,243,1537.8104967514755,2008-2015,Other (243)
2011,Niagara,243,1220.9753153909312,2008-2015,Other (243)
2011,Ontario,243,1714.397631684947,2008-2015,Other (243)
2011,Orleans,243,1671.1872075396207,2008-2015,Other (243)
2011,Oswego,243,2.696600022686823,2008-2015,Other (243)
2011,Seneca,243,5.660760761292702,2008-2015,Other (243)
2011,Wyoming,243,2.9515748307091543,2008-2015,Other (243)
2011,Yates,243,190.81748576260406,2008-2015,Other (243)
2012,Cattaraugus,243,5.749044156682267,2008-2015,Other (243)
2012,Cayuga,243,208.30634585546593,2008-2015,Other (243)
2012,Chautauqua,243,209.36214585169105,2008-2015,Other (243)
2012,Erie,243,90.25246354723393,2008-2015,Other (243)
2012,Genesee,243,1958.910083034169,2008-2015,Other (243)
2012,Madison,243,5.300954942009041,2008-2015,Other (243)
2012,Monroe,243,1190.3198328475603,2008-2015,Other (243)
2012,Niagara,243,1048.054117912665,2008-2015,Other (243)
2012,Onondaga,243,3.186847895512868,2008-2015,Other (243)
2012,Ontario,243,1659.3389801065487,2008-2015,Other (243)
2012,Orleans,243,2066.7868949662084,2008-2015,Other (243)
2012,Schuyler,243,39.30322290281516,2008-2015,Other (243)
2012,Seneca,243,13.048608901166808,2008-2015,Other (243)
2012,Steuben,243,3.328068024503355,2008-2015,Other (243)
2012,Wayne,243,24.25615612563989,2008-2015,Other (243)
2012,Wyoming,243,11.308200577853983,2008-2015,Other (243)
2012,Yates,243,172.83608915698127,2008-2015,Other (243)
2013,Cayuga,243,86.2933636352166,2008-2015,Other (243)
2013,Chautauqua,243,106.42615536537389,2008-2015,Other (243)
2013,Erie,243,103.17045123855857,2008-2015,Other (243)
2013,Genesee,243,1441.823235303754,2008-2015,Other (243)
2013,Livingston,243,3.3877344875644844,2008-2015,Other (243)
2013,Monroe,243,1236.579729534091,2008-2015,Other (243)
2013,Niagara,243,1649.0302937469542,2008-2015,Other (243)
2013,Ontario,243,1455.8434809531423,2008-2015,Other (243)
2013,Orleans,243,2626.5811261721933,2008-2015,Other (243)
2013,Seneca,243,13.257258601362288,2008-2015,Other (243)
2013,Steuben,243,3.9174708664558664,2008-2015,Other (243)
2013,Wayne,243,14.939495315564852,2008-2015,Other (243)
2013,Yates,243,172.26925693137787,2008-2015,Other (243)
2014,Allegany,243,3.508379866481229,2008-2015,Other (243)
2014,Cattaraugus,243,44.90087801465296,2008-2015,Other (243)
2014,Chautauqua,243,363.29864700692775,2008-2015,Other (243)
2014,Erie,243,90.03716522501114,2008-2015,Other (243)
2014,Genesee,243,1150.7232705022416,2008-2015,Other (243)
2014,Livingston,243,9.894032543198346,2008-2015,Other (243)
2014,Monroe,243,1266.2782326081938,2008-2015,Other (243)
2014,Niagara,243,829.4672485062052,2008-2015,Other (243)
2014,Ontario,243,1310.4623761653747,2008-2015,Other (243)
2014,Orleans,243,3023.8701293622953,2008-2015,Other (243)
2014,Seneca,243,10.347586663432866,2008-2015,Other (243)
2014,Wyoming,243,5.497040279553146,2008-2015,Other (243)
2014,Yates,243,270.79164995428073,2008-2015,Other (243)
2015,Allegany,243,11.675510673391681,2008-2015,Other (243)
2015,Cattaraugus,243,9.714422078443556,2008-2015,Other (243)
2015,Cayuga,243,111.14195722077136,2008-2015,Other (243)
2015,Chautauqua,243,155.92047857625346,2008-2015,Other (243)
2015,Erie,243,112.28653931701717,2008-2015,Other (243)
2015,Genesee,243,1715.2105121107022,2008-2015,Other (243)
2015,Livingston,243,58.987736760952636,2008-2015,Other (243)
2015,Monroe,243,1013.8143708938528,2008-2015,Other (243)
2015,Niagara,243,984.6017289252536,2008-2015,Other (243)
2015,Ontario,243,700.8164334445989,2008-2015,Other (243)
2015,Orleans,243,3504.496093490633,2008-2015,Other (243)
2015,Wyoming,243,11.278593464745894,2008-2015,Other (243)
2015,Yates,243,9.68622789424958,2008-2015,Other (243)
2016,Cattaraugus,243,15.307096950535424,2016-Bridge,Other (243)
2016,Cayuga,243,151.12421104149587,2016-Bridge,Other (243)
2016,Chautauqua,243,22.779213185202618,2016-Bridge,Other (243)
2016,Erie,243,473.33524524496556,2016-Bridge,Other (243)
2016,Genesee,243,2088.4295214187773,2016-Bridge,Other (243)
2016,Livingston,243,15.94919469681888,2016-Bridge,Other (243)
2016,Monroe,243,1311.2330464417014,2016-Bridge,Other (243)
2016,Niagara,243,2088.0418093779413,2016-Bridge,Other (243)
2016,Ontario,243,1202.0759644708914,2016-Bridge,Other (243)
2016,Orleans,243,3303.828440186037,2016-Bridge,Other (243)
2016,Steuben,243,15.741286939347928,2016-Bridge,Other (243)
2016,Tioga,243,4.463493005342045,2016-Bridge,Other (243)
2016,Wayne,243,5.295901063323634,2016-Bridge,Other (243)
2016,Yates,243,53.33907660853299,2016-Bridge,Other (243)
2017,Cattaraugus,243,4.80724577147689,2017-2024,Other (243)
2017,Cayuga,243,39.67715284849804,2017-2024,Other (243)
2017,Genesee,243,1949.1129991225785,2017-2024,Other (243)
2017,Monroe,243,1209.6573394120269,2017-2024,Other (243)
2017,Niagara,243,429.24797333885357,2017-2024,Other (243)
2017,Ontario,243,1085.384841777578,2017-2024,Other (243)
2017,Orleans,243,3357.741334557773,2017-2024,Other (243)
2017,Yates,243,98.59107136646205,2017-2024,Other (243)
2018,Allegany,243,4.61455061616553,2017-2024,Other (243)
2018,Cayuga,243,22.9262766472753,2017-2024,Other (243)
2018,Erie,243,3.53533551306291,2017-2024,Other (243)
2018,Genesee,243,1585.4961451297095,2017-2024,Other (243)
2018,Livingston,243,12.98597463699734,2017-2024,Other (243)
2018,Monroe,243,803.5343217428807,2017-2024,Other (243)
2018,Niagara,243,613.4013148631676,2017-2024,Other (243)
2018,Ontario,243,953.3089291669473,2017-2024,Other (243)
2018,Orleans,243,2749.4337807950496,2017-2024,Other (243)
2018,Seneca,243,9.09860128868916,2017-2024,Other (243)
2018,Steuben,243,13.40343539113483,2017-2024,Other (243)
2018,Wayne,243,10.86340693764766,2017-2024,Other (243)
2018,Wyoming,243,13.406996757526379,2017-2024,Other (243)
2018,Yates,243,41.49166301157781,2017-2024,Other (243)
2019,Cayuga,243,48.0827025756586,2017-2024,Other (243)
2019,Genesee,243,1887.5742418404898,2017-2024,Other (243)
2019,Livingston,243,43.43944683541621,2017-2024,Other (243)
2019,Monroe,243,1031.643827970216,2017-2024,Other (243)
2019,Niagara,243,501.89586029249705,2017-2024,Other (243)
2019,Ontario,243,956.2578904736258,2017-2024,Other (243)
2019,Orleans,243,2158.867493026615,2017-2024,Other (243)
2019,Tompkins,243,2.77539836260411,2017-2024,Other (243)
2019,Yates,243,43.844675934215346,2017-2024,Other (243)
2020,Cayuga,243,28.82638319257753,2017-2024,Other (243)
2020,Genesee,243,1926.9591041686754,2017-2024,Other (243)
2020,Monroe,243,800.0743191462502,2017-2024,Other (243)
2020,Niagara,243,419.84994261557927,2017-2024,Other (243)
2020,Ontario,243,738.5169589162342,2017-2024,Other (243)
2020,Orleans,243,2469.1925047404625,2017-2024,Other (243)
2020,Yates,243,37.4489493668694,2017-2024,Other (243)
2021,Cayuga,243,93.95129004978284,2017-2024,Other (243)
2021,Erie,243,44.2777853647143,2017-2024,Other (243)
2021,Genesee,243,1267.1996885670299,2017-2024,Other (243)
2021,Monroe,243,925.0910896592454,2017-2024,Other (243)
2021,Niagara,243,636.4700945067764,2017-2024,Other (243)
2021,Ontario,243,1119.6005253897636,2017-2024,Other (243)
2021,Orleans,243,2724.4981483950396,2017-2024,Other (243)
2021,Wayne,243,19.1723525822992,2017-2024,Other (243)
2021,Yates,243,24.0289616021732,2017-2024,Other (243)
2022,Allegany,243,38.6391791206477,2017-2024,Other (243)
2022,Cayuga,243,54.57657426074071,2017-2024,Other (243)
2022,Erie,243,5.92587065014717,2017-2024,Other (243)
2022,Genesee,243,1100.2145560643544,2017-2024,Other (243)
2022,Livingston,243,15.8774406162538,2017-2024,Other (243)
2022,Monroe,243,731.3630841800847,2017-2024,Other (243)
2022,Niagara,243,701.9422642400453,2017-2024,Other (243)
2022,Ontario,243,963.4266140511761,2017-2024,Other (243)
2022,Orleans,243,1936.7261892846807,2017-2024,Other (243)
2022,Schuyler,243,3.2062714814029,2017-2024,Other (243)
2022,Wayne,243,13.2012633494074,2017-2024,Other (243)
2022,Yates,243,106.1662335470417,2017-2024,Other (243)
2023,Erie,243,5.16517122864909,2017-2024,Other (243)
2023,Genesee,243,1452.7448488344385,2017-2024,Other (243)
2023,Monroe,243,827.3028480612575,2017-2024,Other (243)
2023,Niagara,243,473.82481454083234,2017-2024,Other (243)
2023,Ontario,243,1109.30387919939,2017-2024,Other (243)
2023,Orleans,243,1731.6867380288077,2017-2024,Other (243)
2023,Wayne,243,12.0496994940032,2017-2024,Other (243)
2023,Yates,243,155.6030411634001,2017-2024,Other (243)
2024,Cayuga,243,161.5996212746089,2017-2024,Other (243)
2024,Chautauqua,243,13.841197643339001,2017-2024,Other (243)
2024,Erie,243,98.76184890388488,2017-2024,Other (243)
2024,Genesee,243,1119.5343803554895,2017-2024,Other (243)
2024,Livingston,243,92.81101055415297,2017-2024,Other (243)
2024,Monroe,243,927.1683701118352,2017-2024,Other (243)
2024,Niagara,243,701.1010584996857,2017-2024,Other (243)
2024,Onondaga,243,5.13275901615218,2017-2024,Other (243)
2024,Ontario,243,1249.6601937989892,2017-2024,Other (243)
2024,Orange,243,11.38810824645444,2017-2024,Other (243)
2024,Orleans,243,1723.8695050524652,2017-2024,Other (243)
2024,Rensselaer,243,3.30099531206949,2017-2024,Other (243)
2024,Schuyler,243,3.1702004883648,2017-2024,Other (243)
2024,Wayne,243,24.9585548848721,2017-2024,Other (243)
2024,Wyoming,243,35.5050226267968,2017-2024,Other (243)
2024,Yates,243,147.11307590717377,2017-2024,Other (243)
2008,Dutchess,54,37.08697084803287,2008-2015,Other (54)
2008,Niagara,54,99.61474508457972,2008-2015,Other (54)
2009,Niagara,54,40.25581555544475,2008-2015,Other (54)
2009,Onondaga,54,8.378318438697693,2008-2015,Other (54)
2009,Orleans,54,32.13635541855269,2008-2015,Other (54)
2010,Albany,54,21.205799727200795,2008-2015,Other (54)
2010,Erie,54,3.7487043603757892,2008-2015,Other (54)
2010,Greene,54,28.985786915453307,2008-2015,Other (54)
2010,Orleans,54,16.857129715605307,2008-2015,Other (54)
2011,Niagara,54,4.383555837920706,2008-2015,Other (54)
2011,Washington,54,4.308855480851528,2008-2015,Other (54)
2012,Erie,54,3.0509646887272113,2008-2015,Other (54)
2012,Niagara,54,28.06185798935325,2008-2015,Other (54)
2013,Erie,54,55.59098013338009,2008-2015,Other (54)
2013,Niagara,54,36.68696187231148,2008-2015,Other (54)
2013,Orleans,54,8.292006846454058,2008-2015,Other (54)
2014,Erie,54,72.8480599118643,2008-2015,Other (54)
2014,Greene,54,56.92930271998513,2008-2015,Other (54)
2014,Niagara,54,105.76089138969556,2008-2015,Other (54)
2014,Onondaga,54,6.124887328209244,2008-2015,Other (54)
2015,Niagara,54,18.794002532202562,2008-2015,Other (54)
2015,Orange,54,3.177351225817966,2008-2015,Other (54)
2016,Erie,54,2.8007145818441876,2016-Bridge,Other (54)
2016,Niagara,54,6.808024778255813,2016-Bridge,Other (54)
2016,Orleans,54,5.487510783069505,2016-Bridge,Other (54)
2018,Niagara,54,16.355561721694,2017-2024,Other (54)
2019,Niagara,54,19.4217115502405,2017-2024,Other (54)
2020,Niagara,54,19.558610148002,2017-2024,Other (54)
2022,Orange,54,18.37418797802207,2017-2024,Other (54)
2022,Ulster,54,15.74110126988025,2017-2024,Other (54)
2024,Cattaraugus,54,14.503324977996291,2017-2024,Other (54)
2024,Chautauqua,54,3.72423524741676,2017-2024,Other (54)
2024,Erie,54,6.5337497929364,2017-2024,Other (54)
2024,Niagara,54,54.81692851169447,2017-2024,Other (54)
2024,Onondaga,54,25.60190278827589,2017-2024,Other (54)
2024,Orange,54,17.28041247331832,2017-2024,Other (54)
2008,Erie,50,23.620501756947228,2008-2015,Other (50)
2008,Genesee,50,227.15093044766343,2008-2015,Other (50)
2008,Niagara,50,94.89186425986215,2008-2015,Other (50)
2008,Onondaga,50,3.1253747547253266,2008-2015,Other (50)
2008,Ontario,50,79.73553377502509,2008-2015,Other (50)
2008,Orleans,50,648.1892865637617,2008-2015,Other (50)
2008,Seneca,50,3.4506590547032734,2008-2015,Other (50)
2008,Wayne,50,2.634525565274135,2008-2015,Other (50)
2009,Erie,50,4.018629172066852,2008-2015,Other (50)
2009,Genesee,50,252.94616938864777,2008-2015,Other (50)
2009,Monroe,50,13.863226313329776,2008-2015,Other (50)
2009,Niagara,50,27.190947213644204,2008-2015,Other (50)
2009,Ontario,50,32.97221679568395,2008-2015,Other (50)
2009,Orleans,50,632.3341234725153,2008-2015,Other (50)
2012,Chautauqua,50,2.4974744788417405,2008-2015,Other (50)
2012,Erie,50,72.33669713336627,2008-2015,Other (50)
2012,Genesee,50,243.72907914582055,2008-2015,Other (50)
2012,Monroe,50,4.599232931925378,2008-2015,Other (50)
2012,Niagara,50,2.628442019603569,2008-2015,Other (50)
2012,Ontario,50,2.8459083091872794,2008-2015,Other (50)
2012,Orleans,50,465.25540465664744,2008-2015,Other (50)
2013,Erie,50,55.02819076842698,2008-2015,Other (50)
2013,Genesee,50,270.84572735676545,2008-2015,Other (50)
2013,Niagara,50,66.52775225784357,2008-2015,Other (50)
2013,Ontario,50,5.617222598747982,2008-2015,Other (50)
2013,Orleans,50,354.75183912108275,2008-2015,Other (50)
2014,Erie,50,85.01490708222414,2008-2015,Other (50)
2014,Genesee,50,746.8707727074185,2008-2015,Other (50)
2014,Niagara,50,58.28577298417748,2008-2015,Other (50)
2014,Orleans,50,1240.6397627496158,2008-2015,Other (50)
2014,Wyoming,50,20.054698297664835,2008-2015,Other (50)
2015,Erie,50,16.473604455965603,2008-2015,Other (50)
2015,Genesee,50,173.55185903464687,2008-2015,Other (50)
2015,Monroe,50,3.429257323136751,2008-2015,Other (50)
2015,Niagara,50,55.64549321515976,2008-2015,Other (50)
2015,Orleans,50,853.2859013718186,2008-2015,Other (50)
2016,Chautauqua,50,3.7834986485604456,2016-Bridge,Other (50)
2016,Erie,50,48.83425193120214,2016-Bridge,Other (50)
2016,Genesee,50,422.2283463225334,2016-Bridge,Other (50)
2016,Livingston,50,4.069963681876579,2016-Bridge,Other (50)
2016,Monroe,50,33.91959412134161,2016-Bridge,Other (50)
2016,Niagara,50,51.85857711146035,2016-Bridge,Other (50)
2016,Orleans,50,367.94780683976643,2016-Bridge,Other (50)
2017,Erie,50,231.99714266495315,2017-2024,Other (50)
2017,Genesee,50,645.88110801987,2017-2024,Other (50)
2017,Orleans,50,326.86593296032686,2017-2024,Other (50)
2018,Cattaraugus,50,9.52386307284899,2017-2024,Other (50)
2018,Chautauqua,50,3.73807809779137,2017-2024,Other (50)
2018,Erie,50,109.8159887800435,2017-2024,Other (50)
2018,Genesee,50,678.7714328532945,2017-2024,Other (50)
2018,Monroe,50,25.48848299239368,2017-2024,Other (50)
2018,Orleans,50,916.5471326982746,2017-2024,Other (50)
2019,Cayuga,50,87.86079258991964,2017-2024,Other (50)
2019,Erie,50,85.20021006046133,2017-2024,Other (50)
2019,Genesee,50,465.65133951128587,2017-2024,Other (50)
2019,Niagara,50,29.1672329517417,2017-2024,Other (50)
2019,Orleans,50,819.4229567203367,2017-2024,Other (50)
2020,Genesee,50,574.2172139636249,2017-2024,Other (50)
2020,Niagara,50,28.23582588365701,2017-2024,Other (50)
2020,Orleans,50,405.3917151622296,2017-2024,Other (50)
2021,Erie,50,5.78233665347441,2017-2024,Other (50)
2021,Genesee,50,792.6070243453676,2017-2024,Other (50)
2021,Monroe,50,5.17992516265152,2017-2024,Other (50)
2021,Niagara,50,87.13092865631597,2017-2024,Other (50)
2021,Orleans,50,463.7678159643087,2017-2024,Other (50)
2022,Genesee,50,714.6521600460808,2017-2024,Other (50)
2022,Livingston,50,46.208358213249795,2017-2024,Other (50)
2022,Orleans,50,345.17279860279,2017-2024,Other (50)
2023,Erie,50,2.89479152471157,2017-2024,Other (50)
2023,Genesee,50,662.6907640281493,2017-2024,Other (50)
2023,Niagara,50,5.06984567130312,2017-2024,Other (50)
2023,Orleans,50,605.5514723784897,2017-2024,Other (50)
2024,Allegany,50,43.13123630835908,2017-2024,Other (50)
2024,Erie,50,20.03402260380356,2017-2024,Other (50)
2024,Genesee,50,1263.390324096592,2017-2024,Other (50)
2024,Livingston,50,135.64468561276001,2017-2024,Other (50)
2024,Monroe,50,59.271182004427985,2017-2024,Other (50)
2024,Niagara,50,121.41748624514578,2017-2024,Other (50)
2024,Ontario,50,65.88969388749955,2017-2024,Other (50)
2024,Orleans,50,1031.1832522767256,2017-2024,Other (50)
2024,Steuben,50,13.69191685801769,2017-2024,Other (50)
2024,Wyoming,50,18.70454278303297,2017-2024,Other (50)
2008,Erie,66,2.9528249933851654,2008-2015,Other (66)
2008,Niagara,66,316.95094523983056,2008-2015,Other (66)
2008,Orleans,66,22.39347064237667,2008-2015,Other (66)
2008,Seneca,66,2.781950727504707,2008-2015,Other (66)
2008,Wayne,66,97.38281677456905,2008-2015,Other (66)
2009,Niagara,66,64.08805378237363,2008-2015,Other (66)
2009,Orleans,66,7.646390570653148,2008-2015,Other (66)
2009,Wayne,66,51.044356925579415,2008-2015,Other (66)
2010,Dutchess,66,30.044184823809513,2008-2015,Other (66)
2010,Niagara,66,235.3820286496814,2008-2015,Other (66)
2010,Wayne,66,205.59467028740454,2008-2015,Other (66)
2010,Westchester,66,3.058151541571584,2008-2015,Other (66)
2011,Niagara,66,434.6984865566899,2008-2015,Other (66)
2011,Orleans,66,18.18730026075554,2008-2015,Other (66)
2011,Wayne,66,141.09395255166766,2008-2015,Other (66)
2012,Genesee,66,5.893343723260381,2008-2015,Other (66)
2012,Niagara,66,41.441474762496604,2008-2015,Other (66)
2012,Orleans,66,51.374798970757624,2008-2015,Other (66)
2012,Wayne,66,98.23492449877249,2008-2015,Other (66)
2013,Chautauqua,66,19.40223973137013,2008-2015,Other (66)
2013,Niagara,66,87.46530318642532,2008-2015,Other (66)
2013,Orleans,66,33.26940904608355,2008-2015,Other (66)
2013,Wayne,66,89.40459705462868,2008-2015,Other (66)
2014,Columbia,66,9.561814890558642,2008-2015,Other (66)
2014,Niagara,66,43.771716208638466,2008-2015,Other (66)
2014,Orleans,66,33.26940904608355,2008-2015,Other (66)
2014,Wayne,66,78.56903307608377,2008-2015,Other (66)
2015,Niagara,66,51.73233162283834,2008-2015,Other (66)
2015,Orleans,66,24.207146898576426,2008-2015,Other (66)
2015,Wayne,66,35.573160801191534,2008-2015,Other (66)
2016,Niagara,66,32.73553341295141,2016-Bridge,Other (66)
2016,Orleans,66,42.17897805433688,2016-Bridge,Other (66)
2016,Oswego,66,3.643730580403312,2016-Bridge,Other (66)
2016,Wayne,66,12.158875608770195,2016-Bridge,Other (66)
2017,Niagara,66,39.0594325006996,2017-2024,Other (66)
2017,Wayne,66,76.35540831794751,2017-2024,Other (66)
2018,Niagara,66,66.9402116992784,2017-2024,Other (66)
2018,Orleans,66,30.8974563341655,2017-2024,Other (66)
2018,Wayne,66,96.46663300645565,2017-2024,Other (66)
2019,Niagara,66,56.33316193237235,2017-2024,Other (66)
2019,Orleans,66,30.8974563341655,2017-2024,Other (66)
2019,Wayne,66,76.33732799162063,2017-2024,Other (66)
2020,Niagara,66,59.44241544313535,2017-2024,Other (66)
2020,Orleans,66,30.8974563341655,2017-2024,Other (66)
2020,Wayne,66,66.08510067434547,2017-2024,Other (66)
2021,Niagara,66,41.24764163302027,2017-2024,Other (66)
2021,Orleans,66,30.8974563341655,2017-2024,Other (66)
2021,Ulster,66,26.2198114683815,2017-2024,Other (66)
2022,Niagara,66,47.92052192470325,2017-2024,Other (66)
2022,Ulster,66,26.2198114683815,2017-2024,Other (66)
2022,Wayne,66,34.937913428027414,2017-2024,Other (66)
2023,Niagara,66,79.82701641132603,2017-2024,Other (66)
2023,Wayne,66,1293.6256512597324,2017-2024,Other (66)
2024,Chautauqua,66,42.60793388029429,2017-2024,Other (66)
2024,Monroe,66,26.6277240589124,2017-2024,Other (66)
2024,Niagara,66,192.80958931841786,2017-2024,Other (66)
2024,Orange,66,2.89216867072661,2017-2024,Other (66)
2024,Orleans,66,37.324576765493646,2017-2024,Other (66)
2024,Ulster,66,91.71777290849384,2017-2024,Other (66)
2024,Wayne,66,1010.3091605505604,2017-2024,Other (66)
2008,Erie,216,6.8456711607259475,2008-2015,Other (216)
2009,Erie,216,3.859451737722047,2008-2015,Other (216)
2009,Onondaga,216,18.085816933491476,2008-2015,Other (216)
2009,Orleans,216,22.18412888537505,2008-2015,Other (216)
2012,Erie,216,11.558264840221625,2008-2015,Other (216)
2013,Erie,216,21.573306862783205,2008-2015,Other (216)
2013,Onondaga,216,22.131811755750338,2008-2015,Other (216)
2014,Cattaraugus,216,6.475362944047147,2008-2015,Other (216)
2014,Erie,216,33.251578831272674,2008-2015,Other (216)
2014,Schenectady,216,27.51938069424392,2008-2015,Other (216)
2015,Schenectady,216,22.66339585412599,2008-2015,Other (216)
2016,Erie,216,25.34211429888495,2016-Bridge,Other (216)
2016,Monroe,216,2.4753137255943516,2016-Bridge,Other (216)
2017,Erie,216,13.575609341875479,2017-2024,Other (216)
2019,Orleans,216,13.9057326360518,2017-2024,Other (216)
2020,Erie,216,68.88800220161862,2017-2024,Other (216)
2021,Erie,216,109.86074849877258,2017-2024,Other (216)
2023,Orleans,216,6.89926464349287,2017-2024,Other (216)
2024,Cattaraugus,216,31.5739635605934,2017-2024,Other (216)
2024,Cayuga,216,142.01226476396184,2017-2024,Other (216)
2024,Chautauqua,216,41.6702107263325,2017-2024,Other (216)
2024,Erie,216,201.38312433647778,2017-2024,Other (216)
2024,Niagara,216,6.48027841137334,2017-2024,Other (216)
2024,Oneida,216,8.6893392844377,2017-2024,Other (216)
2024,Onondaga,216,54.00509312469623,2017-2024,Other (216)
2024,Orange,216,14.384530154217689,2017-2024,Other (216)
2024,Orleans,216,70.85968992388783,2017-2024,Other (216)
2008,Genesee,41,562.0418293126701,2008-2015,Other (41)
2008,Livingston,41,102.52768819102639,2008-2015,Other (41)
2008,Monroe,41,4.015803460436873,2008-2015,Other (41)
2008,Niagara,41,36.20320981763755,2008-2015,Other (41)
2008,Orleans,41,132.53339559326514,2008-2015,Other (41)
2008,Wyoming,41,95.41863770129223,2008-2015,Other (41)
2009,Genesee,41,1355.6646716901694,2008-2015,Other (41)
2009,Livingston,41,415.0919702031963,2008-2015,Other (41)
2009,Niagara,41,107.65843252149693,2008-2015,Other (41)
2009,Ontario,41,2.687068646433142,2008-2015,Other (41)
2009,Orleans,41,151.02771249299775,2008-2015,Other (41)
2009,Wyoming,41,3.8502126851991045,2008-2015,Other (41)
2010,Allegany,41,159.55223987402456,2008-2015,Other (41)
2010,Genesee,41,402.88282464246583,2008-2015,Other (41)
2010,Livingston,41,321.772462469434,2008-2015,Other (41)
2010,Monroe,41,39.395098790700814,2008-2015,Other (41)
2010,Orleans,41,76.07246152616406,2008-2015,Other (41)
2010,Wyoming,41,31.482402500580108,2008-2015,Other (41)
2011,Allegany,41,172.38536524638158,2008-2015,Other (41)
2011,Genesee,41,728.7419889169828,2008-2015,Other (41)
2011,Livingston,41,64.21440232653468,2008-2015,Other (41)
2011,Monroe,41,43.89772545537428,2008-2015,Other (41)
2011,Niagara,41,3.161166748408941,2008-2015,Other (41)
2011,Orleans,41,334.8305422503714,2008-2015,Other (41)
2011,Wyoming,41,49.65504065085088,2008-2015,Other (41)
2012,Genesee,41,27.489462187854112,2008-2015,Other (41)
2012,Livingston,41,138.50678486723442,2008-2015,Other (41)
2012,Niagara,41,65.33894437979707,2008-2015,Other (41)
2012,Ontario,41,4.309659074117967,2008-2015,Other (41)
2012,Wyoming,41,35.25600865207417,2008-2015,Other (41)
2013,Genesee,41,729.9834585726605,2008-2015,Other (41)
2013,Livingston,41,260.44109075713874,2008-2015,Other (41)
2013,Monroe,41,60.326721907460666,2008-2015,Other (41)
2013,Niagara,41,14.690469344195614,2008-2015,Other (41)
2013,Orleans,41,177.42958980258314,2008-2015,Other (41)
2013,Steuben,41,19.985444308704974,2008-2015,Other (41)
2014,Genesee,41,707.0309708277516,2008-2015,Other (41)
2014,Livingston,41,87.20774565061623,2008-2015,Other (41)
2014,Monroe,41,5.944275112496155,2008-2015,Other (41)
2014,Niagara,41,5.644318770908792,2008-2015,Other (41)
2014,Orleans,41,170.0096175812246,2008-2015,Other (41)
2014,Wyoming,41,3.9363458507921543,2008-2015,Other (41)
2015,Cattaraugus,41,2.6776804867997472,2008-2015,Other (41)
2015,Genesee,41,905.8696422319134,2008-2015,Other (41)
2015,Livingston,41,96.48597930523552,2008-2015,Other (41)
2015,Monroe,41,117.22908537607398,2008-2015,Other (41)
2015,Niagara,41,183.74848405120238,2008-2015,Other (41)
2015,Orleans,41,140.39794428304307,2008-2015,Other (41)
2016,Cattaraugus,41,24.126643310067237,2016-Bridge,Other (41)
2016,Erie,41,30.425409936580973,2016-Bridge,Other (41)
2016,Genesee,41,742.0539558758693,2016-Bridge,Other (41)
2016,Livingston,41,128.085095331606,2016-Bridge,Other (41)
2016,Monroe,41,25.379395459998427,2016-Bridge,Other (41)
2016,Niagara,41,95.85777339121377,2016-Bridge,Other (41)
2016,Ontario,41,5.935177950829833,2016-Bridge,Other (41)
2016,Orleans,41,342.1489608963081,2016-Bridge,Other (41)
2017,Erie,41,34.04519804589763,2017-2024,Other (41)
2017,Genesee,41,1108.5905539093533,2017-2024,Other (41)
2017,Monroe,41,98.57870691040574,2017-2024,Other (41)
2017,Niagara,41,175.59711471868152,2017-2024,Other (41)
2017,Orleans,41,236.62223796308186,2017-2024,Other (41)
2017,Wyoming,41,38.4445979737353,2017-2024,Other (41)
2018,Erie,41,30.60744599907956,2017-2024,Other (41)
2018,Genesee,41,1248.9217507346177,2017-2024,Other (41)
2018,Livingston,41,22.718887257497443,2017-2024,Other (41)
2018,Monroe,41,66.25178203078502,2017-2024,Other (41)
2018,Niagara,41,217.8658629312617,2017-2024,Other (41)
2018,Orleans,41,591.9808591173069,2017-2024,Other (41)
2018,Wyoming,41,187.5770218359328,2017-2024,Other (41)
2019,Erie,41,122.50453289447356,2017-2024,Other (41)
2019,Genesee,41,2299.2279633864705,2017-2024,Other (41)
2019,Livingston,41,106.79685748893075,2017-2024,Other (41)
2019,Monroe,41,94.1432440695983,2017-2024,Other (41)
2019,Niagara,41,119.4846291281577,2017-2024,Other (41)
2019,Orleans,41,115.20450161161014,2017-2024,Other (41)
2019,Wyoming,41,145.85480363707407,2017-2024,Other (41)
2020,Allegany,41,2.92566685186771,2017-2024,Other (41)
2020,Erie,41,58.67809077451737,2017-2024,Other (41)
2020,Genesee,41,1729.380867138729,2017-2024,Other (41)
2020,Livingston,41,159.90677304264267,2017-2024,Other (41)
2020,Monroe,41,195.32438510089972,2017-2024,Other (41)
2020,Orleans,41,533.7088970578011,2017-2024,Other (41)
2020,Wyoming,41,21.29612818214569,2017-2024,Other (41)
2020,Yates,41,31.54302902833146,2017-2024,Other (41)
2021,Genesee,41,1844.6287203178044,2017-2024,Other (41)
2021,Monroe,41,445.5732872773861,2017-2024,Other (41)
2021,Niagara,41,19.05090797792414,2017-2024,Other (41)
2021,Orleans,41,386.12128078712226,2017-2024,Other (41)
2021,Wyoming,41,107.96769720449896,2017-2024,Other (41)
2022,Cattaraugus,41,67.58897197164147,2017-2024,Other (41)
2022,Erie,41,99.85075648934387,2017-2024,Other (41)
2022,Genesee,41,914.4505032914434,2017-2024,Other (41)
2022,Livingston,41,66.2613071991289,2017-2024,Other (41)
2022,Monroe,41,116.817162169962,2017-2024,Other (41)
2022,Orleans,41,474.153026588574,2017-2024,Other (41)
2022,Steuben,41,12.812167390634169,2017-2024,Other (41)
2022,Wyoming,41,16.852734911988932,2017-2024,Other (41)
2022,Yates,41,10.556438403655651,2017-2024,Other (41)
2023,Erie,41,61.07818021008483,2017-2024,Other (41)
2023,Genesee,41,1033.202072434391,2017-2024,Other (41)
2023,Monroe,41,352.93587328977986,2017-2024,Other (41)
2023,Orleans,41,494.1426932796992,2017-2024,Other (41)
2023,Wyoming,41,101.65165733285619,2017-2024,Other (41)
2023,Yates,41,69.04055426729352,2017-2024,Other (41)
2024,Genesee,41,1188.3950374153053,2017-2024,Other (41)
2024,Livingston,41,341.93497084291454,2017-2024,Other (41)
2024,Monroe,41,780.1679177833093,2017-2024,Other (41)
2024,Orleans,41,591.9120701738154,2017-2024,Other (41)
2024,Seneca,41,4.33683566056149,2017-2024,Other (41)
2024,Steuben,41,3.37508418939035,2017-2024,Other (41)
2024,Wyoming,41,90.37054410424037,2017-2024,Other (41)
2024,Yates,41,104.1598313106629,2017-2024,Other (41)
2008,Genesee,92,11.312404905884414,2008-2015,Other (92)
2008,Livingston,92,15.155028232489457,2008-2015,Other (92)
2008,Monroe,92,8.451953646770349,2008-2015,Other (92)
2009,Livingston,92,11.536415364730145,2008-2015,Other (92)
2016,Livingston,92,15.361550571791268,2016-Bridge,Other (92)
2017,Livingston,92,5.42331092359282,2017-2024,Other (92)
2018,Livingston,92,12.71524157324688,2017-2024,Other (92)
2019,Livingston,92,19.09055524644393,2017-2024,Other (92)
2023,Livingston,92,12.71524157324688,2017-2024,Other (92)
2024,Livingston,92,22.40993601701534,2017-2024,Other (92)
2024,Suffolk,92,12.32340225451054,2017-2024,Other (92)
2024,Wyoming,92,6.22038852723128,2017-2024,Other (92)
2008,Genesee,206,40.429289050451146,2008-2015,Other (206)
2008,Niagara,206,2.661178366753755,2008-2015,Other (206)
2008,Ontario,206,47.86211810930709,2008-2015,Other (206)
2008,Orleans,206,310.15518497736605,2008-2015,Other (206)
2008,Yates,206,190.41792165471904,2008-2015,Other (206)
2009,Genesee,206,56.940170408884285,2008-2015,Other (206)
2009,Livingston,206,154.07249494676435,2008-2015,Other (206)
2009,Monroe,206,9.25445637074618,2008-2015,Other (206)
2009,Ontario,206,106.93858667797205,2008-2015,Other (206)
2009,Orleans,206,223.54965305852724,2008-2015,Other (206)
2009,Yates,206,464.0147427434451,2008-2015,Other (206)
2010,Genesee,206,16.30113713488112,2008-2015,Other (206)
2010,Orleans,206,3.059094375549691,2008-2015,Other (206)
2010,Oswego,206,4.490603413590797,2008-2015,Other (206)
2010,Yates,206,567.0637761293685,2008-2015,Other (206)
2011,Broome,206,3.3271436647081805,2008-2015,Other (206)
2011,Genesee,206,23.30863842153851,2008-2015,Other (206)
2011,Monroe,206,176.0367893955855,2008-2015,Other (206)
2011,Ontario,206,15.303201853929663,2008-2015,Other (206)
2011,Orleans,206,370.94498682144786,2008-2015,Other (206)
2011,Seneca,206,4.238197646960751,2008-2015,Other (206)
2011,Steuben,206,38.77146175712842,2008-2015,Other (206)
2011,Yates,206,230.0668001136728,2008-2015,Other (206)
2012,Yates,206,109.42019971095102,2008-2015,Other (206)
2013,Monroe,206,65.33421660378036,2008-2015,Other (206)
2013,Orleans,206,128.8510652428099,2008-2015,Other (206)
2013,Yates,206,327.8653117555763,2008-2015,Other (206)
2014,Genesee,206,109.2161152602444,2008-2015,Other (206)
2014,Livingston,206,6.5220890674343455,2008-2015,Other (206)
2014,Niagara,206,51.226541362979866,2008-2015,Other (206)
2014,Ontario,206,9.314947165745739,2008-2015,Other (206)
2014,Orleans,206,119.98079457394897,2008-2015,Other (206)
2014,Yates,206,358.86160866643405,2008-2015,Other (206)
2015,Genesee,206,179.52800534990706,2008-2015,Other (206)
2015,Niagara,206,84.33702564021809,2008-2015,Other (206)
2015,Orleans,206,179.53794811501555,2008-2015,Other (206)
2015,Wayne,206,8.816319845133016,2008-2015,Other (206)
2015,Yates,206,279.3317385884343,2008-2015,Other (206)
2016,Genesee,206,26.14897506798366,2016-Bridge,Other (206)
2016,Monroe,206,13.326863208492862,2016-Bridge,Other (206)
2016,Niagara,206,3.18441640609317,2016-Bridge,Other (206)
2016,Ontario,206,61.211255714287304,2016-Bridge,Other (206)
2016,Orleans,206,514.2501771828894,2016-Bridge,Other (206)
2016,Yates,206,159.7268091912823,2016-Bridge,Other (206)
2017,Genesee,206,178.57845204366578,2017-2024,Other (206)
2017,Ontario,206,60.771541406833,2017-2024,Other (206)
2017,Orleans,206,211.97571575943834,2017-2024,Other (206)
2017,Yates,206,294.96377269658973,2017-2024,Other (206)
2018,Genesee,206,52.40320007527412,2017-2024,Other (206)
2018,Ontario,206,84.88593477583908,2017-2024,Other (206)
2018,Orleans,206,86.4992165442758,2017-2024,Other (206)
2018,Wyoming,206,8.78819213374937,2017-2024,Other (206)
2018,Yates,206,562.0413205197119,2017-2024,Other (206)
2019,Genesee,206,204.8509911426139,2017-2024,Other (206)
2019,Ontario,206,185.5538161582376,2017-2024,Other (206)
2019,Orleans,206,527.9959260877813,2017-2024,Other (206)
2019,Steuben,206,39.9576432161517,2017-2024,Other (206)
2019,Wayne,206,19.4504558844288,2017-2024,Other (206)
2019,Yates,206,146.18597708043893,2017-2024,Other (206)
2020,Genesee,206,206.2389639306902,2017-2024,Other (206)
2020,Monroe,206,97.87621324485515,2017-2024,Other (206)
2020,Ontario,206,6.58910208619278,2017-2024,Other (206)
2020,Orleans,206,443.63757663918716,2017-2024,Other (206)
2020,Oswego,206,4.15240600384285,2017-2024,Other (206)
2020,Wayne,206,16.22873338082987,2017-2024,Other (206)
2020,Yates,206,496.6601550423036,2017-2024,Other (206)
2021,Genesee,206,164.2443489202311,2017-2024,Other (206)
2021,Monroe,206,104.26493627383758,2017-2024,Other (206)
2021,Ontario,206,131.70826616531718,2017-2024,Other (206)
2021,Orleans,206,251.9131216267387,2017-2024,Other (206)
2021,Steuben,206,42.644844674081824,2017-2024,Other (206)
2021,Yates,206,353.03665330736965,2017-2024,Other (206)
2022,Genesee,206,75.53181683264627,2017-2024,Other (206)
2022,Monroe,206,87.15153541340871,2017-2024,Other (206)
2022,Niagara,206,62.8986125683013,2017-2024,Other (206)
2022,Orleans,206,379.67668020786016,2017-2024,Other (206)
2022,Yates,206,113.68423880950034,2017-2024,Other (206)
2023,Genesee,206,146.03450234487687,2017-2024,Other (206)
2023,Monroe,206,137.4032586338312,2017-2024,Other (206)
2023,Ontario,206,89.73244159419552,2017-2024,Other (206)
2023,Orleans,206,578.6981902369815,2017-2024,Other (206)
2023,Yates,206,167.77327805572963,2017-2024,Other (206)
2024,Allegany,206,11.9261586367875,2017-2024,Other (206)
2024,Cattaraugus,206,3.40591774489254,2017-2024,Other (206)
2024,Cayuga,206,27.60858781153448,2017-2024,Other (206)
2024,Genesee,206,305.95854313582464,2017-2024,Other (206)
2024,Livingston,206,39.00606525029058,2017-2024,Other (206)
2024,Monroe,206,24.57894176204449,2017-2024,Other (206)
2024,Niagara,206,25.00562865681053,2017-2024,Other (206)
2024,Onondaga,206,7.28986110394506,2017-2024,Other (206)
2024,Ontario,206,181.71478242451036,2017-2024,Other (206)
2024,Orange,206,21.68689828558273,2017-2024,Other (206)
2024,Orleans,206,632.2021170856138,2017-2024,Other (206)
2024,Rensselaer,206,3.7004626167211,2017-2024,Other (206)
2024,Seneca,206,56.14003360797684,2017-2024,Other (206)
2024,Steuben,206,14.0614148124744,2017-2024,Other (206)
2024,Tompkins,206,5.73230924910165,2017-2024,Other (206)
2024,Wyoming,206,70.66237622081024,2017-2024,Other (206)
2024,Yates,206,251.70732079658734,2017-2024,Other (206)
2008,Livingston,225,161.81830227658264,2008-2015,Other (225)
2010,Livingston,225,46.406176885789804,2008-2015,Other (225)
2010,Orleans,225,2.559008926322032,2008-2015,Other (225)
2011,Livingston,225,115.1443881708747,2008-2015,Other (225)
2011,Orleans,225,4.16013372481283,2008-2015,Other (225)
2012,Genesee,225,12.25798988762754,2008-2015,Other (225)
2012,Livingston,225,41.45819085546474,2008-2015,Other (225)
2012,Wyoming,225,3.075546774963693,2008-2015,Other (225)
2013,Cayuga,225,175.62834453988495,2008-2015,Other (225)
2013,Erie,225,208.16950742610294,2008-2015,Other (225)
2013,Genesee,225,185.08652254933008,2008-2015,Other (225)
2013,Livingston,225,100.50255388679186,2008-2015,Other (225)
2013,Madison,225,23.433035403346814,2008-2015,Other (225)
2014,Allegany,225,140.0383277098117,2008-2015,Other (225)
2014,Cayuga,225,169.50440986555054,2008-2015,Other (225)
2014,Chautauqua,225,15.637801316516953,2008-2015,Other (225)
2014,Cortland,225,27.770007274147623,2008-2015,Other (225)
2014,Livingston,225,48.532338487796004,2008-2015,Other (225)
2014,Madison,225,157.7615408354974,2008-2015,Other (225)
2014,Ontario,225,23.948268290320605,2008-2015,Other (225)
2014,Saratoga,225,128.14627071237882,2008-2015,Other (225)
2014,Steuben,225,12.052645169463192,2008-2015,Other (225)
2014,Washington,225,24.478637274413376,2008-2015,Other (225)
2014,Wyoming,225,84.5245987038941,2008-2015,Other (225)
2015,Allegany,225,35.25951455356295,2008-2015,Other (225)
2015,Cortland,225,35.704999720403144,2008-2015,Other (225)
2015,Dutchess,225,7.778029047665874,2008-2015,Other (225)
2015,Livingston,225,75.68266994741415,2008-2015,Other (225)
2015,Onondaga,225,4.05597977146846,2008-2015,Other (225)
2015,Orange,225,130.88851907380274,2008-2015,Other (225)
2016,Dutchess,225,11.719349369541137,2016-Bridge,Other (225)
2016,Livingston,225,8.00106023249604,2016-Bridge,Other (225)
2016,Monroe,225,66.91289792270533,2016-Bridge,Other (225)
2016,Onondaga,225,299.95789327403367,2016-Bridge,Other (225)
2016,Seneca,225,10.332828589805473,2016-Bridge,Other (225)
2016,Wayne,225,58.855171921720114,2016-Bridge,Other (225)
2017,Dutchess,225,38.24452774078732,2017-2024,Other (225)
2017,Erie,225,14.59353287605964,2017-2024,Other (225)
2017,Genesee,225,68.1708319628022,2017-2024,Other (225)
2017,Madison,225,11.6242372946743,2017-2024,Other (225)
2017,Onondaga,225,84.2371709896805,2017-2024,Other (225)
2018,Cattaraugus,225,164.95314163311411,2017-2024,Other (225)
2018,Dutchess,225,26.0697404257215,2017-2024,Other (225)
2019,Dutchess,225,14.8664655057763,2017-2024,Other (225)
2020,Albany,225,14.84396956288807,2017-2024,Other (225)
2020,Columbia,225,6.35445586573832,2017-2024,Other (225)
2020,Dutchess,225,26.0697404257215,2017-2024,Other (225)
2020,Wyoming,225,148.8109439438193,2017-2024,Other (225)
2021,Lewis,225,22.2140216626463,2017-2024,Other (225)
2021,Livingston,225,94.11644385957362,2017-2024,Other (225)
2021,Washington,225,299.365565690215,2017-2024,Other (225)
2021,Wyoming,225,36.7764731417813,2017-2024,Other (225)
2022,Cattaraugus,225,300.5330532529907,2017-2024,Other (225)
2022,Cayuga,225,35.0174288320481,2017-2024,Other (225)
2022,Cortland,225,17.731700689682093,2017-2024,Other (225)
2023,Ontario,225,21.745291187648558,2017-2024,Other (225)
2023,Otsego,225,44.1643313609729,2017-2024,Other (225)
2023,Steuben,225,27.76374537595979,2017-2024,Other (225)
2023,Washington,225,49.05675123419944,2017-2024,Other (225)
2023,Yates,225,16.95771645142264,2017-2024,Other (225)
2024,Allegany,225,8.38520655908887,2017-2024,Other (225)
2024,Cattaraugus,225,27.4684361789887,2017-2024,Other (225)
2024,Cayuga,225,100.19712551252,2017-2024,Other (225)
2024,Cortland,225,28.31469931125602,2017-2024,Other (225)
2024,Monroe,225,3.61987457695011,2017-2024,Other (225)
2024,Niagara,225,28.680171302200847,2017-2024,Other (225)
2024,Oneida,225,16.081651461941508,2017-2024,Other (225)
2024,Steuben,225,546.1240941044712,2017-2024,Other (225)
2024,Tioga,225,33.6297907329043,2017-2024,Other (225)
2024,Wayne,225,22.5379056514067,2017-2024,Other (225)
2024,Yates,225,12.1271552738444,2017-2024,Other (225)
2008,Niagara,67,42.49088973006673,2008-2015,Other (67)
2009,Niagara,67,20.529263527192228,2008-2015,Other (67)
2009,Orleans,67,3.8978955440586374,2008-2015,Other (67)
2010,Niagara,67,8.219289834781332,2008-2015,Other (67)
2010,Wayne,67,15.443216525743868,2008-2015,Other (67)
2011,Niagara,67,42.95580576583868,2008-2015,Other (67)
2012,Erie,67,3.2636825243645964,2008-2015,Other (67)
2012,Niagara,67,63.355719044241674,2008-2015,Other (67)
2012,Wayne,67,4.5243570551106975,2008-2015,Other (67)
2013,Niagara,67,28.837399890088058,2008-2015,Other (67)
2013,Orange,67,3.4442365568869886,2008-2015,Other (67)
2013,Wayne,67,51.9576848338995,2008-2015,Other (67)
2014,Niagara,67,31.27117066868685,2008-2015,Other (67)
2014,Suffolk,67,29.960736237005577,2008-2015,Other (67)
2014,Wayne,67,6.001271190191535,2008-2015,Other (67)
2015,Niagara,67,38.46680067982812,2008-2015,Other (67)
2015,Suffolk,67,30.038179442015764,2008-2015,Other (67)
2016,Niagara,67,4.136658028688004,2016-Bridge,Other (67)
2016,Suffolk,67,6.600300000229682,2016-Bridge,Other (67)
2016,Wayne,67,2.8350924834541953,2016-Bridge,Other (67)
2017,Niagara,67,26.889934878441267,2017-2024,Other (67)
2017,Suffolk,67,103.14155172050417,2017-2024,Other (67)
2018,Nassau,67,6.98696518484906,2017-2024,Other (67)
2018,Suffolk,67,112.89758082466538,2017-2024,Other (67)
2019,Nassau,67,6.98696518484906,2017-2024,Other (67)
2019,Orange,67,3.868642187424,2017-2024,Other (67)
2019,Suffolk,67,101.88597307576134,2017-2024,Other (67)
2019,Wayne,67,13.45312793427049,2017-2024,Other (67)
2020,Nassau,67,6.98696518484906,2017-2024,Other (67)
2020,Niagara,67,25.759430519156084,2017-2024,Other (67)
2020,Suffolk,67,101.88597307576134,2017-2024,Other (67)
2020,Ulster,67,2.8114212864718,2017-2024,Other (67)
2020,Wayne,67,13.45312793427049,2017-2024,Other (67)
2021,Nassau,67,6.98696518484906,2017-2024,Other (67)
2021,Niagara,67,25.759430519156084,2017-2024,Other (67)
2021,Suffolk,67,98.93001542349955,2017-2024,Other (67)
2022,Monroe,67,2.76580699816264,2017-2024,Other (67)
2022,Nassau,67,6.98696518484906,2017-2024,Other (67)
2022,Niagara,67,25.759430519156084,2017-2024,Other (67)
2022,Orleans,67,7.07616861497035,2017-2024,Other (67)
2022,Suffolk,67,108.59700721508084,2017-2024,Other (67)
2023,Nassau,67,6.98696518484906,2017-2024,Other (67)
2023,Niagara,67,25.759430519156084,2017-2024,Other (67)
2023,Orleans,67,24.47978194529695,2017-2024,Other (67)
2023,Suffolk,67,108.59700721508084,2017-2024,Other (67)
2024,Dutchess,67,55.29937170664229,2017-2024,Other (67)
2024,Monroe,67,20.85122464841449,2017-2024,Other (67)
2024,Niagara,67,148.71573647295384,2017-2024,Other (67)
2024,Orange,67,54.909395425034425,2017-2024,Other (67)
2024,Orleans,67,145.6955764353018,2017-2024,Other (67)
2024,Rensselaer,67,6.48211497572719,2017-2024,Other (67)
2024,Suffolk,67,79.77130345765053,2017-2024,Other (67)
2024,Ulster,67,35.83167881238253,2017-2024,Other (67)
2024,Wayne,67,82.12998294992137,2017-2024,Other (67)
2008,Niagara,77,36.72928503895827,2008-2015,Other (77)
2008,Orleans,77,3.252489618026894,2008-2015,Other (77)
2009,Ulster,77,12.871224312623749,2008-2015,Other (77)
2012,Dutchess,77,7.455760021108514,2008-2015,Other (77)
2012,Westchester,77,3.191870163024497,2008-2015,Other (77)
2013,Orleans,77,6.75659086197183,2008-2015,Other (77)
2013,Ulster,77,5.759259068444513,2008-2015,Other (77)
2015,Oswego,77,9.68082440383563,2008-2015,Other (77)
2015,Ulster,77,5.582742270913292,2008-2015,Other (77)
2016,Dutchess,77,7.142813780113853,2016-Bridge,Other (77)
2017,Oswego,77,5.43986911826357,2017-2024,Other (77)
2017,Wayne,77,2.39577145122344,2017-2024,Other (77)
2018,Columbia,77,6.2691896778068195,2017-2024,Other (77)
2018,Oswego,77,5.43986911826357,2017-2024,Other (77)
2018,Wayne,77,2.39577145122344,2017-2024,Other (77)
2019,Columbia,77,6.2691896778068195,2017-2024,Other (77)
2019,Dutchess,77,22.20702309008544,2017-2024,Other (77)
2019,Oswego,77,5.43986911826357,2017-2024,Other (77)
2019,Wayne,77,2.39577145122344,2017-2024,Other (77)
2020,Columbia,77,6.2691896778068195,2017-2024,Other (77)
2020,Dutchess,77,18.7507927997673,2017-2024,Other (77)
2020,Oswego,77,5.43986911826357,2017-2024,Other (77)
2020,Ulster,77,15.135368062603389,2017-2024,Other (77)
2020,Wayne,77,15.6176699340733,2017-2024,Other (77)
2021,Oswego,77,5.43986911826357,2017-2024,Other (77)
2021,Rockland,77,3.58837985076357,2017-2024,Other (77)
2022,Columbia,77,3.12551710450916,2017-2024,Other (77)
2022,Dutchess,77,18.7507927997673,2017-2024,Other (77)
2022,Oswego,77,5.43986911826357,2017-2024,Other (77)
2022,Rockland,77,3.58837985076357,2017-2024,Other (77)
2022,Ulster,77,6.58379675026148,2017-2024,Other (77)
2022,Wayne,77,2.39577145122344,2017-2024,Other (77)
2023,Columbia,77,3.12551710450916,2017-2024,Other (77)
2023,Dutchess,77,24.836247427785,2017-2024,Other (77)
2023,Oswego,77,18.82944059896587,2017-2024,Other (77)
2023,Rockland,77,3.58837985076357,2017-2024,Other (77)
2023,Ulster,77,6.58379675026148,2017-2024,Other (77)
2023,Wayne,77,2.39577145122344,2017-2024,Other (77)
2024,Dutchess,77,41.84668524208274,2017-2024,Other (77)
2024,Niagara,77,38.07531719836642,2017-2024,Other (77)
2024,Orange,77,45.90956963533571,2017-2024,Other (77)
2024,Oswego,77,31.927165429805548,2017-2024,Other (77)
2024,Ulster,77,204.96888212116235,2017-2024,Other (77)
2024,Wayne,77,16.18656510954091,2017-2024,Other (77)
2008,Onondaga,221,4.692696579358256,2008-2015,Other (221)
2008,Ontario,221,32.581755393409146,2008-2015,Other (221)
2008,Steuben,221,2.662758440308192,2008-2015,Other (221)
2009,Clinton,221,15.747493499467268,2008-2015,Other (221)
2009,Steuben,221,3.3010813050196623,2008-2015,Other (221)
2009,Suffolk,221,166.68646364036795,2008-2015,Other (221)
2010,Cayuga,221,8.186097735515824,2008-2015,Other (221)
2010,Chemung,221,4.21962383994527,2008-2015,Other (221)
2010,Cortland,221,4.365037091034149,2008-2015,Other (221)
2010,Monroe,221,6.280950482091374,2008-2015,Other (221)
2010,Onondaga,221,3.6129130548352792,2008-2015,Other (221)
2010,Ontario,221,48.68915836029861,2008-2015,Other (221)
2010,Seneca,221,7.29034873469165,2008-2015,Other (221)
2010,Wayne,221,7.563533416201535,2008-2015,Other (221)
2011,Oneida,221,3.029959203113035,2008-2015,Other (221)
2012,Steuben,221,3.4846936760122897,2008-2015,Other (221)
2013,Jefferson,221,13.730050286414622,2008-2015,Other (221)
2013,Lewis,221,3.129673592515477,2008-2015,Other (221)
2013,Onondaga,221,9.947732507924991,2008-2015,Other (221)
2014,Onondaga,221,7.195037192872004,2008-2015,Other (221)
2014,Ontario,221,3.9720306785146824,2008-2015,Other (221)
2015,Jefferson,221,6.369361088300541,2008-2015,Other (221)
2015,Onondaga,221,3.4667527660665187,2008-2015,Other (221)
2015,Ontario,221,6.668265254315068,2008-2015,Other (221)
2016,Schoharie,221,4.3276942749266585,2016-Bridge,Other (221)
2017,Erie,221,5.53665531836413,2017-2024,Other (221)
2017,Greene,221,10.4408896233848,2017-2024,Other (221)
2017,Schoharie,221,11.50993120244873,2017-2024,Other (221)
2020,Niagara,221,6.42059908074538,2017-2024,Other (221)
2020,Oneida,221,2.83853209731516,2017-2024,Other (221)
2020,Richmond,221,4.81948468534757,2017-2024,Other (221)
2020,Suffolk,221,96.93347649104896,2017-2024,Other (221)
2022,Erie,221,37.9581749472824,2017-2024,Other (221)
2022,Otsego,221,4.79154899078093,2017-2024,Other (221)
2022,Schoharie,221,13.9657536606232,2017-2024,Other (221)
2024,Allegany,221,13.27517696717803,2017-2024,Other (221)
2024,Cayuga,221,4.36348251404475,2017-2024,Other (221)
2024,Erie,221,16.70050084170272,2017-2024,Other (221)
2024,Genesee,221,42.777845963494386,2017-2024,Other (221)
2024,Livingston,221,41.99770301964876,2017-2024,Other (221)
2024,Madison,221,18.359680747749408,2017-2024,Other (221)
2024,Monroe,221,10.1250392678786,2017-2024,Other (221)
2024,Oneida,221,4.50607165464409,2017-2024,Other (221)
2024,Onondaga,221,6.2517192449196,2017-2024,Other (221)
2024,Oswego,221,3.99994396561899,2017-2024,Other (221)
2024,Steuben,221,22.07998673409829,2017-2024,Other (221)
2024,Suffolk,221,14.31925620835549,2017-2024,Other (221)
2008,Orange,246,7.93287189670491,2008-2015,Other (246)
2014,Monroe,246,17.537187083268382,2008-2015,Other (246)
2015,Onondaga,246,3.607691890810368,2008-2015,Other (246)
2015,Orleans,246,25.41759644333879,2008-2015,Other (246)
2015,Steuben,246,3.1213213780934748,2008-2015,Other (246)
2015,Yates,246,25.789907357048687,2008-2015,Other (246)
2018,Yates,246,20.1849421316344,2017-2024,Other (246)
2024,Orange,246,37.35020536503172,2017-2024,Other (246)
2008,Otsego,31,23.259500719553714,2008-2015,Other (31)
2008,Suffolk,218,3.7819178803358966,2008-2015,Other (218)
2011,Suffolk,218,7.822243887959051,2008-2015,Other (218)
2012,Suffolk,218,173.559080697252,2008-2015,Other (218)
2013,Orange,218,9.54951060333194,2008-2015,Other (218)
2015,Orange,218,40.16693413046492,2008-2015,Other (218)
2009,Erie,55,41.93369257132895,2008-2015,Other (55)
2012,Monroe,55,3.8083644158771857,2008-2015,Other (55)
2013,Erie,55,32.58302229938377,2008-2015,Other (55)
2014,Cattaraugus,55,9.53829014075693,2008-2015,Other (55)
2014,Erie,55,91.33335366997153,2008-2015,Other (55)
2015,Cayuga,55,3.0384504185984267,2008-2015,Other (55)
2009,Erie,244,4.384620950693124,2008-2015,Other (244)
2009,Ontario,244,20.269507682484427,2008-2015,Other (244)
2013,Erie,244,22.514115521691213,2008-2015,Other (244)
2013,Niagara,244,5.822842040414877,2008-2015,Other (244)
2013,Ontario,244,2.9774606014587834,2008-2015,Other (244)
2014,Ontario,244,37.14956805915452,2008-2015,Other (244)
2014,Suffolk,244,12.104249347007297,2008-2015,Other (244)
2015,Ontario,244,5.990520981576234,2008-2015,Other (244)
2016,Monroe,244,3.5607455517688327,2016-Bridge,Other (244)
2016,Ontario,244,13.716731060700232,2016-Bridge,Other (244)
2018,Cayuga,244,16.0475850378304,2017-2024,Other (244)
2021,Erie,244,21.474445768299248,2017-2024,Other (244)
2022,Erie,244,106.79216004724921,2017-2024,Other (244)
2023,Erie,244,42.7167407185268,2017-2024,Other (244)
2024,Cattaraugus,244,3.32639867885031,2017-2024,Other (244)
2024,Erie,244,140.27330317574382,2017-2024,Other (244)
2024,Genesee,244,28.502973255438583,2017-2024,Other (244)
2024,Livingston,244,16.54386688568184,2017-2024,Other (244)
2024,Monroe,244,29.6401264398195,2017-2024,Other (244)
2024,Niagara,244,13.609754573846189,2017-2024,Other (244)
2024,Ontario,244,18.080688322218368,2017-2024,Other (244)
2024,Orleans,244,61.92397892999938,2017-2024,Other (244)
2024,Wyoming,244,17.08453294784903,2017-2024,Other (244)
2009,Franklin,57,3.944366390304482,2008-2015,Other (57)
2009,Orange,57,9.75986912100458,2008-2015,Other (57)
2010,Essex,57,5.087934070703005,2008-2015,Other (57)
2010,Franklin,57,39.847270025588585,2008-2015,Other (57)
2010,Orange,57,32.422566375643726,2008-2015,Other (57)
2011,Orange,57,20.732444763086917,2008-2015,Other (57)
2012,Orange,57,80.10503272969778,2008-2015,Other (57)
2013,Orange,57,25.042697972625575,2008-2015,Other (57)
2014,Orange,57,51.427757588773666,2008-2015,Other (57)
2016,Orange,57,15.934495109807632,2016-Bridge,Other (57)
2017,Franklin,57,66.10531024410528,2017-2024,Other (57)
2018,Orange,57,21.81911345313303,2017-2024,Other (57)
2019,Orange,57,210.02446709166588,2017-2024,Other (57)
2020,Orange,57,4.52198264311248,2017-2024,Other (57)
2021,Orange,57,20.82944325366776,2017-2024,Other (57)
2022,Franklin,57,811.947004763066,2017-2024,Other (57)
2022,Orange,57,38.581613485128116,2017-2024,Other (57)
2022,Oswego,57,13.1081466170269,2017-2024,Other (57)
2023,Orange,57,40.922825441673254,2017-2024,Other (57)
2024,Allegany,57,6.54138916306016,2017-2024,Other (57)
2024,Dutchess,57,3.60069593265312,2017-2024,Other (57)
2024,Livingston,57,5.82746978782435,2017-2024,Other (57)
2024,Monroe,57,23.53428716752994,2017-2024,Other (57)
2024,Orange,57,415.9972424440094,2017-2024,Other (57)
2009,Genesee,219,79.97314259756453,2008-2015,Other (219)
2015,Ulster,219,4.004327560370357,2008-2015,Other (219)
2016,Franklin,219,128.79168014020615,2016-Bridge,Other (219)
2017,Franklin,219,21.2360246618925,2017-2024,Other (219)
2017,Genesee,219,6.50101997743317,2017-2024,Other (219)
2017,Monroe,219,220.9340721726941,2017-2024,Other (219)
2017,Orleans,219,13.8669946395728,2017-2024,Other (219)
2017,Suffolk,219,24.78886269863282,2017-2024,Other (219)
2017,Wyoming,219,26.7366011700107,2017-2024,Other (219)
2018,Monroe,219,22.32532941880233,2017-2024,Other (219)
2018,Suffolk,219,24.253435753757827,2017-2024,Other (219)
2018,Wyoming,219,29.0943384816971,2017-2024,Other (219)
2019,Columbia,219,8.027907318119379,2017-2024,Other (219)
2019,Franklin,219,358.6288231280713,2017-2024,Other (219)
2019,Monroe,219,428.26121189831764,2017-2024,Other (219)
2019,Orange,219,13.5900853239727,2017-2024,Other (219)
2019,Wyoming,219,77.74852440777799,2017-2024,Other (219)
2020,Genesee,219,19.3863169287674,2017-2024,Other (219)
2020,Orleans,219,26.0862475665716,2017-2024,Other (219)
2020,Wyoming,219,58.0659277796407,2017-2024,Other (219)
2021,Genesee,219,63.3504649287539,2017-2024,Other (219)
2021,Ontario,219,7.99788636539748,2017-2024,Other (219)
2021,Orleans,219,69.46798142042715,2017-2024,Other (219)
2022,Ontario,219,6.81490662432907,2017-2024,Other (219)
2024,Franklin,219,270.2071587184216,2017-2024,Other (219)
2024,Ontario,219,140.2560540735246,2017-2024,Other (219)
2024,Orange,219,702.6977985547364,2017-2024,Other (219)
2024,Schuyler,219,2.67885436282446,2017-2024,Other (219)
2024,Yates,219,7.92752963149708,2017-2024,Other (219)
2009,Niagara,220,3.108183905381745,2008-2015,Other (220)
2009,Ontario,220,7.198580731111209,2008-2015,Other (220)
2011,Niagara,220,3.5479859280994983,2008-2015,Other (220)
2011,Ontario,220,7.198580731111209,2008-2015,Other (220)
2012,Ontario,220,7.198580731111209,2008-2015,Other (220)
2013,Ontario,220,5.738902914997058,2008-2015,Other (220)
2014,Ontario,220,16.921077809612715,2008-2015,Other (220)
2015,Ontario,220,7.198580731111209,2008-2015,Other (220)
2015,Ulster,220,18.09842114632705,2008-2015,Other (220)
2016,Ontario,220,8.67448625874848,2016-Bridge,Other (220)
2019,Orange,220,12.85563017291318,2017-2024,Other (220)
2021,Niagara,220,12.9497196981589,2017-2024,Other (220)
2022,Niagara,220,23.3802430343189,2017-2024,Other (220)
2023,Niagara,220,12.9497196981589,2017-2024,Other (220)
2024,Niagara,220,92.20881828071717,2017-2024,Other (220)
2024,Orange,220,41.1120009971473,2017-2024,Other (220)
2009,Orange,227,4.114497095151645,2008-2015,Other (227)
2010,Oswego,227,114.60789312429708,2008-2015,Other (227)
2012,Orange,227,10.977457242563645,2008-2015,Other (227)
2017,Monroe,227,13.3926414000177,2017-2024,Other (227)
2018,Monroe,227,256.16330160111085,2017-2024,Other (227)
2024,Onondaga,227,7.11541928808946,2017-2024,Other (227)
2024,Ontario,227,46.39309910861151,2017-2024,Other (227)
2024,Orange,227,30.12768276754256,2017-2024,Other (227)
2024,Orleans,227,343.3527489498637,2017-2024,Other (227)
2024,Seneca,227,11.60992549249318,2017-2024,Other (227)
2024,Tompkins,227,2.78637569844035,2017-2024,Other (227)
2024,Yates,227,7.0767720650171295,2017-2024,Other (227)
2010,Delaware,60,4.194904277050253,2008-2015,Other (60)
2010,Sullivan,60,2.6201505559688134,2008-2015,Other (60)
2012,Niagara,60,4.334697542081254,2008-2015,Other (60)
2024,Chautauqua,60,11.1530738616756,2017-2024,Other (60)
2010,Erie,214,26.880411956230866,2008-2015,Other (214)
2010,Orleans,214,5.473328446670275,2008-2015,Other (214)
2012,Cattaraugus,214,4.09844996045122,2008-2015,Other (214)
2012,Erie,214,46.042923922490246,2008-2015,Other (214)
2012,Monroe,214,3.53539047415461,2008-2015,Other (214)
2013,Erie,214,12.554592147118534,2008-2015,Other (214)
2013,Orleans,214,53.86819183554984,2008-2015,Other (214)
2014,Erie,214,46.21142505426685,2008-2015,Other (214)
2014,Monroe,214,5.424268467832279,2008-2015,Other (214)
2015,Erie,214,31.714093756790856,2008-2015,Other (214)
2016,Erie,214,73.63625975490605,2016-Bridge,Other (214)
2016,Genesee,214,7.446783220655211,2016-Bridge,Other (214)
2016,Orleans,214,9.014068128028384,2016-Bridge,Other (214)
2017,Erie,214,66.04918128011566,2017-2024,Other (214)
2018,Erie,214,109.13691466950053,2017-2024,Other (214)
2018,Orleans,214,561.4857317453695,2017-2024,Other (214)
2018,Wyoming,214,23.634674001062,2017-2024,Other (214)
2019,Cayuga,214,18.4102908778583,2017-2024,Other (214)
2019,Orleans,214,308.12171350091387,2017-2024,Other (214)
2020,Orleans,214,283.2146489500353,2017-2024,Other (214)
2021,Monroe,214,305.4431977393796,2017-2024,Other (214)
2021,Orleans,214,193.66068973611243,2017-2024,Other (214)
2022,Cayuga,214,7.67378999893847,2017-2024,Other (214)
2022,Orleans,214,257.22493718365706,2017-2024,Other (214)
2023,Orleans,214,413.1467646785739,2017-2024,Other (214)
2024,Genesee,214,90.64885107113638,2017-2024,Other (214)
2024,Livingston,214,16.1789309771008,2017-2024,Other (214)
2024,Niagara,214,6.83997179291228,2017-2024,Other (214)
2024,Orleans,214,559.1381713256719,2017-2024,Other (214)
2024,Rensselaer,214,87.9547708789619,2017-2024,Other (214)
2024,Washington,214,11.50076714035678,2017-2024,Other (214)
2010,Erie,250,2.6317271406427083,2008-2015,Other (250)
2011,Erie,250,5.062863726809975,2008-2015,Other (250)
2011,Monroe,250,3.8083644158771857,2008-2015,Other (250)
2010,Niagara,210,6.26699444032452,2008-2015,Other (210)
2011,Niagara,210,29.866505388432508,2008-2015,Other (210)
2011,Cayuga,26,7.3632312067056445,2008-2015,Other (26)
2012,Livingston,26,45.87390925406602,2008-2015,Other (26)
2012,Onondaga,26,22.36753086579519,2008-2015,Other (26)
2012,Seneca,26,27.64030698243745,2008-2015,Other (26)
2012,Wayne,26,25.817188170388967,2008-2015,Other (26)
2013,Columbia,26,11.939295234899893,2008-2015,Other (26)
2013,Ontario,26,47.986007612129164,2008-2015,Other (26)
2013,Orange,26,111.16063777460924,2008-2015,Other (26)
2013,Ulster,26,3.5768052018425873,2008-2015,Other (26)
2014,Cayuga,26,391.5159208624437,2008-2015,Other (26)
2014,Livingston,26,43.18966434824958,2008-2015,Other (26)
2014,Steuben,26,22.60362921384649,2008-2015,Other (26)
2016,Livingston,26,6.218918307529934,2016-Bridge,Other (26)
2016,Wyoming,26,8.66969141734429,2016-Bridge,Other (26)
2017,Dutchess,26,73.2379589942765,2017-2024,Other (26)
2020,Wayne,26,14.50175802999625,2017-2024,Other (26)
2021,Chautauqua,26,5.41509034584901,2017-2024,Other (26)
2021,Cortland,26,63.433429592852306,2017-2024,Other (26)
2021,Orleans,26,134.80420158388915,2017-2024,Other (26)
2022,Schuyler,26,9.84460458926615,2017-2024,Other (26)
2022,Seneca,26,44.262355354263,2017-2024,Other (26)
2024,Cayuga,26,63.207569326499424,2017-2024,Other (26)
2024,Columbia,26,57.3289962405688,2017-2024,Other (26)
2024,Genesee,26,42.0283494980049,2017-2024,Other (26)
2024,Monroe,26,129.98509418140122,2017-2024,Other (26)
2024,Niagara,26,16.8453334417661,2017-2024,Other (26)
2024,Ontario,26,69.8656955494262,2017-2024,Other (26)
2024,Orange,26,68.48009343519064,2017-2024,Other (26)
2024,Orleans,26,158.923379098584,2017-2024,Other (26)
2024,Otsego,26,38.50170539136527,2017-2024,Other (26)
2024,Rensselaer,26,56.883943981124105,2017-2024,Other (26)
2024,Saratoga,26,48.255268249220975,2017-2024,Other (26)
2024,Seneca,26,8.42920611579662,2017-2024,Other (26)
2024,Steuben,26,7.25252921069399,2017-2024,Other (26)
2024,Yates,26,3.69616963608515,2017-2024,Other (26)
2011,Columbia,224,132.9263296525359,2008-2015,Other (224)
2011,Dutchess,224,284.8096567953676,2008-2015,Other (224)
2011,Greene,224,84.14130704902598,2008-2015,Other (224)
2011,Rockland,224,5.433571535658572,2008-2015,Other (224)
2011,Ulster,224,67.6640232083076,2008-2015,Other (224)
2014,Cayuga,224,3.018613427944508,2008-2015,Other (224)
2015,Columbia,224,4.640476673988777,2008-2015,Other (224)
2015,Dutchess,224,25.416313402181363,2008-2015,Other (224)
2011,Erie,240,3.8283959542211843,2008-2015,Other (240)
2013,Oneida,240,3.242816583166137,2008-2015,Other (240)
2014,Madison,240,30.518441414319437,2008-2015,Other (240)
2016,Seneca,240,33.25669918863045,2016-Bridge,Other (240)
2021,Cayuga,240,43.879610008935,2017-2024,Other (240)
2023,Jefferson,240,3.06673535118187,2017-2024,Other (240)
2011,Madison,247,3.3215305319144903,2008-2015,Other (247)
2013,Onondaga,247,6.380149566304924,2008-2015,Other (247)
2013,Tompkins,247,16.70370331642641,2008-2015,Other (247)
2017,Monroe,247,13.8387839403563,2017-2024,Other (247)
2012,Cayuga,236,74.96962396967075,2008-2015,Other (236)
2012,Onondaga,236,26.440321530383102,2008-2015,Other (236)
2013,Yates,236,28.102712114585128,2008-2015,Other (236)
2021,Yates,236,62.41640269541994,2017-2024,Other (236)
2022,Seneca,236,41.7000731642427,2017-2024,Other (236)
2023,Steuben,236,9.45618532710324,2017-2024,Other (236)
2024,Cattaraugus,236,4.26070730002622,2017-2024,Other (236)
2024,Chautauqua,236,24.19459307537157,2017-2024,Other (236)
2012,Erie,226,13.258118450412942,2008-2015,Other (226)
2013,Oneida,226,16.625110250248007,2008-2015,Other (226)
2014,Madison,226,77.64607799923559,2008-2015,Other (226)
2015,Genesee,226,98.09901434487466,2008-2015,Other (226)
2016,Jefferson,226,4.5069468707069,2016-Bridge,Other (226)
2016,Washington,226,65.31762663858186,2016-Bridge,Other (226)
2017,Albany,226,39.93301550017023,2017-2024,Other (226)
2017,Genesee,226,93.9486809000139,2017-2024,Other (226)
2019,Tioga,226,4.29519230634548,2017-2024,Other (226)
2019,Tompkins,226,49.0407727330984,2017-2024,Other (226)
2024,Cayuga,226,22.396357167413157,2017-2024,Other (226)
2024,Erie,226,417.37994480513447,2017-2024,Other (226)
2013,Cayuga,254,4.205428635513099,2008-2015,Other (254)
2014,Yates,254,28.863462886849685,2008-2015,Other (254)
2015,Yates,254,3.7028896436276315,2008-2015,Other (254)
2019,Cattaraugus,254,16.7886830898917,2017-2024,Other (254)
2019,Lewis,254,86.19975898888897,2017-2024,Other (254)
2024,Genesee,254,110.13136225841603,2017-2024,Other (254)
2024,Tioga,254,4.58323759678943,2017-2024,Other (254)
2024,Wyoming,254,5.05016113416012,2017-2024,Other (254)
2013,Onondaga,237,20.282752608701767,2008-2015,Other (237)
2014,Madison,237,42.40184051843195,2008-2015,Other (237)
2016,Schuyler,237,16.9701523812005,2016-Bridge,Other (237)
2016,Seneca,237,4.373026164284554,2016-Bridge,Other (237)
2020,Cattaraugus,237,32.9003263685161,2017-2024,Other (237)
2021,Cattaraugus,237,43.25990050934283,2017-2024,Other (237)
2022,Cattaraugus,237,12.69932136667813,2017-2024,Other (237)
2024,Cattaraugus,237,53.5813882959158,2017-2024,Other (237)
2024,Chautauqua,237,61.05803906995574,2017-2024,Other (237)
2024,Columbia,237,27.18654244942061,2017-2024,Other (237)
2024,Washington,237,123.39643819503844,2017-2024,Other (237)
2013,Ontario,56,3.58384022806512,2008-2015,Other (56)
2014,Ontario,56,3.58384022806512,2008-2015,Other (56)
2016,Steuben,56,5.113360610960828,2016-Bridge,Other (56)
2017,Suffolk,56,30.91765663878426,2017-2024,Other (56)
2018,Suffolk,56,71.42253885460643,2017-2024,Other (56)
2019,Ontario,56,6.10880922677148,2017-2024,Other (56)
2020,Ontario,56,6.10880922677148,2017-2024,Other (56)
2021,Ontario,56,6.10880922677148,2017-2024,Other (56)
2022,Ontario,56,6.10880922677148,2017-2024,Other (56)
2024,Cayuga,56,3.04308165645704,2017-2024,Other (56)
2024,Ontario,56,4.10762210964674,2017-2024,Other (56)
2013,Orange,245,5.3321608946950105,2008-2015,Other (245)
2024,Dutchess,245,17.62015855232107,2017-2024,Other (245)
2024,Greene,245,11.40712313618187,2017-2024,Other (245)
2024,Ulster,245,7.98817281206102,2017-2024,Other (245)
2013,Oswego,241,64.89931999762382,2008-2015,Other (241)
2014,Chemung,241,23.51287325716494,2008-2015,Other (241)
2013,Suffolk,207,115.95552673065417,2008-2015,Other (207)
2014,Ontario,207,13.616250152052853,2008-2015,Other (207)
2014,Suffolk,207,180.73528815056372,2008-2015,Other (207)
2020,Orleans,207,20.8519841851389,2017-2024,Other (207)
2013,Tompkins,13,8.215326083060425,2008-2015,Other (13)
2021,Erie,13,41.6707028657804,2017-2024,Other (13)
2022,Erie,13,4.96125027801943,2017-2024,Other (13)
2024,Chautauqua,13,53.45837949980345,2017-2024,Other (13)
2024,Erie,13,49.28850832749324,2017-2024,Other (13)
2024,Niagara,13,6.50750974601511,2017-2024,Other (13)
2024,Putnam,13,5.69024895981365,2017-2024,Other (13)
2024,Rensselaer,13,15.58554377653839,2017-2024,Other (13)
2024,Seneca,13,4.16310358376949,2017-2024,Other (13)
2024,Suffolk,13,19.49598153305219,2017-2024,Other (13)
2024,Tompkins,13,2.48212600504999,2017-2024,Other (13)
2024,Washington,13,9.04988228809272,2017-2024,Other (13)
2024,Yates,13,26.803197747461972,2017-2024,Other (13)
2013,Tompkins,35,3.2593268360913097,2008-2015,Other (35)
2013,Yates,35,3.0489597501756047,2008-2015,Other (35)
2023,Orange,35,296.21598670439624,2017-2024,Other (35)
2014,Suffolk,48,56.997826528761394,2008-2015,Other (48)
2015,Monroe,48,4.03207793943655,2008-2015,Other (48)
2022,Orleans,48,19.3867650479836,2017-2024,Other (48)
2024,Erie,48,4.02800628519866,2017-2024,Other (48)
2014,Tompkins,32,3.2834599883994433,2008-2015,Other (32)
2014,Yates,32,3.859757346289764,2008-2015,Other (32)
2015,Jefferson,0,3.937435797773154,2008-2015,Other (0)
2016,Jefferson,0,3.6649624744890943,2016-Bridge,Other (0)
2015,Monroe,208,4.542466817449151,2008-2015,Other (208)
2015,Orleans,208,16.37643643039246,2008-2015,Other (208)
2024,Livingston,208,42.49389737176618,2017-2024,Other (208)
2024,Monroe,208,5.7977733594495,2017-2024,Other (208)
2024,Orleans,208,3.15818958930598,2017-2024,Other (208)
2024,Oswego,208,3.64934779041703,2017-2024,Other (208)
2019,Cayuga,228,108.5199468307344,2017-2024,Other (228)
2019,Erie,228,32.4084887080351,2017-2024,Other (228)
2019,Genesee,228,65.82805130609219,2017-2024,Other (228)
2019,Jefferson,228,171.63295812895637,2017-2024,Other (228)
2019,Livingston,228,43.33948086913489,2017-2024,Other (228)
2019,Madison,228,54.9959506275587,2017-2024,Other (228)
2019,Monroe,228,54.39626890537363,2017-2024,Other (228)
2019,Ontario,228,8.11866069443574,2017-2024,Other (228)
2019,Saratoga,228,69.28057796903511,2017-2024,Other (228)
2019,Wayne,228,263.6972482869654,2017-2024,Other (228)
2020,Cattaraugus,228,122.38531786228899,2017-2024,Other (228)
2020,Cayuga,228,282.9957864337602,2017-2024,Other (228)
2020,Cortland,228,232.92512159939656,2017-2024,Other (228)
2020,Genesee,228,193.95469230175246,2017-2024,Other (228)
2020,Monroe,228,60.366561244070894,2017-2024,Other (228)
2020,Ontario,228,195.4800910464198,2017-2024,Other (228)
2020,Orleans,228,36.1075456810873,2017-2024,Other (228)
2020,Saratoga,228,48.2576820493779,2017-2024,Other (228)
2020,Wayne,228,105.92140963111339,2017-2024,Other (228)
2020,Wyoming,228,462.53030877953154,2017-2024,Other (228)
2020,Yates,228,15.0556063009635,2017-2024,Other (228)
2021,Cattaraugus,228,16.2978948632245,2017-2024,Other (228)
2021,Cayuga,228,568.7293065071383,2017-2024,Other (228)
2021,Cortland,228,167.90549871170128,2017-2024,Other (228)
2021,Erie,228,210.20566849971226,2017-2024,Other (228)
2021,Genesee,228,427.31157944638807,2017-2024,Other (228)
2021,Jefferson,228,388.17216485635583,2017-2024,Other (228)
2021,Livingston,228,794.6405771773399,2017-2024,Other (228)
2021,Monroe,228,70.6721650711664,2017-2024,Other (228)
2021,Montgomery,228,86.4731797300989,2017-2024,Other (228)
2021,Oneida,228,25.3767023985909,2017-2024,Other (228)
2021,Onondaga,228,104.0925800231681,2017-2024,Other (228)
2021,Ontario,228,383.29715618544515,2017-2024,Other (228)
2021,Saratoga,228,364.0686971856569,2017-2024,Other (228)
2021,Schuyler,228,19.3152707972251,2017-2024,Other (228)
2021,Seneca,228,100.9084892294396,2017-2024,Other (228)
2021,Tompkins,228,97.08616157033102,2017-2024,Other (228)
2021,Washington,228,292.66872787077165,2017-2024,Other (228)
2021,Wayne,228,460.69421004220993,2017-2024,Other (228)
2021,Wyoming,228,755.6205384601146,2017-2024,Other (228)
2021,Yates,228,4.52183388228932,2017-2024,Other (228)
2022,Allegany,228,20.5681504695084,2017-2024,Other (228)
2022,Cattaraugus,228,41.09076407491087,2017-2024,Other (228)
2022,Cayuga,228,297.4143926248624,2017-2024,Other (228)
2022,Genesee,228,1048.5940894157104,2017-2024,Other (228)
2022,Jefferson,228,531.2522546739747,2017-2024,Other (228)
2022,Livingston,228,760.0680452888836,2017-2024,Other (228)
2022,Monroe,228,323.15890358405284,2017-2024,Other (228)
2022,Onondaga,228,109.48599074276632,2017-2024,Other (228)
2022,Ontario,228,300.15696946496536,2017-2024,Other (228)
2022,Saratoga,228,296.346351114037,2017-2024,Other (228)
2022,Schuyler,228,178.90138421138033,2017-2024,Other (228)
2022,Tompkins,228,11.9828819633946,2017-2024,Other (228)
2022,Wayne,228,240.91284424196104,2017-2024,Other (228)
2022,Wyoming,228,1589.2054115284955,2017-2024,Other (228)
2022,Yates,228,26.8228513820922,2017-2024,Other (228)
2023,Allegany,228,732.4933892025681,2017-2024,Other (228)
2023,Broome,228,62.54345268898573,2017-2024,Other (228)
2023,Cattaraugus,228,326.04642289325244,2017-2024,Other (228)
2023,Cayuga,228,147.95008439002913,2017-2024,Other (228)
2023,Chemung,228,5.0891296752095,2017-2024,Other (228)
2023,Chenango,228,17.3797467354949,2017-2024,Other (228)
2023,Cortland,228,196.04242724893555,2017-2024,Other (228)
2023,Delaware,228,15.7390293731392,2017-2024,Other (228)
2023,Erie,228,19.45976128687309,2017-2024,Other (228)
2023,Genesee,228,852.7260950263728,2017-2024,Other (228)
2023,Jefferson,228,136.42652039501388,2017-2024,Other (228)
2023,Livingston,228,391.62116334997023,2017-2024,Other (228)
2023,Monroe,228,464.835686836542,2017-2024,Other (228)
2023,Montgomery,228,27.10774817658016,2017-2024,Other (228)
2023,Onondaga,228,174.32873520223828,2017-2024,Other (228)
2023,Ontario,228,595.2013048788057,2017-2024,Other (228)
2023,Orange,228,42.51920138717812,2017-2024,Other (228)
2023,Saratoga,228,37.46788400757127,2017-2024,Other (228)
2023,Schuyler,228,53.23143605972719,2017-2024,Other (228)
2023,Seneca,228,138.3701784885947,2017-2024,Other (228)
2023,Steuben,228,398.91404366212515,2017-2024,Other (228)
2023,Tioga,228,6.25677844646139,2017-2024,Other (228)
2023,Tompkins,228,86.97448464440585,2017-2024,Other (228)
2023,Washington,228,248.91295417327373,2017-2024,Other (228)
2023,Wayne,228,1348.1966143079553,2017-2024,Other (228)
2023,Wyoming,228,663.9301164032437,2017-2024,Other (228)
2023,Yates,228,51.3001318224805,2017-2024,Other (228)
2024,Albany,228,3.60965063943061,2017-2024,Other (228)
2024,Allegany,228,5.65105289912202,2017-2024,Other (228)
2024,Broome,228,664.3316286736165,2017-2024,Other (228)
2024,Cattaraugus,228,718.7110581428354,2017-2024,Other (228)
2024,Cayuga,228,1374.5988183181055,2017-2024,Other (228)
2024,Chautauqua,228,390.96085120108614,2017-2024,Other (228)
2024,Chemung,228,80.42931447264488,2017-2024,Other (228)
2024,Chenango,228,41.20675023407275,2017-2024,Other (228)
2024,Columbia,228,57.9951536254885,2017-2024,Other (228)
2024,Cortland,228,435.95201948198445,2017-2024,Other (228)
2024,Delaware,228,7.23530577081725,2017-2024,Other (228)
2024,Erie,228,3.10265289491557,2017-2024,Other (228)
2024,Genesee,228,1109.7581684115135,2017-2024,Other (228)
2024,Herkimer,228,187.37498454187133,2017-2024,Other (228)
2024,Jefferson,228,612.5855337648517,2017-2024,Other (228)
2024,Livingston,228,822.5363723333736,2017-2024,Other (228)
2024,Madison,228,195.22233100293576,2017-2024,Other (228)
2024,Monroe,228,476.31030593148705,2017-2024,Other (228)
2024,Montgomery,228,461.9683882387008,2017-2024,Other (228)
2024,Niagara,228,332.7417110426698,2017-2024,Other (228)
2024,Oneida,228,30.068546153930683,2017-2024,Other (228)
2024,Onondaga,228,564.8066195018239,2017-2024,Other (228)
2024,Ontario,228,2029.8351931735904,2017-2024,Other (228)
2024,Orange,228,553.7351635308069,2017-2024,Other (228)
2024,Orleans,228,82.36308913715216,2017-2024,Other (228)
2024,Otsego,228,60.608799547935305,2017-2024,Other (228)
2024,Rensselaer,228,279.87567750414473,2017-2024,Other (228)
2024,Saratoga,228,730.2381535147156,2017-2024,Other (228)
2024,Schoharie,228,16.75469629659854,2017-2024,Other (228)
2024,Schuyler,228,726.1827275724714,2017-2024,Other (228)
2024,Seneca,228,330.1456249902787,2017-2024,Other (228)
2024,Steuben,228,402.98700293608846,2017-2024,Other (228)
2024,Tioga,228,304.51125639304394,2017-2024,Other (228)
2024,Tompkins,228,270.2669017572457,2017-2024,Other (228)
2024,Washington,228,949.9570012260738,2017-2024,Other (228)
2024,Wayne,228,1540.9581209334597,2017-2024,Other (228)
2024,Wyoming,228,773.4289413551836,2017-2024,Other (228)
2024,Yates,228,600.6168833323777,2017-2024,Other (228)
2020,Franklin,22,9.90442787192839,2017-2024,Other (22)
2020,St. Lawrence,22,8.24351009118625,2017-2024,Other (22)
2022,Ulster,248,2.87744362471317,2017-2024,Other (248)
2024,Orange,248,23.07174299711535,2017-2024,Other (248)
2022,Yates,52,11.4168871989304,2017-2024,Other (52)
2024,Columbia,11,37.49800398028984,2017-2024,Other (11)
2024,Rensselaer,11,26.96531165465925,2017-2024,Other (11)
2024,Columbia,249,5.28813844889341,2017-2024,Other (249)
2024,Ontario,249,6.02716278060533,2017-2024,Other (249)
2024,Rensselaer,249,4.06657490109262,2017-2024,Other (249)
2024,Yates,249,9.45531621775838,2017-2024,Other (249)
2024,Dutchess,46,6.01518661639345,2017-2024,Other (46)
2024,Herkimer,3,5.1944949046213,2017-2024,Other (3)
2024,Madison,3,3.62127576049288,2017-2024,Other (3)
2024,Saratoga,76,6.11214140235646,2017-2024,Other (76)
